Time;PosX;PosY;PosZ;VelX;VelY;VelZ;AngVelX;AngVelY;AngVelZ;LateralDeviation;Distance;Leg0_Coxa_Torque;Leg0_Femur_Torque;Leg0_Tibia_Torque;Leg1_Coxa_Torque;Leg1_Femur_Torque;Leg1_Tibia_Torque;Leg2_Coxa_Torque;Leg2_Femur_Torque;Leg2_Tibia_Torque;Leg3_Coxa_Torque;Leg3_Femur_Torque;Leg3_Tibia_Torque;Leg4_Coxa_Torque;Leg4_Femur_Torque;Leg4_Tibia_Torque;Leg5_Coxa_Torque;Leg5_Femur_Torque;Leg5_Tibia_Torque
0,00;-0,040;3,428;0,418;0,004;-0,087;-0,093;-0,057;-0,072;-0,061;0,887;12,372;-256006,400;-26035,190;-914837,000;-10,264;-30178,640;-935793,400;266980,600;-26666,120;-920443,400;266785,700;28827,900;919043,300;-22,396;30678,740;934381,600;-256144,300;25788,050;915512,900
0,02;-0,041;3,420;0,417;-0,010;-0,398;-0,067;-0,100;-0,058;-0,198;0,887;12,372;-255817,800;-27135,820;-912191,400;2,295;-31212,370;-933603,700;266823,800;-27807,520;-918151,400;266528,900;31948,100;916063,800;-15,863;31702,660;931538,700;-256056,600;26597,340;913484,300
0,04;-0,044;3,508;0,408;-0,139;1,225;-0,174;-0,063;-0,067;0,240;0,887;12,372;-253989,600;-27267,550;-901713,400;-6,655;-31817,820;-923023,800;265329,800;-28669,430;-907978,000;264106,800;26243,540;906172,300;-16,603;31038,920;921915,800;-254850,600;27165,880;902956,300
0,06;-0,037;3,540;0,399;0,315;0,420;-0,174;0,358;0,104;0,390;0,887;12,372;-252155,100;-24936,760;-899901,100;42,106;-29614,040;-920267,800;264197,800;-26272,820;-905589,600;262464,600;25317,300;904427,600;-2,555;29696,340;919831,200;-253796,500;26138,410;899874,300
0,08;-0,030;3,536;0,405;0,320;-0,227;0,288;0,055;0,064;0,325;0,887;12,372;-251619,600;-24268,490;-899630,800;-29,126;-28691,060;-919797,700;263250,800;-25565,860;-904668,900;262329,200;25231,440;904532,600;37,965;28818,260;919873,400;-252929,500;25290,160;899576,200
0,10;-0,030;3,536;0,405;0,320;-0,227;0,288;0,055;0,064;0,325;0,887;12,372;-251619,400;-24268,470;-899631,000;-29,252;-28691,060;-919797,700;263250,900;-25565,840;-904668,800;262329,300;25231,410;904532,400;37,843;28818,260;919873,400;-252929,300;25290,150;899576,300
0,12;-0,030;3,536;0,405;0,320;-0,227;0,288;0,055;0,064;0,325;0,887;12,372;-251619,400;-24268,470;-899631,000;-29,275;-28691,060;-919797,700;263250,900;-25565,840;-904668,800;262329,300;25231,410;904532,400;37,721;28818,260;919873,400;-252929,300;25290,150;899576,300
0,14;-0,030;3,536;0,405;0,320;-0,227;0,288;0,055;0,064;0,325;0,887;12,372;-251619,400;-24268,470;-899631,000;-29,298;-28691,060;-919797,700;263251,000;-25565,840;-904668,800;262329,300;25231,410;904532,400;37,721;28818,260;919873,400;-252929,200;25290,150;899576,300
0,16;-0,025;3,519;0,416;0,205;-0,889;0,555;-0,012;0,180;0,298;0,887;12,372;-251246,800;-23682,470;-899683,100;-24,711;-27789,930;-919879,600;262405,700;-24984,780;-904506,000;262344,500;26101,430;904659,600;63,505;28219,600;919963,900;-251827,300;24763,220;899645,600
0,18;-0,023;3,488;0,425;0,077;-1,563;0,459;-0,075;0,128;0,140;0,887;12,372;-251071,200;-23498,130;-899764,000;-12,197;-27274,480;-919989,800;261771,700;-24744,050;-904594,200;262288,600;26190,230;904705,100;20,731;27844,370;920026,600;-251071,000;24614,800;899742,900
0,20;-0,023;3,488;0,425;0,077;-1,563;0,459;-0,075;0,128;0,140;0,887;12,372;-251071,200;-23498,130;-899764,000;-12,221;-27274,480;-919989,800;261771,700;-24744,050;-904594,200;262288,600;26190,230;904705,100;20,731;27844,370;920026,600;-251071,000;24614,800;899742,900
0,22;-0,023;3,488;0,425;0,077;-1,563;0,459;-0,075;0,128;0,140;0,887;12,372;-251071,100;-23498,130;-899764,000;-12,260;-27274,480;-919989,800;261771,800;-24743,980;-904594,200;262288,600;26190,230;904705,100;20,608;27844,370;920026,600;-251071,000;24614,870;899742,900
0,24;-0,025;3,445;0,434;-0,060;-2,190;0,421;-0,141;0,098;-0,034;0,887;12,372;-251080,200;-23715,720;-899789,000;-7,143;-27195,960;-920030,900;261315,300;-24923,850;-904675,800;262315,300;26186,620;904714,800;-2,991;27664,660;920041,000;-250463,400;24763,950;899786,100
0,26;-0,029;3,389;0,443;-0,200;-2,778;0,398;-0,213;0,048;-0,204;0,887;12,372;-251279,300;-24274,910;-899793,600;-9,901;-27495,700;-920036,900;261012,200;-25478,620;-904697,800;262334,000;26185,260;904715,300;-13,820;27662,810;920041,300;-249976,400;25158,690;899793,400
0,28;-0,029;3,389;0,443;-0,200;-2,778;0,398;-0,213;0,048;-0,204;0,887;12,372;-251279,300;-24274,910;-899793,600;-9,917;-27495,700;-920036,900;261012,200;-25478,620;-904697,800;262334,000;26185,260;904715,300;-13,820;27662,810;920041,300;-249976,400;25158,690;899793,400
0,30;-0,029;3,389;0,443;-0,200;-2,778;0,398;-0,213;0,048;-0,204;0,887;12,372;-251279,300;-24274,910;-899793,600;-9,937;-27495,700;-920036,900;261012,200;-25478,620;-904697,800;262334,000;26185,260;904715,300;-13,820;27662,810;920041,300;-249976,400;25158,690;899793,400
0,32;-0,038;3,325;0,450;-0,335;-3,226;0,323;-0,093;0,028;-0,435;0,887;12,372;-251527,100;-25185,130;-899794,200;7,947;-28169,390;-920034,400;260928,400;-26123,960;-904705,400;262336,800;26173,690;904715,500;-27,137;27785,250;920040,900;-249634,400;25389,780;899802,400
0,34;-0,038;3,325;0,450;-0,335;-3,226;0,323;-0,093;0,028;-0,435;0,887;12,372;-251527,000;-25185,060;-899794,300;7,843;-28169,390;-920034,400;260928,400;-26123,960;-904705,400;262336,900;26173,690;904715,500;-27,259;27785,250;920040,900;-249634,400;25389,850;899802,400
0,36;-0,038;3,325;0,450;-0,335;-3,226;0,323;-0,093;0,028;-0,435;0,887;12,372;-251527,000;-25185,060;-899794,300;7,828;-28169,390;-920034,400;260928,400;-26123,960;-904705,400;262336,900;26173,690;904715,500;-27,381;27785,250;920040,900;-249634,400;25389,850;899802,400
0,38;-0,038;3,325;0,450;-0,335;-3,226;0,323;-0,093;0,028;-0,435;0,887;12,372;-251527,000;-25185,060;-899794,300;7,812;-28169,390;-920034,400;260928,500;-26123,960;-904705,400;262336,900;26173,730;904715,400;-27,381;27785,250;920040,900;-249634,300;25389,770;899802,400
0,40;-0,043;3,258;0,454;-0,236;-3,346;0,199;-0,035;0,027;-0,255;0,887;12,372;-251600,000;-25618,690;-899845,700;17,457;-28925,070;-920040,600;260913,800;-26350,210;-904749,900;262377,900;26235,190;904725,100;-28,665;28220,510;920045,800;-249482,900;25450,000;899828,900
0,42;-0,043;3,258;0,454;-0,236;-3,346;0,199;-0,035;0,027;-0,255;0,887;12,372;-251600,000;-25618,690;-899845,700;17,442;-28925,070;-920040,600;260913,800;-26350,210;-904749,900;262377,900;26235,190;904725,100;-28,665;28220,510;920045,800;-249482,900;25450,000;899828,900
0,44;-0,045;3,189;0,455;-0,111;-3,469;0,072;-0,013;0,017;-0,034;0,887;12,372;-251625,400;-25572,680;-899873,800;15,549;-29590,490;-920055,400;260958,300;-26305,780;-904756,600;262397,600;26246,300;904734,800;-26,149;29008,650;920044,100;-249492,100;25449,740;899835,500
0,46;-0,045;3,189;0,455;-0,111;-3,469;0,072;-0,013;0,017;-0,034;0,887;12,372;-251625,300;-25572,750;-899873,800;15,454;-29590,490;-920055,400;260958,400;-26305,710;-904756,600;262397,700;26246,230;904734,800;-26,272;29008,650;920044,100;-249492,000;25449,880;899835,500
0,48;-0,045;3,189;0,455;-0,111;-3,469;0,072;-0,013;0,017;-0,034;0,887;12,372;-251625,300;-25572,750;-899873,800;15,440;-29590,490;-920055,400;260958,400;-26305,710;-904756,600;262397,700;26246,230;904734,800;-26,272;29008,650;920044,100;-249492,000;25449,880;899835,500
0,50;-0,045;3,189;0,455;-0,111;-3,469;0,072;-0,013;0,017;-0,034;0,887;12,372;-251625,300;-25572,750;-899873,800;15,422;-29590,490;-920055,400;260958,400;-26305,710;-904756,600;262397,700;26246,230;904734,800;-26,272;29008,650;920044,100;-249492,000;25449,880;899835,500
0,52;-0,045;3,189;0,455;-0,111;-3,469;0,072;-0,013;0,017;-0,034;0,887;12,372;-251625,300;-25572,750;-899873,800;15,400;-29590,490;-920055,400;260958,500;-26305,710;-904756,600;262397,700;26246,240;904734,700;-26,272;29008,650;920044,100;-249492,000;25449,880;899835,500
0,54;-0,046;3,119;0,454;-0,040;-3,497;-0,060;0,014;0,015;0,111;0,887;12,372;-251635,500;-25448,660;-899845,300;15,820;-29838,590;-920101,000;261107,500;-26216,760;-904737,400;262401,800;26236,830;904733,700;-25,812;29696,890;920061,600;-249625,100;25409,590;899827,300
0,56;-0,046;3,048;0,450;-0,040;-3,542;-0,187;0,031;0,032;0,093;0,887;12,372;-251641,100;-25381,420;-899818,000;18,051;-29817,920;-920113,600;261403,300;-26174,780;-904720,600;262401,600;26205,340;904724,900;-21,013;29975,290;920109,400;-249844,300;25362,790;899811,300
0,58;-0,046;3,048;0,450;-0,040;-3,542;-0,187;0,031;0,032;0,093;0,887;12,372;-251641,100;-25381,420;-899818,000;18,039;-29817,920;-920113,600;261403,300;-26174,780;-904720,600;262401,600;26205,340;904724,900;-21,013;29975,290;920109,400;-249844,300;25362,790;899811,300
0,60;-0,046;3,048;0,450;-0,040;-3,542;-0,187;0,031;0,032;0,093;0,887;12,372;-251641,100;-25381,420;-899818,000;18,029;-29817,920;-920113,600;261403,300;-26174,780;-904720,600;262401,600;26205,340;904724,900;-21,013;29975,290;920109,400;-249844,300;25362,790;899811,300
0,62;-0,046;3,048;0,450;-0,040;-3,542;-0,187;0,031;0,032;0,093;0,887;12,372;-251641,000;-25381,420;-899818,000;18,014;-29817,920;-920113,600;261403,400;-26174,780;-904720,600;262401,700;26205,340;904724,900;-21,013;29975,290;920109,400;-249844,300;25362,790;899811,300
0,64;-0,046;3,048;0,450;-0,040;-3,542;-0,187;0,031;0,032;0,093;0,887;12,372;-251641,000;-25381,420;-899818,000;18,002;-29817,920;-920113,600;261403,400;-26174,780;-904720,600;262401,700;26205,340;904724,900;-21,013;29975,290;920109,400;-249844,300;25362,790;899811,300
0,66;-0,047;2,976;0,444;-0,055;-3,636;-0,317;0,047;0,049;0,030;0,887;12,372;-251643,300;-25364,130;-899809,900;19,350;-29747,490;-920090,900;261837,600;-26176,240;-904714,100;262400,900;26189,770;904718,600;-17,094;29948,260;920121,900;-250163,300;25336,650;899803,000
0,68;-0,047;2,976;0,444;-0,055;-3,636;-0,317;0,047;0,049;0,030;0,887;12,372;-251643,200;-25364,080;-899810,100;19,257;-29747,490;-920090,900;261837,700;-26176,170;-904714,100;262400,900;26189,700;904718,600;-17,216;29948,260;920121,900;-250163,200;25336,600;899803,100
0,70;-0,047;2,976;0,444;-0,055;-3,636;-0,317;0,047;0,049;0,030;0,887;12,372;-251643,200;-25364,080;-899810,100;19,247;-29747,490;-920090,900;261837,700;-26176,170;-904714,100;262400,900;26189,700;904718,600;-17,216;29948,260;920121,900;-250163,200;25336,600;899803,100
0,72;-0,048;2,900;0,435;-0,043;-3,773;-0,440;0,065;0,032;-0,020;0,887;12,372;-251647,300;-25368,820;-899809,000;15,088;-29692,640;-920065,900;262332,900;-26188,590;-904715,400;262397,700;26187,410;904717,900;-19,878;29782,670;920101,300;-250611,700;25332,450;899808,300
0,74;-0,048;2,900;0,435;-0,043;-3,773;-0,440;0,065;0,032;-0,020;0,887;12,372;-251647,300;-25368,820;-899809,000;15,075;-29692,640;-920065,900;262332,900;-26188,590;-904715,400;262397,700;26187,410;904717,900;-19,878;29782,670;920101,300;-250611,700;25332,450;899808,300
0,76;-0,048;2,900;0,435;-0,043;-3,773;-0,440;0,065;0,032;-0,020;0,887;12,372;-251647,300;-25368,820;-899809,000;15,062;-29692,640;-920065,900;262332,900;-26188,590;-904715,400;262397,700;26187,410;904717,900;-19,878;29782,670;920101,300;-250611,700;25332,450;899808,300
0,78;-0,046;2,821;0,425;0,088;-3,960;-0,458;0,061;-0,146;0,021;0,887;12,372;-251679,100;-25363,650;-899806,300;-23,279;-29651,960;-920048,600;262506,800;-26192,720;-904717,700;262382,600;26197,340;904720,000;-38,613;29678,960;920069,600;-251276,900;25364,120;899811,800
0,80;-0,046;2,821;0,425;0,088;-3,960;-0,458;0,061;-0,146;0,021;0,887;12,372;-251679,000;-25363,720;-899806,300;-23,356;-29651,960;-920048,600;262506,800;-26192,650;-904717,700;262382,600;26197,270;904720,000;-38,735;29678,960;920069,600;-251276,800;25364,190;899811,800
0,82;-0,046;2,821;0,425;0,088;-3,960;-0,458;0,061;-0,146;0,021;0,887;12,372;-251679,000;-25363,720;-899806,300;-23,365;-29651,960;-920048,600;262506,800;-26192,650;-904717,700;262382,600;26197,270;904720,000;-38,735;29678,960;920069,600;-251276,800;25364,190;899811,800
0,84;-0,046;2,821;0,425;0,088;-3,960;-0,458;0,061;-0,146;0,021;0,887;12,372;-251679,000;-25363,720;-899806,300;-23,378;-29651,960;-920048,600;262506,800;-26192,650;-904717,700;262382,600;26197,270;904720,000;-38,735;29678,960;920069,600;-251276,800;25364,190;899811,800
0,86;-0,044;2,738;0,418;0,107;-4,154;-0,351;0,040;-0,146;0,021;0,887;12,372;-251671,700;-25358,900;-899806,200;-29,670;-29643,900;-920050,000;262536,500;-26202,530;-904721,100;262422,100;26186,620;904718,400;-10,607;29644,380;920048,900;-251701,400;25389,640;899818,100
0,88;-0,044;2,738;0,418;0,107;-4,154;-0,351;0,040;-0,146;0,021;0,887;12,372;-251671,700;-25358,900;-899806,200;-29,685;-29643,900;-920050,000;262536,500;-26202,530;-904721,100;262422,100;26186,620;904718,400;-10,729;29644,380;920048,900;-251701,400;25389,640;899818,100
0,90;-0,042;2,651;0,414;0,077;-4,343;-0,224;0,020;-0,099;0,018;0,887;12,372;-251661,800;-25360,350;-899806,800;-21,267;-29654,790;-920053,800;262513,000;-26209,950;-904725,600;262443,100;26186,710;904717,800;19,485;29638,240;920048,800;-251882,400;25393,330;899819,400
0,92;-0,042;2,651;0,414;0,077;-4,343;-0,224;0,020;-0,099;0,018;0,887;12,372;-251661,700;-25360,280;-899806,900;-21,341;-29654,790;-920053,800;262513,100;-26209,950;-904725,600;262443,100;26186,720;904717,600;19,485;29638,240;920048,800;-251882,400;25393,250;899819,600
0,94;-0,042;2,651;0,414;0,077;-4,343;-0,224;0,020;-0,099;0,018;0,887;12,372;-251661,700;-25360,280;-899806,900;-21,350;-29654,790;-920053,800;262513,100;-26209,950;-904725,600;262443,100;26186,720;904717,600;19,363;29638,240;920048,800;-251882,400;25393,250;899819,600
0,96;-0,042;2,651;0,414;0,077;-4,343;-0,224;0,020;-0,099;0,018;0,887;12,372;-251661,700;-25360,280;-899806,900;-21,358;-29654,790;-920053,800;262513,100;-26209,950;-904725,600;262443,100;26186,720;904717,600;19,363;29638,240;920048,800;-251882,400;25393,250;899819,600
0,98;-0,042;2,651;0,414;0,077;-4,343;-0,224;0,020;-0,099;0,018;0,887;12,372;-251661,700;-25360,350;-899806,900;-21,372;-29654,790;-920053,800;262513,200;-26209,960;-904725,500;262443,200;26186,720;904717,600;19,363;29638,240;920048,800;-251882,300;25393,320;899819,600
1,00;-0,041;2,561;0,411;0,039;-4,524;-0,122;0,004;-0,049;0,015;0,887;12,372;-251655,200;-25362,790;-899807,900;-11,386;-29662,570;-920055,900;262477,900;-26209,880;-904726,600;262446,400;26188,520;904717,800;31,454;29646,220;920052,700;-251915,900;25384,740;899815,400
1,02;-0,042;2,467;0,411;-0,006;-4,703;-0,029;-0,015;0,012;0,008;0,887;12,372;-251650,300;-25363,610;-899808,500;-3,377;-29665,810;-920057,400;262452,000;-26208,830;-904725,600;262448,500;26187,940;904717,900;34,717;29653,970;920054,300;-251808,700;25375,200;899810,600
1,04;-0,042;2,467;0,411;-0,006;-4,703;-0,029;-0,015;0,012;0,008;0,887;12,372;-251650,200;-25363,490;-899808,700;-3,454;-29665,810;-920057,400;262452,000;-26208,760;-904725,600;262448,500;26187,980;904717,800;34,595;29653,970;920054,300;-251808,700;25375,080;899810,800
1,06;-0,042;2,467;0,411;-0,006;-4,703;-0,029;-0,015;0,012;0,008;0,887;12,372;-251650,200;-25363,490;-899808,700;-3,469;-29665,810;-920057,400;262452,000;-26208,760;-904725,600;262448,500;26187,980;904717,800;34,595;29653,970;920054,300;-251808,700;25375,080;899810,800
1,08;-0,042;2,369;0,411;-0,027;-4,881;0,003;-0,020;0,029;0,007;0,887;12,372;-251650,700;-25364,900;-899809,200;-1,188;-29664,230;-920057,500;262432,700;-26202,930;-904722,600;262435,100;26190,720;904718,100;20,690;29658,690;920055,100;-251705,700;25368,250;899808,600
1,10;-0,043;2,268;0,411;-0,029;-5,061;0,000;-0,021;0,025;0,009;0,887;12,372;-251651,800;-25366,610;-899809,700;-1,306;-29660,620;-920056,600;262422,100;-26195,380;-904718,900;262424,600;26192,870;904718,700;3,508;29660,750;920055,900;-251656,400;25365,250;899808,400
1,12;-0,043;2,268;0,411;-0,029;-5,061;0,000;-0,021;0,025;0,009;0,887;12,372;-251651,700;-25366,610;-899809,700;-1,373;-29660,620;-920056,600;262422,100;-26195,380;-904718,900;262424,600;26192,870;904718,700;3,386;29660,750;920055,900;-251656,400;25365,250;899808,400
1,14;-0,043;2,268;0,411;-0,029;-5,061;0,000;-0,021;0,025;0,009;0,887;12,372;-251651,700;-25366,610;-899809,700;-1,384;-29660,620;-920056,600;262422,100;-26195,380;-904718,900;262424,600;26192,870;904718,700;3,386;29660,750;920055,900;-251656,400;25365,250;899808,400
1,16;-0,044;2,055;0,411;-0,022;-5,420;-0,016;-0,022;0,019;0,008;0,887;12,372;-251651,700;-25367,040;-899810,300;-2,124;-29657,820;-920055,900;262419,700;-26190,950;-904717,900;262421,700;26193,000;904719,300;-8,415;29660,040;920056,400;-251639,600;25366,170;899809,300
1,18;-0,044;2,055;0,411;-0,022;-5,420;-0,016;-0,022;0,019;0,008;0,887;12,372;-251651,700;-25367,040;-899810,300;-2,193;-29657,820;-920055,900;262419,700;-26190,950;-904717,900;262421,700;26193,000;904719,300;-8,537;29660,040;920056,400;-251639,500;25366,240;899809,300
1,20;-0,044;2,055;0,411;-0,022;-5,420;-0,016;-0,022;0,019;0,008;0,887;12,372;-251651,600;-25367,110;-899810,300;-2,209;-29657,820;-920055,900;262419,800;-26190,880;-904717,900;262421,700;26192,930;904719,300;-8,537;29660,040;920056,400;-251639,500;25366,240;899809,300
1,22;-0,043;1,951;0,412;0,037;-5,210;0,106;0,267;0,017;-0,125;0,887;12,372;-251650,900;-25394,350;-899811,500;-0,098;-29660,770;-920061,900;262427,700;-26253,920;-904706,900;262413,400;26195,810;904720,100;-14,087;29687,240;920045,300;-251646,900;25410,970;899811,300
1,24;-0,043;1,951;0,412;0,037;-5,210;0,106;0,267;0,017;-0,125;0,887;12,372;-251650,800;-25394,340;-899811,600;-0,148;-29660,770;-920061,900;262427,800;-26253,920;-904706,900;262413,600;26195,820;904720,000;-14,087;29687,240;920045,300;-251646,900;25410,970;899811,400
1,26;-0,041;1,909;0,420;0,096;-2,130;0,464;0,395;0,031;0,029;0,887;12,372;-251638,800;-25463,870;-899823,700;66,833;-29957,800;-919747,400;262489,800;-26380,450;-904540,200;262445,500;26076,020;904791,700;-56,739;30088,050;919665,000;-251709,400;25588,040;899613,100
1,28;-0,041;1,909;0,420;0,096;-2,130;0,464;0,395;0,031;0,029;0,887;12,372;-251638,800;-25463,870;-899823,700;66,821;-29957,800;-919747,400;262489,800;-26380,450;-904540,200;262445,500;26076,020;904791,700;-56,739;30088,050;919665,000;-251709,400;25588,040;899613,100
1,30;-0,039;1,908;0,435;0,110;-0,119;0,777;0,301;-0,036;0,030;0,887;12,372;-251687,600;-25485,730;-899773,300;11,203;-29885,160;-919806,500;262428,300;-26140,430;-904763,800;262488,800;26282,760;904787,300;-32,129;30046,440;919726,200;-251709,300;25371,750;899843,900
1,32;-0,038;1,914;0,446;0,048;0,229;0,591;0,200;-0,015;0,021;0,887;12,372;-251700,500;-25458,970;-899765,600;-25,123;-29710,100;-919974,900;262407,200;-26093,510;-904818,100;262495,000;26209,590;904779,800;-4,233;29869,700;919901,900;-251675,300;25316,440;899925,700
1,34;-0,037;1,921;0,455;0,011;0,289;0,471;0,160;0,003;-0,003;0,887;12,372;-251696,800;-25445,980;-899777,500;-18,311;-29626,080;-920064,500;262426,700;-26170,370;-904735,400;262450,200;26192,610;904736,300;7,347;29754,120;920009,300;-251656,400;25347,530;899841,100
1,36;-0,037;1,921;0,455;0,011;0,289;0,471;0,160;0,003;-0,003;0,887;12,372;-251696,700;-25445,980;-899777,500;-18,347;-29626,080;-920064,500;262426,700;-26170,370;-904735,400;262450,300;26192,610;904736,300;7,347;29754,120;920009,300;-251656,300;25347,530;899841,100
1,38;-0,037;1,921;0,455;0,011;0,289;0,471;0,160;0,003;-0,003;0,887;12,372;-251696,700;-25445,980;-899777,500;-18,352;-29626,080;-920064,500;262426,700;-26170,370;-904735,400;262450,300;26192,610;904736,300;7,347;29754,120;920009,300;-251656,300;25347,530;899841,100
1,40;-0,037;1,921;0,455;0,011;0,289;0,471;0,160;0,003;-0,003;0,887;12,372;-251696,700;-25445,980;-899777,500;-18,360;-29626,080;-920064,500;262426,700;-26170,370;-904735,400;262450,300;26192,610;904736,300;7,347;29754,120;920009,300;-251656,300;25347,530;899841,100
1,42;-0,037;1,928;0,468;-0,005;0,138;0,281;0,108;-0,015;0,020;0,887;12,372;-251699,900;-25447,130;-899762,200;1,410;-29621,750;-920071,200;262432,400;-26188,310;-904714,600;262456,800;26228,970;904712,400;15,245;29696,240;920073,800;-251665,700;25352,910;899805,800
1,44;-0,037;1,928;0,468;-0,005;0,138;0,281;0,108;-0,015;0,020;0,887;12,372;-251699,900;-25447,050;-899762,400;1,380;-29621,750;-920071,200;262432,400;-26188,310;-904714,600;262456,800;26228,980;904712,400;15,245;29696,240;920073,800;-251665,700;25352,830;899806,000
1,46;-0,037;1,928;0,468;-0,005;0,138;0,281;0,108;-0,015;0,020;0,887;12,372;-251699,900;-25447,050;-899762,400;1,374;-29621,750;-920071,200;262432,400;-26188,310;-904714,600;262456,800;26228,980;904712,400;15,245;29696,240;920073,800;-251665,700;25352,830;899806,000
1,48;-0,037;1,931;0,473;-0,011;0,040;0,080;0,024;-0,014;0,012;0,887;12,372;-251712,800;-25426,380;-899775,400;15,208;-29644,120;-920064,800;262436,100;-26183,780;-904719,800;262449,900;26223,110;904699,600;13,214;29697,320;920077,800;-251669,300;25347,000;899815,200
1,50;-0,037;1,931;0,473;-0,011;0,040;0,080;0,024;-0,014;0,012;0,887;12,372;-251712,800;-25426,380;-899775,400;15,186;-29644,120;-920064,800;262436,100;-26183,780;-904719,800;262449,900;26223,110;904699,600;13,214;29697,320;920077,800;-251669,300;25347,000;899815,200
1,52;-0,038;1,931;0,473;-0,002;-0,012;-0,010;-0,010;-0,011;0,002;0,887;12,372;-251712,500;-25423,590;-899778,400;15,831;-29646,380;-920064,500;262436,100;-26184,290;-904719,700;262445,100;26196,370;904702,200;12,026;29705,510;920069,100;-251667,700;25346,780;899815,600
1,54;-0,037;1,930;0,471;0,007;-0,062;-0,091;-0,042;-0,007;-0,010;0,887;12,372;-251709,700;-25428,190;-899777,500;14,632;-29645,760;-920064,900;262435,900;-26183,740;-904721,000;262439,400;26158,620;904708,600;11,400;29718,550;920053,300;-251665,600;25345,510;899816,900
1,56;-0,037;1,930;0,471;0,007;-0,062;-0,091;-0,042;-0,007;-0,010;0,887;12,372;-251709,700;-25428,190;-899777,500;14,631;-29645,760;-920064,900;262435,900;-26183,740;-904721,000;262439,400;26158,620;904708,600;11,400;29718,550;920053,300;-251665,600;25345,510;899816,900
1,58;-0,037;1,930;0,471;0,007;-0,062;-0,091;-0,042;-0,007;-0,010;0,887;12,372;-251709,700;-25428,190;-899777,500;14,631;-29645,760;-920064,900;262435,900;-26183,740;-904721,000;262439,400;26158,620;904708,600;11,400;29718,550;920053,300;-251665,600;25345,510;899816,900
1,60;-0,037;1,927;0,468;0,017;-0,109;-0,164;-0,070;0,000;-0,021;0,887;12,372;-251705,900;-25438,790;-899772,700;13,771;-29643,070;-920065,700;262436,000;-26181,590;-904722,900;262434,200;26121,190;904720,700;12,149;29737,920;920029,800;-251663,400;25342,650;899819,100
1,62;-0,037;1,927;0,468;0,017;-0,109;-0,164;-0,070;0,000;-0,021;0,887;12,372;-251705,900;-25438,790;-899772,700;13,773;-29643,070;-920065,700;262435,900;-26181,580;-904722,900;262434,200;26121,190;904720,700;12,149;29737,920;920029,800;-251663,400;25342,650;899819,100
1,64;-0,037;1,927;0,468;0,017;-0,109;-0,164;-0,070;0,000;-0,021;0,887;12,372;-251705,900;-25438,790;-899772,700;13,773;-29643,070;-920065,700;262435,900;-26181,580;-904722,900;262434,200;26121,190;904720,700;12,149;29737,920;920029,800;-251663,400;25342,650;899819,100
1,66;-0,037;1,924;0,464;0,026;-0,145;-0,230;-0,094;0,007;-0,027;0,887;12,372;-251703,600;-25448,970;-899764,900;16,962;-29629,740;-920082,700;262435,600;-26180,030;-904722,600;262429,800;26164,270;904732,500;12,813;29763,240;920000,600;-251662,400;25338,460;899821,900
1,68;-0,037;1,924;0,464;0,026;-0,145;-0,230;-0,094;0,007;-0,027;0,887;12,372;-251703,600;-25448,970;-899764,900;16,964;-29629,740;-920082,700;262435,600;-26180,030;-904722,600;262429,800;26164,270;904732,500;12,813;29763,240;920000,600;-251662,400;25338,460;899821,900
1,70;-0,036;1,922;0,459;0,029;-0,110;-0,275;-0,134;0,010;-0,032;0,887;12,372;-251701,100;-25433,950;-899782,400;19,309;-29672,420;-920044,900;262432,200;-26180,550;-904723,400;262427,200;26177,020;904718,300;17,663;29772,390;919986,800;-251656,400;25329,230;899828,900
1,72;-0,036;1,922;0,459;0,029;-0,110;-0,275;-0,134;0,010;-0,032;0,887;12,372;-251701,100;-25433,950;-899782,400;19,320;-29672,420;-920044,900;262432,200;-26180,550;-904723,400;262427,200;26177,020;904718,300;17,663;29772,390;919986,800;-251656,400;25329,230;899828,900
1,74;-0,036;1,922;0,459;0,029;-0,110;-0,275;-0,134;0,010;-0,032;0,887;12,372;-251701,100;-25433,950;-899782,400;19,322;-29672,420;-920044,900;262432,200;-26180,550;-904723,400;262427,200;26177,020;904718,300;17,663;29772,390;919986,800;-251656,400;25329,230;899828,900
1,76;-0,036;1,922;0,459;0,029;-0,110;-0,275;-0,134;0,010;-0,032;0,887;12,372;-251701,100;-25433,950;-899782,400;19,323;-29672,420;-920044,900;262432,200;-26180,550;-904723,400;262427,200;26177,020;904718,300;17,663;29772,390;919986,800;-251656,400;25329,230;899828,900
1,78;-0,036;1,920;0,453;0,037;-0,076;-0,306;-0,144;0,012;-0,029;0,887;12,372;-251693,800;-25403,780;-899815,100;24,410;-29725,420;-919994,900;262428,600;-26175,010;-904726,800;262422,400;26182,280;904714,300;19,560;29768,170;919988,100;-251653,400;25325,010;899830,400
1,80;-0,035;1,919;0,448;0,032;-0,045;-0,301;-0,154;-0,006;-0,021;0,887;12,372;-251671,300;-25380,480;-899817,000;18,907;-29761,170;-919961,800;262417,500;-26170,070;-904730,600;262419,500;26178,300;904714,800;18,266;29759,960;919994,100;-251652,000;25329,150;899827,600
1,82;-0,035;1,919;0,448;0,032;-0,045;-0,301;-0,154;-0,006;-0,021;0,887;12,372;-251671,300;-25380,480;-899817,000;18,928;-29761,170;-919961,800;262417,500;-26170,070;-904730,600;262419,500;26178,300;904714,800;18,266;29759,960;919994,100;-251652,000;25329,150;899827,600
1,84;-0,035;1,919;0,448;0,032;-0,045;-0,301;-0,154;-0,006;-0,021;0,887;12,372;-251671,300;-25380,560;-899816,800;18,932;-29761,170;-919961,800;262417,400;-26170,070;-904730,600;262419,500;26178,290;904714,900;18,266;29759,960;919994,100;-251652,000;25329,220;899827,400
1,86;-0,035;1,919;0,448;0,032;-0,045;-0,301;-0,154;-0,006;-0,021;0,887;12,372;-251671,300;-25380,560;-899816,800;18,935;-29761,170;-919961,800;262417,400;-26170,070;-904730,600;262419,500;26178,290;904714,900;18,266;29759,960;919994,100;-251652,000;25329,220;899827,400
1,88;-0,035;1,918;0,442;0,009;-0,007;-0,297;-0,157;-0,021;-0,001;0,887;12,372;-251660,600;-25369,920;-899808,100;8,188;-29764,900;-919957,100;262412,400;-26161,980;-904739,000;262418,400;26181,560;904715,500;13,321;29756,720;919998,300;-251651,800;25333,770;899826,300
1,90;-0,035;1,919;0,437;-0,024;0,029;-0,283;-0,141;-0,023;0,013;0,887;12,372;-251655,100;-25363,800;-899804,800;3,260;-29743,730;-919976,800;262408,200;-26157,570;-904740,900;262419,900;26180,600;904715,900;5,529;29754,390;920002,400;-251650,400;25338,540;899826,100
1,92;-0,035;1,919;0,437;-0,024;0,029;-0,283;-0,141;-0,023;0,013;0,887;12,372;-251655,100;-25363,800;-899804,800;3,267;-29743,730;-919976,800;262408,200;-26157,570;-904740,900;262419,900;26180,600;904715,900;5,529;29754,390;920002,400;-251650,400;25338,540;899826,100
1,94;-0,035;1,919;0,437;-0,024;0,029;-0,283;-0,141;-0,023;0,013;0,887;12,372;-251655,100;-25363,800;-899804,800;3,274;-29743,730;-919976,800;262408,200;-26157,570;-904740,900;262419,900;26180,600;904715,900;5,529;29754,390;920002,400;-251650,400;25338,540;899826,100
1,96;-0,036;1,920;0,433;-0,052;0,056;-0,243;-0,115;-0,014;0,011;0,887;12,372;-251651,800;-25362,350;-899806,000;7,338;-29720,720;-920004,800;262414,000;-26182,430;-904718,600;262424,300;26178,790;904716,000;-0,182;29737,950;920014,700;-251656,800;25327,560;899830,900
1,98;-0,036;1,920;0,433;-0,052;0,056;-0,243;-0,115;-0,014;0,011;0,887;12,372;-251651,800;-25362,350;-899806,000;7,374;-29720,720;-920004,800;262414,000;-26182,430;-904718,600;262424,300;26178,790;904716,000;-0,182;29737,950;920014,700;-251656,800;25327,560;899830,900
2,00;-0,036;1,920;0,433;-0,052;0,056;-0,243;-0,115;-0,014;0,011;0,887;12,372;-251651,800;-25362,350;-899806,000;7,380;-29720,720;-920004,800;262414,000;-26182,430;-904718,600;262424,300;26178,790;904716,000;-0,182;29737,950;920014,700;-251656,800;25327,560;899830,900
2,02;-0,038;1,921;0,429;-0,063;0,056;-0,186;-0,081;-0,011;0,004;0,887;12,372;-251652,100;-25365,270;-899805,800;11,606;-29706,530;-920027,500;262422,100;-26203,810;-904702,300;262426,100;26180,430;904716,100;-6,431;29718,010;920026,600;-251659,400;25337,330;899810,100
2,04;-0,039;1,922;0,427;-0,063;0,039;-0,117;-0,049;-0,012;-0,001;0,887;12,372;-251654,000;-25366,580;-899805,800;12,631;-29702,170;-920040,800;262427,400;-26211,880;-904699,900;262427,500;26183,130;904716,000;-12,130;29704,160;920031,800;-251659,400;25345,760;899792,300
2,06;-0,039;1,922;0,427;-0,063;0,039;-0,117;-0,049;-0,012;-0,001;0,887;12,372;-251654,000;-25366,520;-899805,800;12,679;-29702,170;-920040,800;262427,300;-26211,870;-904699,900;262427,500;26183,130;904716,000;-12,130;29704,160;920031,800;-251659,500;25345,760;899792,300
2,08;-0,039;1,922;0,427;-0,063;0,039;-0,117;-0,049;-0,012;-0,001;0,887;12,372;-251654,000;-25366,520;-899805,800;12,685;-29702,170;-920040,800;262427,300;-26211,870;-904699,900;262427,500;26183,130;904716,000;-12,130;29704,160;920031,800;-251659,500;25345,760;899792,300
2,10;-0,039;1,922;0,427;-0,063;0,039;-0,117;-0,049;-0,012;-0,001;0,887;12,372;-251654,000;-25366,520;-899805,800;12,690;-29702,170;-920040,800;262427,300;-26211,870;-904699,900;262427,500;26183,130;904716,000;-12,008;29704,160;920031,800;-251659,500;25345,760;899792,300
2,12;-0,040;1,922;0,426;-0,053;0,016;-0,045;-0,020;-0,013;-0,003;0,887;12,372;-251654,900;-25365,420;-899806,100;10,877;-29705,780;-920044,500;262429,200;-26213,860;-904703,300;262428,900;26185,220;904716,000;-15,736;29698,110;920030,500;-251659,400;25341,710;899789,700
2,14;-0,041;1,922;0,426;-0,039;-0,006;0,021;0,005;-0,012;-0,003;0,887;12,372;-251655,000;-25363,540;-899806,400;8,056;-29714,840;-920041,000;262428,600;-26211,540;-904710,100;262429,600;26187,070;904716,200;-16,835;29699,170;920024,100;-251658,300;25332,760;899794,900
2,16;-0,041;1,922;0,426;-0,039;-0,006;0,021;0,005;-0,012;-0,003;0,887;12,372;-251655,000;-25363,540;-899806,400;8,064;-29714,840;-920041,000;262428,600;-26211,540;-904710,100;262429,600;26187,070;904716,200;-16,835;29699,170;920024,100;-251658,300;25332,760;899794,900
2,18;-0,041;1,922;0,426;-0,039;-0,006;0,021;0,005;-0,012;-0,003;0,887;12,372;-251655,000;-25363,470;-899806,400;8,078;-29714,840;-920041,000;262428,500;-26211,610;-904710,100;262429,600;26187,140;904716,200;-16,835;29699,170;920024,100;-251658,300;25332,760;899794,900
2,20;-0,041;1,922;0,428;-0,021;-0,024;0,074;0,025;-0,010;-0,003;0,887;12,372;-251654,400;-25361,810;-899806,900;4,369;-29727,490;-920032,800;262426,900;-26205,180;-904719,600;262429,700;26189,200;904716,200;-16,538;29704,780;920015,000;-251655,700;25320,080;899805,500
2,22;-0,041;1,922;0,428;-0,021;-0,024;0,074;0,025;-0,010;-0,003;0,887;12,372;-251654,500;-25361,810;-899806,900;4,429;-29727,490;-920032,800;262426,800;-26205,180;-904719,600;262429,700;26189,200;904716,200;-16,416;29704,780;920015,000;-251655,800;25320,010;899805,500
2,24;-0,041;1,921;0,430;-0,007;-0,034;0,112;0,035;-0,006;0,001;0,887;12,372;-251654,000;-25360,410;-899807,400;0,053;-29740,070;-920020,400;262423,300;-26195,850;-904731,600;262429,000;26189,100;904716,300;-11,103;29714,600;920003,200;-251654,300;25307,750;899819,800
2,26;-0,041;1,921;0,430;-0,007;-0,034;0,112;0,035;-0,006;0,001;0,887;12,372;-251654,100;-25360,410;-899807,400;0,063;-29740,070;-920020,400;262423,200;-26195,920;-904731,600;262429,000;26189,160;904716,300;-11,103;29714,600;920003,200;-251654,300;25307,750;899819,800
2,28;-0,041;1,920;0,432;0,004;-0,038;0,131;0,039;-0,002;0,005;0,887;12,372;-251653,400;-25359,930;-899807,800;-3,845;-29749,520;-920009,900;262419,700;-26183,240;-904745,900;262427,800;26188,690;904716,600;-5,096;29726,560;919992,300;-251649,800;25296,210;899835,600
2,30;-0,041;1,920;0,432;0,004;-0,038;0,131;0,039;-0,002;0,005;0,887;12,372;-251653,500;-25359,930;-899807,800;-3,782;-29749,520;-920009,900;262419,600;-26183,240;-904745,900;262427,800;26188,690;904716,600;-4,974;29726,560;919992,300;-251649,800;25296,210;899835,600
2,32;-0,041;1,920;0,432;0,004;-0,038;0,131;0,039;-0,002;0,005;0,887;12,372;-251653,500;-25359,930;-899807,800;-3,774;-29749,520;-920009,900;262419,600;-26183,240;-904745,900;262427,800;26188,690;904716,600;-4,974;29726,560;919992,300;-251649,800;25296,210;899835,600
2,34;-0,041;1,920;0,432;0,004;-0,038;0,131;0,039;-0,002;0,005;0,887;12,372;-251653,500;-25359,930;-899807,800;-3,763;-29749,520;-920009,900;262419,600;-26183,120;-904746,100;262427,700;26188,690;904716,600;-4,974;29726,560;919992,300;-251649,800;25296,210;899835,600
2,36;-0,041;1,920;0,432;0,004;-0,038;0,131;0,039;-0,002;0,005;0,887;12,372;-251653,500;-25359,930;-899807,800;-3,752;-29749,520;-920009,900;262419,600;-26183,120;-904746,100;262427,700;26188,690;904716,600;-4,974;29726,560;919992,300;-251649,800;25296,210;899835,600
2,38;-0,041;1,919;0,437;0,023;-0,027;0,119;0,037;0,003;-0,001;0,887;12,372;-251652,700;-25364,910;-899805,600;-8,835;-29766,260;-919989,300;262415,100;-26161,540;-904768,900;262423,300;26185,290;904716,800;4,578;29741,310;919980,400;-251647,400;25314,200;899823,000
2,40;-0,041;1,919;0,437;0,023;-0,027;0,119;0,037;0,003;-0,001;0,887;12,372;-251652,800;-25365,030;-899805,400;-8,758;-29766,260;-919989,300;262415,000;-26161,610;-904768,900;262423,300;26185,240;904716,900;4,701;29741,310;919980,400;-251647,400;25314,320;899822,900
2,42;-0,041;1,919;0,437;0,023;-0,027;0,119;0,037;0,003;-0,001;0,887;12,372;-251652,800;-25365,030;-899805,400;-8,748;-29766,260;-919989,300;262415,000;-26161,610;-904768,900;262423,300;26185,240;904716,900;4,701;29741,310;919980,400;-251647,400;25314,320;899822,900
2,44;-0,041;1,919;0,437;0,023;-0,027;0,119;0,037;0,003;-0,001;0,887;12,372;-251652,800;-25365,030;-899805,400;-8,737;-29766,260;-919989,300;262415,000;-26161,610;-904768,900;262423,300;26185,240;904716,900;4,701;29741,310;919980,400;-251647,400;25314,320;899822,900
2,46;-0,041;1,919;0,437;0,023;-0,027;0,119;0,037;0,003;-0,001;0,887;12,372;-251652,800;-25365,030;-899805,400;-8,728;-29766,260;-919989,300;262415,000;-26161,610;-904768,900;262423,300;26185,240;904716,900;4,701;29741,310;919980,400;-251647,400;25314,320;899822,900
2,48;-0,040;1,919;0,439;0,028;-0,009;0,105;0,037;0,004;-0,002;0,887;12,372;-251651,800;-25369,530;-899804,100;-7,065;-29771,790;-919982,500;262416,700;-26175,760;-904754,600;262422,300;26185,660;904716,900;6,066;29736,540;919985,800;-251648,900;25330,020;899821,300
2,50;-0,040;1,919;0,439;0,028;-0,009;0,105;0,037;0,004;-0,002;0,887;12,372;-251651,900;-25369,540;-899803,900;-6,983;-29771,790;-919982,500;262416,600;-26175,750;-904754,800;262422,200;26185,660;904717,000;6,188;29736,540;919985,800;-251649,000;25330,030;899821,100
2,52;-0,040;1,919;0,441;0,024;0,010;0,098;0,040;0,002;0,004;0,887;12,372;-251651,600;-25367,700;-899805,300;-3,646;-29764,670;-919987,000;262419,100;-26177,840;-904735,400;262421,500;26185,310;904716,900;5,461;29732,100;919992,800;-251650,000;25338,040;899824,100
2,54;-0,040;1,919;0,441;0,024;0,010;0,098;0,040;0,002;0,004;0,887;12,372;-251651,700;-25367,700;-899805,300;-3,636;-29764,670;-919987,000;262419,100;-26177,840;-904735,400;262421,500;26185,310;904716,900;5,461;29732,100;919992,800;-251650,000;25338,040;899824,100
2,56;-0,040;1,919;0,441;0,024;0,010;0,098;0,040;0,002;0,004;0,887;12,372;-251651,700;-25367,700;-899805,300;-3,618;-29764,670;-919987,000;262419,100;-26177,840;-904735,400;262421,500;26185,310;904716,900;5,461;29732,100;919992,800;-251650,000;25338,040;899824,100
2,58;-0,039;1,919;0,443;0,015;0,010;0,096;0,040;-0,001;0,003;0,887;12,372;-251651,900;-25366,880;-899806,100;-2,481;-29758,460;-919991,900;262420,500;-26172,000;-904728,300;262421,300;26183,860;904716,500;5,067;29728,750;919997,900;-251649,900;25340,980;899823,600
2,60;-0,039;1,919;0,443;0,015;0,010;0,096;0,040;-0,001;0,003;0,887;12,372;-251652,000;-25366,810;-899806,100;-2,402;-29758,460;-919991,900;262420,400;-26172,070;-904728,300;262421,200;26183,930;904716,500;5,189;29728,750;919997,900;-251650,100;25340,910;899823,600
2,62;-0,039;1,919;0,443;0,015;0,010;0,096;0,040;-0,001;0,003;0,887;12,372;-251652,000;-25366,810;-899806,100;-2,390;-29758,460;-919991,900;262420,400;-26172,070;-904728,300;262421,200;26183,930;904716,500;5,189;29728,750;919997,900;-251650,100;25340,910;899823,600
2,64;-0,039;1,919;0,443;0,015;0,010;0,096;0,040;-0,001;0,003;0,887;12,372;-251652,000;-25366,810;-899806,100;-2,377;-29758,460;-919991,900;262420,400;-26172,070;-904728,300;262421,200;26183,930;904716,500;5,189;29728,750;919997,900;-251650,100;25340,910;899823,600
2,66;-0,039;1,919;0,444;0,006;0,000;0,091;0,039;-0,003;-0,003;0,887;12,372;-251651,000;-25353,330;-899821,900;-2,909;-29758,230;-919993,000;262423,200;-26173,350;-904725,300;262421,100;26182,510;904716,500;5,006;29726,360;919999,900;-251649,600;25339,910;899822,700
2,68;-0,039;1,920;0,446;-0,006;0,006;0,081;0,029;-0,007;0,006;0,887;12,372;-251653,400;-25357,670;-899814,900;-6,236;-29751,190;-919999,800;262423,700;-26174,650;-904725,400;262421,200;26183,140;904716,500;5,825;29728,090;919998,500;-251650,500;25338,800;899822,600
2,70;-0,039;1,920;0,446;-0,006;0,006;0,081;0,029;-0,007;0,006;0,887;12,372;-251653,500;-25357,710;-899814,800;-6,151;-29751,190;-919999,800;262423,600;-26174,640;-904725,500;262421,000;26183,060;904716,700;5,825;29728,090;919998,500;-251650,500;25338,840;899822,500
2,72;-0,039;1,920;0,446;-0,006;0,006;0,081;0,029;-0,007;0,006;0,887;12,372;-251653,500;-25357,710;-899814,800;-6,141;-29751,190;-919999,800;262423,600;-26174,640;-904725,500;262421,000;26183,060;904716,700;5,947;29728,090;919998,500;-251650,500;25338,840;899822,500
2,74;-0,039;1,920;0,446;-0,006;0,006;0,081;0,029;-0,007;0,006;0,887;12,372;-251653,500;-25357,710;-899814,800;-6,129;-29751,190;-919999,800;262423,600;-26174,640;-904725,500;262421,000;26183,060;904716,700;5,947;29728,090;919998,500;-251650,500;25338,840;899822,500
2,76;-0,039;1,920;0,446;-0,006;0,006;0,081;0,029;-0,007;0,006;0,887;12,372;-251653,500;-25357,710;-899814,800;-6,116;-29751,190;-919999,800;262423,600;-26174,640;-904725,500;262421,000;26183,060;904716,700;5,947;29728,090;919998,500;-251650,500;25338,840;899822,500
2,78;-0,039;1,920;0,446;-0,006;0,006;0,081;0,029;-0,007;0,006;0,887;12,372;-251653,500;-25357,710;-899814,800;-6,106;-29751,190;-919999,800;262423,600;-26174,640;-904725,500;262421,000;26183,130;904716,700;5,947;29728,090;919998,500;-251650,700;25338,840;899822,500
2,80;-0,039;1,920;0,446;-0,006;0,006;0,081;0,029;-0,007;0,006;0,887;12,372;-251653,500;-25357,710;-899814,800;-6,096;-29751,190;-919999,800;262423,600;-26174,640;-904725,500;262421,000;26183,130;904716,700;5,947;29728,090;919998,500;-251650,700;25338,840;899822,500
2,82;-0,039;1,920;0,447;-0,012;0,008;0,063;0,020;-0,005;0,007;0,887;12,372;-251656,000;-25363,660;-899808,100;-7,546;-29742,340;-920008,300;262425,000;-26176,060;-904725,900;262421,300;26184,010;904716,600;6,806;29729,840;919996,600;-251651,200;25337,340;899822,700
2,84;-0,039;1,920;0,447;-0,012;0,008;0,063;0,020;-0,005;0,007;0,887;12,372;-251656,100;-25363,660;-899808,100;-7,448;-29742,340;-920008,300;262424,900;-26176,060;-904725,900;262421,200;26184,010;904716,600;6,806;29729,840;919996,600;-251651,200;25337,340;899822,700
2,86;-0,040;1,920;0,448;-0,014;0,007;0,042;0,011;-0,004;0,005;0,887;12,372;-251657,600;-25366,550;-899805,700;-7,958;-29737,630;-920013,800;262425,800;-26177,820;-904725,800;262421,300;26184,470;904716,600;7,405;29729,420;919995,700;-251651,700;25336,240;899822,600
2,88;-0,040;1,920;0,448;-0,014;0,007;0,042;0,011;-0,004;0,005;0,887;12,372;-251657,600;-25366,550;-899805,700;-7,948;-29737,630;-920013,800;262425,800;-26177,820;-904725,800;262421,300;26184,470;904716,600;7,405;29729,420;919995,700;-251651,700;25336,240;899822,600
2,90;-0,040;1,920;0,448;-0,014;0,007;0,042;0,011;-0,004;0,005;0,887;12,372;-251657,700;-25366,560;-899805,500;-7,933;-29737,630;-920013,800;262425,800;-26177,810;-904725,800;262421,100;26184,470;904716,600;7,405;29729,420;919995,700;-251651,800;25336,240;899822,400
2,92;-0,040;1,920;0,448;-0,014;0,007;0,042;0,011;-0,004;0,005;0,887;12,372;-251657,700;-25366,560;-899805,500;-7,922;-29737,630;-920013,800;262425,800;-26177,810;-904725,800;262421,100;26184,470;904716,600;7,405;29729,420;919995,700;-251651,800;25336,240;899822,400
2,94;-0,040;1,920;0,448;-0,014;0,004;0,021;0,002;-0,002;0,003;0,887;12,372;-251658,500;-25367,540;-899805,700;-7,772;-29736,660;-920016,200;262426,000;-26178,480;-904725,900;262421,300;26184,900;904716,700;7,908;29727,860;919995,300;-251652,200;25336,140;899822,300
2,96;-0,040;1,920;0,448;-0,014;0,004;0,021;0,002;-0,002;0,003;0,887;12,372;-251658,500;-25367,470;-899805,700;-7,675;-29736,660;-920016,200;262425,900;-26178,550;-904725,900;262421,300;26184,890;904716,800;8,030;29727,860;919995,300;-251652,200;25336,070;899822,300
2,98;-0,040;1,920;0,448;-0,014;0,004;0,021;0,002;-0,002;0,003;0,887;12,372;-251658,600;-25367,470;-899805,700;-7,664;-29736,660;-920016,200;262425,800;-26178,550;-904725,900;262421,200;26184,960;904716,800;8,030;29727,860;919995,300;-251652,300;25336,000;899822,300
3,00;-0,040;1,920;0,449;-0,012;0,000;-0,001;-0,007;-0,001;0,001;0,887;12,372;-251658,100;-25367,970;-899807,100;-7,215;-29739,110;-920016,400;262425,800;-26178,210;-904726,000;262421,300;26185,200;904716,800;7,993;29725,930;919994,900;-251652,500;25336,260;899822,300
3,02;-0,040;1,920;0,449;-0,012;0,000;-0,001;-0,007;-0,001;0,001;0,887;12,372;-251658,100;-25367,970;-899807,100;-7,196;-29739,110;-920016,400;262425,800;-26178,210;-904726,000;262421,300;26185,200;904716,800;7,993;29725,930;919994,900;-251652,500;25336,260;899822,300
3,04;-0,040;1,920;0,449;-0,012;0,000;-0,001;-0,007;-0,001;0,001;0,887;12,372;-251658,100;-25367,900;-899807,100;-7,177;-29739,110;-920016,400;262425,800;-26178,160;-904726,100;262421,300;26185,200;904716,800;7,993;29725,930;919994,900;-251652,500;25336,260;899822,300
3,06;-0,040;1,920;0,448;-0,011;-0,005;-0,019;-0,014;0,000;-0,001;0,887;12,372;-251657,000;-25367,010;-899809,900;-5,866;-29744,060;-920013,600;262425,000;-26177,560;-904726,300;262421,400;26185,070;904716,900;8,924;29724,770;919994,800;-251652,500;25336,730;899822,400
3,08;-0,040;1,920;0,448;-0,011;-0,005;-0,019;-0,014;0,000;-0,001;0,887;12,372;-251657,100;-25367,080;-899809,800;-5,769;-29744,060;-920013,600;262424,900;-26177,560;-904726,300;262421,300;26185,020;904717,000;9,046;29724,770;919994,800;-251652,600;25336,800;899822,300
3,10;-0,040;1,920;0,448;-0,011;-0,005;-0,019;-0,014;0,000;-0,001;0,887;12,372;-251657,100;-25367,080;-899809,800;-5,757;-29744,060;-920013,600;262424,900;-26177,560;-904726,300;262421,300;26185,020;904717,000;9,046;29724,770;919994,800;-251652,600;25336,800;899822,300
3,12;-0,040;1,920;0,448;-0,011;-0,005;-0,019;-0,014;0,000;-0,001;0,887;12,372;-251657,100;-25367,080;-899809,800;-5,745;-29744,060;-920013,600;262424,900;-26177,560;-904726,300;262421,300;26185,020;904717,000;9,046;29724,770;919994,800;-251652,600;25336,800;899822,300
3,14;-0,040;1,920;0,448;-0,011;-0,005;-0,019;-0,014;0,000;-0,001;0,887;12,372;-251657,200;-25367,080;-899809,800;-5,729;-29744,060;-920013,600;262424,900;-26177,560;-904726,300;262421,300;26185,020;904717,000;9,046;29724,770;919994,800;-251652,600;25336,740;899822,300
3,16;-0,041;1,920;0,448;-0,008;-0,008;-0,033;-0,020;0,002;-0,002;0,887;12,372;-251656,000;-25364,860;-899813,800;-4,886;-29750,580;-920008,300;262424,400;-26176,540;-904726,900;262421,900;26185,360;904717,100;9,132;29723,800;919993,400;-251651,900;25336,590;899822,900
3,18;-0,041;1,920;0,448;-0,008;-0,008;-0,033;-0,020;0,002;-0,002;0,887;12,372;-251656,000;-25364,860;-899813,800;-4,875;-29750,580;-920008,300;262424,400;-26176,540;-904726,900;262421,900;26185,360;904717,100;9,132;29723,800;919993,400;-251651,900;25336,590;899822,900
3,20;-0,041;1,920;0,447;-0,006;-0,011;-0,045;-0,024;0,000;-0,002;0,887;12,372;-251655,500;-25362,420;-899818,400;-3,260;-29757,800;-920004,000;262423,100;-26175,440;-904727,200;262421,300;26185,070;904717,100;8,979;29723,180;919992,400;-251652,300;25336,140;899823,300
3,22;-0,041;1,920;0,447;-0,006;-0,011;-0,045;-0,024;0,000;-0,002;0,887;12,372;-251655,500;-25362,470;-899818,200;-3,141;-29757,800;-920004,000;262423,000;-26175,430;-904727,300;262421,200;26185,070;904717,200;9,102;29723,180;919992,400;-251652,300;25336,270;899823,100
3,24;-0,041;1,920;0,447;-0,006;-0,011;-0,045;-0,024;0,000;-0,002;0,887;12,372;-251655,500;-25362,470;-899818,200;-3,127;-29757,800;-920004,000;262423,000;-26175,430;-904727,300;262421,200;26185,070;904717,200;9,102;29723,180;919992,400;-251652,300;25336,270;899823,100
3,26;-0,041;1,920;0,447;-0,006;-0,011;-0,045;-0,024;0,000;-0,002;0,887;12,372;-251655,600;-25362,470;-899818,200;-3,112;-29757,800;-920004,000;262423,000;-26175,430;-904727,300;262421,200;26185,130;904717,200;9,102;29723,180;919992,400;-251652,300;25336,270;899823,100
3,28;-0,041;1,919;0,446;-0,003;-0,012;-0,053;-0,026;-0,002;-0,002;0,887;12,372;-251654,700;-25359,260;-899823,500;-1,526;-29764,600;-919998,600;262422,000;-26174,390;-904727,600;262421,300;26184,950;904717,200;7,750;29722,990;919991,300;-251652,300;25336,130;899823,300
3,30;-0,041;1,919;0,445;0,000;-0,012;-0,056;-0,027;-0,003;-0,002;0,887;12,372;-251653,800;-25355,980;-899828,600;0,147;-29771,000;-919993,400;262421,200;-26173,830;-904727,900;262421,800;26184,870;904717,100;5,816;29722,810;919990,600;-251651,600;25335,910;899823,400
3,32;-0,041;1,919;0,445;0,000;-0,012;-0,056;-0,027;-0,003;-0,002;0,887;12,372;-251653,900;-25355,980;-899828,500;0,268;-29771,000;-919993,400;262421,200;-26173,670;-904728,100;262421,700;26184,720;904717,300;5,938;29722,810;919990,600;-251651,700;25335,910;899823,300
3,34;-0,041;1,919;0,445;0,000;-0,012;-0,056;-0,027;-0,003;-0,002;0,887;12,372;-251653,900;-25355,980;-899828,500;0,281;-29771,000;-919993,400;262421,200;-26173,670;-904728,100;262421,700;26184,720;904717,300;5,938;29722,810;919990,600;-251651,700;25335,910;899823,300
3,36;-0,041;1,919;0,445;0,000;-0,012;-0,056;-0,027;-0,003;-0,002;0,887;12,372;-251653,900;-25355,910;-899828,500;0,290;-29771,000;-919993,400;262421,100;-26173,740;-904728,100;262421,700;26184,790;904717,300;5,938;29722,810;919990,600;-251651,700;25335,840;899823,300
3,38;-0,041;1,919;0,445;0,000;-0,012;-0,056;-0,027;-0,003;-0,002;0,887;12,372;-251653,900;-25355,910;-899828,500;0,312;-29771,000;-919993,400;262421,100;-26173,740;-904728,100;262421,700;26184,790;904717,300;5,938;29722,810;919990,600;-251651,700;25335,840;899823,300
3,40;-0,041;1,919;0,443;0,002;0,002;-0,053;-0,032;-0,007;0,009;0,887;12,372;-251654,800;-25374,080;-899810,300;-0,003;-29772,480;-919990,500;262418,400;-26168,740;-904731,600;262422,300;26186,620;904717,200;3,125;29725,130;919989,400;-251650,500;25337,020;899823,800
3,42;-0,041;1,919;0,443;0,002;0,002;-0,053;-0,032;-0,007;0,009;0,887;12,372;-251655,000;-25374,100;-899810,100;0,158;-29772,480;-919990,500;262418,200;-26168,760;-904731,700;262422,200;26186,640;904717,300;3,369;29725,130;919989,400;-251650,700;25337,030;899823,600
3,44;-0,041;1,919;0,443;0,002;0,002;-0,053;-0,032;-0,007;0,009;0,887;12,372;-251655,000;-25374,100;-899810,100;0,182;-29772,480;-919990,500;262418,200;-26168,760;-904731,700;262422,200;26186,640;904717,300;3,369;29725,130;919989,400;-251650,700;25337,030;899823,600
3,46;-0,041;1,919;0,442;0,002;0,009;-0,055;-0,036;-0,007;0,012;0,887;12,372;-251655,000;-25373,820;-899806,400;-1,920;-29765,250;-919995,300;262417,100;-26166,740;-904732,100;262422,200;26186,810;904717,300;3,696;29726,690;919990,100;-251650,800;25337,500;899823,600
3,48;-0,041;1,919;0,442;0,002;0,009;-0,055;-0,036;-0,007;0,012;0,887;12,372;-251655,100;-25373,870;-899806,300;-1,809;-29765,250;-919995,300;262417,000;-26166,730;-904732,200;262422,200;26186,800;904717,300;3,696;29726,690;919990,100;-251650,900;25337,550;899823,400
3,50;-0,041;1,919;0,442;0,002;0,009;-0,055;-0,036;-0,007;0,012;0,887;12,372;-251655,100;-25373,870;-899806,300;-1,775;-29765,250;-919995,300;262416,900;-26166,730;-904732,200;262422,100;26186,800;904717,300;3,696;29726,690;919990,100;-251650,900;25337,550;899823,400
3,52;-0,041;1,919;0,441;0,002;0,009;-0,058;-0,038;-0,006;0,010;0,887;12,372;-251655,000;-25369,650;-899804,400;-3,077;-29761,700;-919997,400;262417,300;-26166,720;-904731,700;262421,900;26186,270;904717,300;4,231;29726,310;919991,900;-251651,000;25337,320;899822,700
3,54;-0,041;1,919;0,441;0,002;0,009;-0,058;-0,038;-0,006;0,010;0,887;12,372;-251655,000;-25369,650;-899804,400;-3,066;-29761,700;-919997,400;262417,300;-26166,720;-904731,700;262421,900;26186,270;904717,300;4,231;29726,310;919991,900;-251651,000;25337,320;899822,700
3,56;-0,040;1,919;0,440;0,002;0,004;-0,060;-0,038;-0,005;0,006;0,887;12,372;-251655,300;-25367,610;-899803,600;-3,934;-29762,180;-919996,500;262416,600;-26161,420;-904735,900;262421,600;26184,860;904717,300;4,229;29725,250;919993,300;-251651,400;25337,230;899821,800
3,58;-0,040;1,919;0,440;0,002;0,004;-0,060;-0,038;-0,005;0,006;0,887;12,372;-251655,500;-25367,540;-899803,600;-3,806;-29762,180;-919996,500;262416,500;-26161,480;-904735,900;262421,500;26184,930;904717,300;4,351;29725,250;919993,300;-251651,700;25337,160;899821,800
3,60;-0,040;1,919;0,440;0,002;0,004;-0,060;-0,038;-0,005;0,006;0,887;12,372;-251655,500;-25367,540;-899803,600;-3,790;-29762,180;-919996,500;262416,500;-26161,480;-904735,900;262421,500;26184,930;904717,300;4,351;29725,250;919993,300;-251651,700;25337,160;899821,800
3,62;-0,040;1,919;0,440;0,002;0,004;-0,060;-0,038;-0,005;0,006;0,887;12,372;-251655,500;-25367,540;-899803,600;-3,779;-29762,180;-919996,500;262416,500;-26161,480;-904735,900;262421,500;26184,930;904717,300;4,473;29725,250;919993,300;-251651,700;25337,160;899821,800
3,64;-0,040;1,919;0,439;0,001;0,005;-0,057;-0,034;-0,005;0,008;0,887;12,372;-251655,600;-25366,980;-899803,600;-2,962;-29759,060;-919998,700;262416,700;-26150,080;-904745,500;262421,500;26183,490;904717,600;3,444;29725,810;919993,900;-251651,600;25337,190;899821,600
3,66;-0,040;1,920;0,438;-0,001;0,006;-0,050;-0,029;-0,004;0,008;0,887;12,372;-251655,800;-25367,140;-899803,800;-1,395;-29754,660;-920002,100;262417,300;-26152,010;-904742,300;262421,700;26184,200;904717,600;2,179;29726,660;919994,100;-251651,000;25337,160;899821,700
3,68;-0,040;1,920;0,438;-0,001;0,006;-0,050;-0,029;-0,004;0,008;0,887;12,372;-251655,900;-25367,070;-899803,800;-1,263;-29754,660;-920002,100;262417,100;-26152,100;-904742,400;262421,600;26184,270;904717,600;2,301;29726,660;919994,100;-251651,100;25337,090;899821,700
3,70;-0,040;1,920;0,438;-0,001;0,006;-0,050;-0,029;-0,004;0,008;0,887;12,372;-251655,900;-25367,070;-899803,800;-1,247;-29754,660;-920002,100;262417,100;-26152,100;-904742,400;262421,600;26184,270;904717,600;2,301;29726,660;919994,100;-251651,100;25337,090;899821,700
3,72;-0,040;1,920;0,438;-0,001;0,006;-0,050;-0,029;-0,004;0,008;0,887;12,372;-251655,900;-25367,230;-899803,600;-1,228;-29754,660;-920002,100;262417,100;-26152,100;-904742,400;262421,600;26184,300;904717,700;2,423;29726,660;919994,100;-251651,100;25337,090;899821,700
3,74;-0,040;1,920;0,438;-0,001;0,006;-0,050;-0,029;-0,004;0,008;0,887;12,372;-251655,900;-25367,230;-899803,600;-1,209;-29754,660;-920002,100;262417,100;-26152,100;-904742,400;262421,600;26184,300;904717,700;2,423;29726,660;919994,100;-251651,100;25337,090;899821,700
3,76;-0,041;1,920;0,437;-0,002;0,005;-0,041;-0,024;-0,004;0,007;0,887;12,372;-251656,300;-25367,620;-899803,600;0,067;-29751,280;-920005,100;262417,800;-26157,480;-904736,000;262421,800;26184,060;904717,700;1,178;29727,000;919994,400;-251650,500;25337,170;899821,700
3,78;-0,041;1,920;0,436;-0,002;0,004;-0,029;-0,019;-0,004;0,006;0,887;12,372;-251656,600;-25367,760;-899803,600;0,967;-29749,640;-920006,600;262418,300;-26159,670;-904733,300;262421,900;26184,040;904717,700;0,389;29726,930;919994,700;-251650,300;25337,490;899821,400
3,80;-0,041;1,920;0,436;-0,002;0,004;-0,029;-0,019;-0,004;0,006;0,887;12,372;-251656,600;-25367,760;-899803,600;0,981;-29749,640;-920006,600;262418,300;-26159,670;-904733,300;262421,900;26184,040;904717,700;0,389;29726,930;919994,700;-251650,300;25337,490;899821,400
3,82;-0,041;1,920;0,436;-0,002;0,004;-0,029;-0,019;-0,004;0,006;0,887;12,372;-251656,700;-25367,760;-899803,600;0,996;-29749,640;-920006,600;262418,200;-26159,670;-904733,300;262421,900;26183,960;904717,800;0,389;29726,930;919994,700;-251650,400;25337,490;899821,400
3,84;-0,041;1,920;0,436;-0,002;0,004;-0,029;-0,019;-0,004;0,006;0,887;12,372;-251656,700;-25367,760;-899803,600;1,020;-29749,640;-920006,600;262418,200;-26159,670;-904733,300;262421,900;26183,960;904717,800;0,511;29726,930;919994,700;-251650,400;25337,490;899821,400
3,86;-0,041;1,920;0,436;-0,002;0,002;-0,017;-0,014;-0,004;0,005;0,887;12,372;-251656,900;-25367,730;-899803,500;1,192;-29749,340;-920007,000;262418,500;-26160,450;-904732,600;262422,000;26183,980;904717,800;-0,035;29726,820;919994,800;-251650,300;25337,750;899821,500
3,88;-0,041;1,920;0,436;-0,002;0,002;-0,017;-0,014;-0,004;0,005;0,887;12,372;-251657,000;-25367,730;-899803,500;1,320;-29749,340;-920007,000;262418,400;-26160,520;-904732,600;262421,900;26184,050;904717,800;0,087;29726,820;919994,800;-251650,300;25337,760;899821,300
3,90;-0,041;1,920;0,436;-0,002;0,002;-0,017;-0,014;-0,004;0,005;0,887;12,372;-251657,000;-25367,660;-899803,500;1,334;-29749,340;-920007,000;262418,400;-26160,520;-904732,600;262421,900;26184,040;904717,900;0,087;29726,820;919994,800;-251650,300;25337,690;899821,300
3,92;-0,041;1,920;0,436;-0,001;0,000;-0,004;-0,009;-0,005;0,004;0,887;12,372;-251657,100;-25367,470;-899803,600;1,078;-29749,850;-920006,800;262418,000;-26160,380;-904732,800;262421,900;26184,290;904717,900;-0,132;29726,690;919994,500;-251650,300;25337,880;899821,400
3,94;-0,041;1,920;0,436;-0,001;0,000;-0,004;-0,009;-0,005;0,004;0,887;12,372;-251657,100;-25367,470;-899803,600;1,108;-29749,850;-920006,800;262418,000;-26160,380;-904732,800;262421,900;26184,290;904717,900;-0,132;29726,690;919994,500;-251650,300;25337,880;899821,400
3,96;-0,041;1,920;0,436;-0,001;-0,002;0,007;-0,004;-0,003;0,003;0,887;12,372;-251656,600;-25367,490;-899803,300;0,727;-29751,160;-920005,900;262418,000;-26159,120;-904734,600;262422,300;26184,630;904717,900;0,045;29726,530;919994,600;-251650,100;25337,850;899821,300
3,98;-0,041;1,920;0,436;-0,001;-0,002;0,007;-0,004;-0,003;0,003;0,887;12,372;-251656,700;-25367,490;-899803,300;0,869;-29751,160;-920005,900;262417,900;-26159,190;-904734,600;262422,100;26184,630;904717,900;0,167;29726,530;919994,600;-251650,300;25337,850;899821,300
4,00;-0,041;1,920;0,436;-0,001;-0,002;0,007;-0,004;-0,003;0,003;0,887;12,372;-251656,700;-25367,490;-899803,300;0,897;-29751,160;-920005,900;262417,900;-26159,190;-904734,600;262422,100;26184,630;904717,900;0,167;29726,530;919994,600;-251650,300;25337,850;899821,300
4,02;-0,041;1,920;0,436;-0,001;-0,002;0,007;-0,004;-0,003;0,003;0,887;12,372;-251656,800;-25367,430;-899803,300;0,910;-29751,160;-920005,900;262417,900;-26159,190;-904734,600;262422,000;26184,690;904717,900;0,167;29726,530;919994,600;-251650,300;25337,790;899821,300
4,04;-0,041;1,920;0,437;0,000;-0,005;0,024;0,001;-0,003;0,001;0,887;12,372;-251656,700;-25367,690;-899803,300;-0,346;-29755,470;-920002,600;262417,500;-26153,940;-904741,500;262421,600;26184,590;904717,900;1,761;29726,370;919993,600;-251650,900;25337,440;899821,500
4,06;-0,041;1,920;0,437;0,000;-0,005;0,024;0,001;-0,003;0,001;0,887;12,372;-251656,800;-25367,700;-899803,100;-0,215;-29755,470;-920002,600;262417,400;-26154,030;-904741,600;262421,400;26184,690;904718,000;1,883;29726,370;919993,600;-251651,100;25337,440;899821,400
4,08;-0,041;1,920;0,437;0,000;-0,005;0,024;0,001;-0,003;0,001;0,887;12,372;-251656,800;-25367,700;-899803,100;-0,195;-29755,470;-920002,600;262417,400;-26154,030;-904741,600;262421,400;26184,690;904718,000;1,883;29726,370;919993,600;-251651,100;25337,440;899821,400
4,10;-0,041;1,920;0,437;0,000;-0,005;0,024;0,001;-0,003;0,001;0,887;12,372;-251656,800;-25367,700;-899803,100;-0,166;-29755,470;-920002,600;262417,400;-26154,030;-904741,600;262421,400;26184,690;904718,000;2,005;29726,370;919993,600;-251651,100;25337,440;899821,400
4,12;-0,041;1,920;0,438;0,001;-0,005;0,029;0,003;-0,003;0,001;0,887;12,372;-251656,600;-25367,820;-899803,000;-0,897;-29758,050;-920000,500;262417,200;-26150,710;-904745,800;262421,200;26184,650;904718,000;3,053;29726,260;919993,100;-251651,500;25337,300;899821,500
4,14;-0,041;1,920;0,438;0,001;-0,005;0,029;0,003;-0,003;0,001;0,887;12,372;-251656,800;-25367,830;-899802,900;-0,772;-29758,050;-920000,500;262417,000;-26150,630;-904745,900;262421,100;26184,570;904718,100;3,175;29726,260;919993,100;-251651,700;25337,310;899821,400
4,16;-0,041;1,919;0,438;0,002;-0,006;0,031;0,004;-0,003;0,001;0,887;12,372;-251656,600;-25367,960;-899802,800;-1,498;-29760,640;-919998,300;262416,800;-26147,170;-904750,300;262420,900;26184,510;904718,100;4,306;29726,130;919992,600;-251652,200;25337,180;899821,400
4,18;-0,041;1,919;0,438;0,002;-0,006;0,031;0,004;-0,003;0,001;0,887;12,372;-251656,700;-25367,890;-899802,800;-1,475;-29760,640;-919998,300;262416,800;-26147,160;-904750,400;262420,800;26184,510;904718,300;4,428;29726,130;919992,600;-251652,200;25337,120;899821,400
4,20;-0,041;1,919;0,438;0,002;-0,006;0,031;0,004;-0,003;0,001;0,887;12,372;-251656,700;-25367,890;-899802,800;-1,453;-29760,640;-919998,300;262416,800;-26147,160;-904750,400;262420,800;26184,510;904718,300;4,428;29726,130;919992,600;-251652,200;25337,120;899821,400
4,22;-0,041;1,919;0,439;0,002;-0,006;0,031;0,003;-0,003;0,000;0,887;12,372;-251656,600;-25368,030;-899802,800;-2,145;-29763,060;-919996,300;262416,500;-26143,820;-904754,600;262420,500;26184,430;904718,300;5,548;29726,030;919992,300;-251652,600;25337,010;899821,600
4,24;-0,041;1,919;0,439;0,002;-0,006;0,031;0,003;-0,003;0,000;0,887;12,372;-251656,700;-25367,960;-899802,800;-2,018;-29763,060;-919996,300;262416,400;-26143,890;-904754,600;262420,400;26184,500;904718,300;5,670;29726,030;919992,300;-251652,800;25336,940;899821,600
4,26;-0,041;1,919;0,439;0,002;-0,006;0,031;0,003;-0,003;0,000;0,887;12,372;-251656,700;-25367,960;-899802,800;-2,001;-29763,060;-919996,300;262416,400;-26143,890;-904754,600;262420,400;26184,500;904718,300;5,670;29726,030;919992,300;-251652,800;25336,940;899821,600
4,28;-0,041;1,919;0,439;0,002;-0,006;0,031;0,003;-0,003;0,000;0,887;12,372;-251656,700;-25368,150;-899802,600;-1,986;-29763,060;-919996,300;262416,300;-26143,890;-904754,600;262420,400;26184,500;904718,300;5,670;29726,030;919992,300;-251652,800;25337,130;899821,400
4,30;-0,041;1,919;0,439;0,002;-0,006;0,031;0,003;-0,003;0,000;0,887;12,372;-251656,700;-25368,150;-899802,600;-1,973;-29763,060;-919996,300;262416,300;-26143,890;-904754,600;262420,400;26184,500;904718,300;5,670;29726,030;919992,300;-251652,800;25337,130;899821,400
4,32;-0,041;1,919;0,439;0,002;-0,006;0,028;0,002;-0,003;0,001;0,887;12,372;-251656,600;-25368,280;-899802,500;-2,581;-29765,170;-919994,500;262416,100;-26140,880;-904758,300;262420,200;26184,380;904718,300;6,825;29725,960;919992,000;-251653,200;25337,030;899821,500
4,34;-0,041;1,919;0,440;0,002;-0,006;0,024;0,000;-0,003;0,001;0,887;12,372;-251656,700;-25368,330;-899802,500;-3,116;-29766,890;-919993,100;262415,900;-26140,150;-904759,700;262420,000;26183,840;904718,300;7,734;29725,910;919991,800;-251653,600;25336,930;899821,600
4,36;-0,041;1,919;0,440;0,002;-0,006;0,024;0,000;-0,003;0,001;0,887;12,372;-251656,800;-25368,340;-899802,400;-2,983;-29766,890;-919993,100;262415,900;-26140,220;-904759,700;262419,800;26183,790;904718,500;7,856;29725,910;919991,800;-251653,600;25336,860;899821,600
4,38;-0,041;1,919;0,440;0,002;-0,006;0,024;0,000;-0,003;0,001;0,887;12,372;-251656,800;-25368,340;-899802,400;-2,971;-29766,890;-919993,100;262415,800;-26140,220;-904759,700;262419,800;26183,860;904718,500;7,856;29725,910;919991,800;-251653,800;25336,870;899821,400
4,40;-0,041;1,919;0,440;0,002;-0,006;0,024;0,000;-0,003;0,001;0,887;12,372;-251656,800;-25368,340;-899802,400;-2,961;-29766,890;-919993,100;262415,800;-26140,220;-904759,700;262419,800;26183,860;904718,500;7,856;29725,910;919991,800;-251653,800;25336,870;899821,400
4,42;-0,041;1,919;0,440;0,002;-0,006;0,024;0,000;-0,003;0,001;0,887;12,372;-251656,800;-25368,340;-899802,400;-2,936;-29766,890;-919993,100;262415,800;-26140,220;-904759,700;262419,800;26183,860;904718,500;7,856;29725,910;919991,800;-251653,800;25336,870;899821,400
4,44;-0,040;1,919;0,440;0,002;-0,006;0,019;-0,002;-0,003;0,001;0,887;12,372;-251657,600;-25368,090;-899802,900;-3,353;-29768,170;-919991,900;262415,800;-26142,660;-904757,800;262419,600;26183,010;904718,700;8,442;29725,750;919991,600;-251654,000;25336,660;899821,400
4,46;-0,040;1,919;0,440;0,002;-0,006;0,019;-0,002;-0,003;0,001;0,887;12,372;-251657,700;-25368,240;-899802,800;-3,246;-29768,170;-919991,900;262415,700;-26142,580;-904757,900;262419,600;26183,010;904718,700;8,564;29725,750;919991,600;-251654,000;25336,810;899821,300
4,48;-0,040;1,919;0,441;0,001;-0,003;0,014;-0,003;-0,003;0,002;0,887;12,372;-251657,100;-25368,650;-899803,100;-3,267;-29768,640;-919991,600;262415,800;-26154,140;-904746,400;262419,600;26183,730;904718,700;8,744;29725,660;919991,600;-251654,200;25336,680;899821,300
4,50;-0,040;1,919;0,441;0,001;-0,003;0,014;-0,003;-0,003;0,002;0,887;12,372;-251657,100;-25368,650;-899803,100;-3,258;-29768,640;-919991,600;262415,800;-26154,140;-904746,400;262419,600;26183,730;904718,700;8,744;29725,660;919991,600;-251654,200;25336,680;899821,300
4,52;-0,040;1,919;0,441;0,001;-0,003;0,014;-0,003;-0,003;0,002;0,887;12,372;-251657,200;-25368,650;-899803,100;-3,234;-29768,640;-919991,600;262415,700;-26154,140;-904746,400;262419,600;26183,730;904718,700;8,744;29725,660;919991,600;-251654,200;25336,680;899821,300
4,54;-0,040;1,919;0,441;0,001;-0,003;0,014;-0,003;-0,003;0,002;0,887;12,372;-251657,200;-25368,650;-899803,100;-3,217;-29768,640;-919991,600;262415,700;-26154,140;-904746,400;262419,600;26183,730;904718,700;8,744;29725,660;919991,600;-251654,200;25336,680;899821,300
4,56;-0,040;1,919;0,441;0,001;-0,003;0,014;-0,003;-0,003;0,002;0,887;12,372;-251657,200;-25368,580;-899803,100;-3,203;-29768,640;-919991,600;262415,700;-26154,210;-904746,400;262419,600;26183,800;904718,700;8,744;29725,660;919991,600;-251654,300;25336,610;899821,300
4,58;-0,040;1,919;0,441;-0,001;0,001;0,010;-0,002;-0,003;0,005;0,887;12,372;-251656,500;-25368,630;-899803,200;-2,357;-29767,290;-919992,800;262415,900;-26166,190;-904734,300;262419,800;26185,190;904718,700;8,265;29725,780;919991,700;-251654,100;25336,370;899821,400
4,60;-0,040;1,919;0,441;-0,001;0,001;0,010;-0,002;-0,003;0,005;0,887;12,372;-251656,600;-25368,560;-899803,200;-2,239;-29767,290;-919992,800;262415,900;-26166,180;-904734,400;262419,700;26185,180;904718,800;8,387;29725,780;919991,700;-251654,100;25336,310;899821,400
4,62;-0,040;1,919;0,441;-0,001;0,001;0,010;-0,002;-0,003;0,005;0,887;12,372;-251656,600;-25368,530;-899803,100;-2,224;-29767,290;-919992,800;262415,800;-26166,250;-904734,400;262419,700;26185,250;904718,800;8,509;29725,780;919991,700;-251654,200;25336,280;899821,300
4,64;-0,040;1,919;0,441;-0,002;0,004;0,008;-0,002;-0,003;0,006;0,887;12,372;-251656,300;-25368,300;-899803,200;-1,081;-29764,400;-919995,400;262416,800;-26169,830;-904730,800;262419,700;26186,380;904718,700;7,620;29726,040;919991,800;-251653,700;25336,120;899821,400
4,66;-0,040;1,919;0,441;-0,002;0,004;0,008;-0,002;-0,003;0,006;0,887;12,372;-251656,300;-25368,300;-899803,200;-1,066;-29764,400;-919995,400;262416,800;-26169,830;-904730,800;262419,700;26186,380;904718,700;7,620;29726,040;919991,800;-251653,700;25336,120;899821,400
4,68;-0,040;1,919;0,441;-0,002;0,004;0,008;-0,002;-0,003;0,006;0,887;12,372;-251656,300;-25368,300;-899803,200;-1,050;-29764,400;-919995,400;262416,800;-26169,830;-904730,800;262419,700;26186,380;904718,700;7,620;29726,040;919991,800;-251653,700;25336,120;899821,400
4,70;-0,041;1,919;0,441;-0,002;0,003;0,006;-0,002;-0,004;0,006;0,887;12,372;-251656,400;-25368,180;-899803,300;-0,613;-29762,700;-919997,000;262417,000;-26171,290;-904730,500;262419,700;26187,210;904718,600;6,828;29726,140;919991,900;-251653,100;25336,360;899821,400
4,72;-0,041;1,919;0,441;-0,002;0,003;0,006;-0,002;-0,004;0,006;0,887;12,372;-251656,500;-25368,180;-899803,300;-0,499;-29762,700;-919997,000;262416,900;-26171,170;-904730,700;262419,700;26187,100;904718,800;6,950;29726,140;919991,900;-251653,200;25336,360;899821,400
4,74;-0,041;1,919;0,441;-0,002;0,003;0,006;-0,002;-0,004;0,006;0,887;12,372;-251656,500;-25368,180;-899803,300;-0,487;-29762,700;-919997,000;262416,900;-26171,170;-904730,700;262419,700;26187,100;904718,800;6,950;29726,140;919991,900;-251653,200;25336,360;899821,400
4,76;-0,041;1,919;0,441;-0,002;0,003;0,006;-0,002;-0,004;0,006;0,887;12,372;-251656,500;-25368,180;-899803,300;-0,476;-29762,700;-919997,000;262416,900;-26171,240;-904730,700;262419,500;26187,170;904718,800;6,950;29726,140;919991,900;-251653,200;25336,370;899821,300
4,78;-0,041;1,919;0,441;-0,002;0,003;0,006;-0,002;-0,004;0,006;0,887;12,372;-251656,500;-25368,180;-899803,300;-0,460;-29762,700;-919997,000;262416,900;-26171,240;-904730,700;262419,500;26187,170;904718,800;7,072;29726,140;919991,900;-251653,200;25336,370;899821,300
4,80;-0,041;1,919;0,441;-0,001;0,002;0,004;-0,004;-0,004;0,005;0,887;12,372;-251656,400;-25368,160;-899803,300;-0,354;-29762,460;-919997,300;262417,300;-26171,290;-904731,300;262419,700;26187,260;904718,800;6,479;29725,980;919992,000;-251652,800;25336,610;899821,200
4,82;-0,041;1,919;0,441;-0,001;0,001;0,003;-0,005;-0,004;0,005;0,887;12,372;-251656,300;-25368,060;-899803,300;-0,602;-29762,940;-919996,900;262417,500;-26170,470;-904731,900;262419,700;26187,240;904718,800;6,146;29725,870;919992,000;-251652,600;25336,780;899821,200
4,84;-0,041;1,919;0,441;-0,001;0,001;0,003;-0,005;-0,004;0,005;0,887;12,372;-251656,400;-25368,000;-899803,300;-0,495;-29762,940;-919996,900;262417,400;-26170,540;-904731,900;262419,600;26187,310;904718,800;6,268;29725,870;919992,000;-251652,800;25336,640;899821,200
4,86;-0,041;1,919;0,441;-0,001;0,001;0,003;-0,005;-0,004;0,005;0,887;12,372;-251656,400;-25368,000;-899803,300;-0,483;-29762,940;-919996,900;262417,400;-26170,540;-904731,900;262419,600;26187,310;904718,800;6,268;29725,870;919992,000;-251652,800;25336,640;899821,200
4,88;-0,041;1,919;0,441;-0,001;0,001;0,003;-0,005;-0,004;0,005;0,887;12,372;-251656,400;-25368,000;-899803,300;-0,472;-29762,940;-919996,900;262417,400;-26170,540;-904731,900;262419,600;26187,310;904718,800;6,268;29725,870;919992,000;-251652,800;25336,640;899821,200
4,90;-0,041;1,919;0,441;-0,001;0,001;0,003;-0,005;-0,004;0,005;0,887;12,372;-251656,500;-25367,930;-899803,300;-0,455;-29762,940;-919996,900;262417,300;-26170,530;-904732,000;262419,600;26187,300;904718,900;6,268;29725,870;919992,000;-251652,900;25336,710;899821,200
4,92;-0,041;1,919;0,441;-0,001;0,001;0,003;-0,005;-0,004;0,005;0,887;12,372;-251656,500;-25367,930;-899803,300;-0,441;-29762,940;-919996,900;262417,300;-26170,530;-904732,000;262419,600;26187,300;904718,900;6,268;29725,870;919992,000;-251652,900;25336,710;899821,200
4,94;-0,041;1,919;0,441;0,000;0,000;0,001;-0,007;-0,004;0,005;0,887;12,372;-251656,300;-25367,810;-899803,300;-0,854;-29763,640;-919996,300;262417,300;-26169,860;-904732,400;262419,700;26187,400;904718,900;6,173;29725,870;919992,000;-251652,800;25336,760;899821,300
4,96;-0,041;1,919;0,441;0,000;0,000;0,001;-0,007;-0,004;0,005;0,887;12,372;-251656,400;-25367,960;-899803,300;-0,759;-29763,640;-919996,300;262417,300;-26169,860;-904732,400;262419,600;26187,400;904718,900;6,295;29725,870;919992,000;-251652,800;25336,840;899821,200
4,98;-0,041;1,919;0,441;0,000;0,000;0,001;-0,007;-0,004;0,005;0,887;12,372;-251656,400;-25367,960;-899803,300;-0,748;-29763,640;-919996,300;262417,300;-26169,860;-904732,400;262419,600;26187,400;904718,900;6,295;29725,870;919992,000;-251652,800;25336,840;899821,200
5,00;-0,041;1,919;0,441;0,000;0,000;-0,001;-0,008;-0,004;0,005;0,887;12,372;-251656,300;-25367,900;-899803,300;-1,153;-29764,180;-919995,800;262417,300;-26169,350;-904732,800;262419,600;26187,380;904719,100;6,335;29725,930;919991,800;-251653,000;25336,760;899821,200
5,02;-0,041;1,919;0,441;0,000;0,000;-0,001;-0,008;-0,004;0,005;0,887;12,372;-251656,300;-25367,900;-899803,300;-1,138;-29764,180;-919995,800;262417,300;-26169,350;-904732,800;262419,600;26187,380;904719,100;6,458;29725,930;919991,800;-251653,000;25336,760;899821,200
5,04;-0,041;1,919;0,441;0,000;0,000;-0,001;-0,008;-0,004;0,005;0,887;12,372;-251656,300;-25367,900;-899803,300;-1,123;-29764,180;-919995,800;262417,300;-26169,350;-904732,800;262419,600;26187,380;904719,100;6,458;29725,930;919991,800;-251653,000;25336,760;899821,200
5,06;-0,041;1,919;0,441;0,000;0,000;-0,001;-0,008;-0,004;0,005;0,887;12,372;-251656,300;-25367,900;-899803,300;-1,110;-29764,180;-919995,800;262417,300;-26169,350;-904732,800;262419,600;26187,380;904719,100;6,458;29725,930;919991,800;-251653,000;25336,760;899821,200
5,08;-0,041;1,919;0,441;0,000;0,000;-0,004;-0,010;-0,004;0,005;0,887;12,372;-251656,200;-25367,860;-899803,200;-1,383;-29764,380;-919995,600;262417,400;-26169,070;-904732,900;262419,400;26187,420;904719,100;6,561;29726,030;919991,700;-251653,000;25336,570;899821,200
5,10;-0,041;1,919;0,441;0,000;0,000;-0,004;-0,010;-0,004;0,005;0,887;12,372;-251656,300;-25367,830;-899803,000;-1,292;-29764,380;-919995,600;262417,300;-26169,140;-904732,900;262419,400;26187,490;904719,100;6,683;29726,030;919991,700;-251653,200;25336,540;899821,100
5,12;-0,041;1,919;0,441;0,000;0,000;-0,004;-0,010;-0,004;0,005;0,887;12,372;-251656,300;-25367,830;-899803,000;-1,269;-29764,380;-919995,600;262417,300;-26169,140;-904732,900;262419,400;26187,490;904719,100;6,683;29726,030;919991,700;-251653,200;25336,540;899821,100
5,14;-0,041;1,919;0,441;0,000;0,001;-0,006;-0,011;-0,004;0,005;0,887;12,372;-251656,400;-25367,920;-899802,900;-1,393;-29764,340;-919995,500;262417,600;-26168,950;-904732,900;262419,400;26187,480;904719,100;6,801;29726,150;919991,800;-251653,300;25336,450;899821,100
5,16;-0,041;1,919;0,441;0,000;0,001;-0,006;-0,011;-0,004;0,005;0,887;12,372;-251656,400;-25367,920;-899802,900;-1,381;-29764,340;-919995,500;262417,600;-26168,950;-904732,900;262419,400;26187,480;904719,100;6,801;29726,150;919991,800;-251653,300;25336,450;899821,100
5,18;-0,041;1,919;0,441;0,000;0,001;-0,006;-0,011;-0,004;0,005;0,887;12,372;-251656,400;-25367,920;-899802,900;-1,365;-29764,340;-919995,500;262417,600;-26169,020;-904732,900;262419,300;26187,480;904719,100;6,801;29726,150;919991,800;-251653,300;25336,450;899821,100
5,20;-0,040;1,919;0,441;0,000;0,001;-0,009;-0,012;-0,005;0,006;0,887;12,372;-251657,000;-25367,940;-899803,000;-1,437;-29764,100;-919995,600;262417,300;-26168,770;-904732,900;262419,000;26187,160;904719,100;6,712;29726,050;919991,400;-251653,700;25336,460;899821,100
5,22;-0,040;1,919;0,441;0,000;0,001;-0,009;-0,012;-0,005;0,006;0,887;12,372;-251657,100;-25367,870;-899803,000;-1,340;-29764,100;-919995,600;262417,200;-26168,770;-904732,900;262419,000;26187,230;904719,100;6,712;29726,050;919991,400;-251653,800;25336,390;899821,100
5,24;-0,040;1,919;0,441;0,000;0,001;-0,009;-0,012;-0,005;0,006;0,887;12,372;-251657,100;-25367,870;-899803,000;-1,330;-29764,100;-919995,600;262417,200;-26168,770;-904732,900;262419,000;26187,230;904719,100;6,712;29726,050;919991,400;-251653,800;25336,390;899821,100
5,26;-0,040;1,919;0,441;0,000;0,001;-0,009;-0,012;-0,005;0,006;0,887;12,372;-251657,100;-25367,870;-899803,000;-1,323;-29764,100;-919995,600;262417,200;-26168,770;-904732,900;262419,000;26187,230;904719,100;6,834;29726,050;919991,400;-251653,800;25336,390;899821,100
5,28;-0,040;1,919;0,441;0,000;0,001;-0,011;-0,012;-0,002;0,005;0,887;12,372;-251656,800;-25367,920;-899802,800;-1,052;-29764,060;-919995,400;262417,400;-26168,490;-904733,200;262419,500;26187,500;904719,100;6,884;29726,140;919992,100;-251653,400;25336,590;899820,900
5,30;-0,040;1,919;0,441;0,001;0,001;-0,014;-0,014;-0,004;0,006;0,887;12,372;-251657,700;-25368,270;-899802,600;-0,954;-29764,060;-919995,200;262417,300;-26167,960;-904733,400;262418,900;26186,840;904719,100;7,086;29726,180;919991,800;-251654,000;25336,460;899820,900
5,32;-0,040;1,919;0,441;0,001;0,001;-0,014;-0,014;-0,004;0,006;0,887;12,372;-251657,800;-25368,360;-899802,400;-0,867;-29764,060;-919995,200;262417,200;-26168,030;-904733,400;262418,900;26186,790;904719,200;7,208;29726,180;919991,800;-251654,100;25336,540;899820,800
5,34;-0,040;1,919;0,441;0,001;0,001;-0,014;-0,014;-0,004;0,006;0,887;12,372;-251657,800;-25368,360;-899802,400;-0,858;-29764,060;-919995,200;262417,200;-26168,030;-904733,400;262418,900;26186,790;904719,200;7,208;29726,180;919991,800;-251654,100;25336,540;899820,800
5,36;-0,040;1,919;0,441;0,001;0,001;-0,014;-0,014;-0,004;0,006;0,887;12,372;-251657,800;-25368,360;-899802,400;-0,852;-29764,060;-919995,200;262417,200;-26168,030;-904733,400;262418,900;26186,790;904719,200;7,208;29726,180;919991,800;-251654,100;25336,540;899820,800
5,38;-0,040;1,919;0,441;0,001;0,001;-0,014;-0,014;-0,004;0,006;0,887;12,372;-251657,800;-25368,290;-899802,400;-0,834;-29764,060;-919995,200;262417,200;-26168,030;-904733,400;262418,900;26186,860;904719,200;7,208;29726,180;919991,800;-251654,100;25336,470;899820,800
5,40;-0,040;1,919;0,441;0,001;0,001;-0,014;-0,014;-0,004;0,006;0,887;12,372;-251657,800;-25368,290;-899802,400;-0,824;-29764,060;-919995,200;262417,200;-26168,030;-904733,400;262418,900;26186,860;904719,200;7,208;29726,180;919991,800;-251654,100;25336,470;899820,800
5,42;-0,040;1,919;0,440;0,001;0,000;-0,015;-0,015;-0,002;0,005;0,887;12,372;-251657,400;-25368,220;-899802,000;-0,725;-29764,220;-919994,700;262417,300;-26167,260;-904734,000;262419,400;26186,860;904719,200;7,376;29726,400;919992,400;-251654,000;25336,720;899820,700
5,44;-0,040;1,919;0,440;0,001;0,000;-0,015;-0,015;-0,002;0,005;0,887;12,372;-251657,500;-25368,300;-899801,900;-0,644;-29764,220;-919994,700;262417,200;-26167,260;-904734,100;262419,300;26186,850;904719,300;7,498;29726,400;919992,400;-251654,000;25336,800;899820,500
5,46;-0,040;1,919;0,440;0,002;0,000;-0,018;-0,017;-0,004;0,005;0,887;12,372;-251658,500;-25368,430;-899801,500;-1,145;-29764,690;-919993,900;262416,700;-26165,420;-904735,700;262418,700;26185,470;904719,300;7,789;29726,260;919992,200;-251654,600;25336,740;899820,400
5,48;-0,040;1,919;0,440;0,002;0,000;-0,018;-0,017;-0,004;0,005;0,887;12,372;-251658,500;-25368,430;-899801,500;-1,134;-29764,690;-919993,900;262416,700;-26165,420;-904735,700;262418,700;26185,470;904719,300;7,789;29726,260;919992,200;-251654,600;25336,740;899820,400
5,50;-0,040;1,919;0,440;0,002;0,000;-0,018;-0,017;-0,004;0,005;0,887;12,372;-251658,500;-25368,430;-899801,500;-1,121;-29764,690;-919993,900;262416,700;-26165,420;-904735,700;262418,700;26185,470;904719,300;7,789;29726,260;919992,200;-251654,600;25336,740;899820,400
5,52;-0,040;1,919;0,440;0,002;0,000;-0,018;-0,017;-0,004;0,005;0,887;12,372;-251658,500;-25368,430;-899801,500;-1,113;-29764,690;-919993,900;262416,700;-26165,420;-904735,700;262418,700;26185,470;904719,300;7,789;29726,260;919992,200;-251654,600;25336,740;899820,400
5,54;-0,040;1,919;0,440;0,002;0,000;-0,020;-0,018;-0,004;0,005;0,887;12,372;-251658,800;-25367,940;-899801,800;-1,551;-29764,100;-919994,100;262416,200;-26156,400;-904744,400;262418,800;26183,630;904719,400;7,393;29726,240;919992,400;-251654,800;25337,140;899820,100
5,56;-0,040;1,919;0,440;0,002;0,000;-0,020;-0,018;-0,004;0,005;0,887;12,372;-251658,900;-25367,940;-899801,800;-1,466;-29764,100;-919994,100;262416,100;-26156,400;-904744,400;262418,700;26183,700;904719,400;7,515;29726,240;919992,400;-251654,900;25337,140;899820,100
5,58;-0,040;1,919;0,440;0,002;0,000;-0,020;-0,018;-0,004;0,005;0,887;12,372;-251658,900;-25367,940;-899801,800;-1,454;-29764,100;-919994,100;262416,100;-26156,400;-904744,400;262418,700;26183,700;904719,400;7,515;29726,240;919992,400;-251654,900;25337,140;899820,100
5,60;-0,040;1,919;0,439;0,001;0,000;-0,019;-0,017;-0,003;0,005;0,887;12,372;-251658,200;-25367,870;-899801,500;-1,062;-29762,330;-919995,300;262416,000;-26146,540;-904753,800;262419,100;26183,800;904719,400;7,692;29726,760;919993,300;-251654,400;25337,110;899820,200
5,62;-0,040;1,919;0,439;0,001;0,000;-0,019;-0,017;-0,003;0,005;0,887;12,372;-251658,200;-25367,870;-899801,500;-1,054;-29762,330;-919995,300;262416,000;-26146,540;-904753,800;262419,100;26183,800;904719,400;7,692;29726,760;919993,300;-251654,400;25337,110;899820,200
5,64;-0,040;1,919;0,439;0,001;0,001;-0,020;-0,017;-0,004;0,005;0,887;12,372;-251658,700;-25368,040;-899801,600;-0,617;-29760,470;-919996,700;262415,900;-26144,940;-904754,800;262418,500;26183,910;904719,400;7,623;29727,190;919992,900;-251654,500;25336,810;899820,300
5,66;-0,040;1,919;0,439;0,001;0,001;-0,020;-0,017;-0,004;0,005;0,887;12,372;-251658,800;-25367,970;-899801,600;-0,546;-29760,470;-919996,700;262415,800;-26145,000;-904754,900;262418,500;26183,900;904719,400;7,623;29727,190;919992,900;-251654,600;25336,680;899820,200
5,68;-0,040;1,919;0,439;0,001;0,001;-0,020;-0,017;-0,004;0,005;0,887;12,372;-251658,800;-25367,970;-899801,600;-0,538;-29760,470;-919996,700;262415,800;-26145,000;-904754,900;262418,500;26183,900;904719,400;7,623;29727,190;919992,900;-251654,600;25336,680;899820,200
5,70;-0,040;1,919;0,439;0,001;0,001;-0,020;-0,017;-0,004;0,005;0,887;12,372;-251658,800;-25367,970;-899801,600;-0,529;-29760,470;-919996,700;262415,800;-26145,000;-904754,900;262418,500;26183,900;904719,400;7,623;29727,190;919992,900;-251654,600;25336,680;899820,200
5,72;-0,040;1,919;0,439;0,000;0,001;-0,018;-0,016;-0,004;0,005;0,887;12,372;-251658,800;-25367,700;-899801,700;-0,154;-29758,980;-919997,800;262415,900;-26147,060;-904752,300;262418,700;26183,970;904719,400;6,802;29727,290;919993,100;-251654,400;25336,870;899820,000
5,74;-0,040;1,919;0,438;0,000;0,000;-0,015;-0,014;-0,003;0,004;0,887;12,372;-251658,400;-25367,740;-899801,500;0,325;-29758,030;-919998,600;262416,200;-26148,470;-904750,700;262419,100;26184,420;904719,400;6,643;29727,330;919993,800;-251653,800;25336,950;899820,000
5,76;-0,040;1,919;0,438;0,000;0,000;-0,015;-0,014;-0,003;0,004;0,887;12,372;-251658,400;-25367,740;-899801,500;0,392;-29758,030;-919998,600;262416,200;-26148,470;-904750,700;262419,100;26184,490;904719,400;6,643;29727,330;919993,800;-251653,900;25336,950;899820,000
5,78;-0,040;1,919;0,438;0,000;0,000;-0,015;-0,014;-0,003;0,004;0,887;12,372;-251658,400;-25367,740;-899801,500;0,401;-29758,030;-919998,600;262416,200;-26148,470;-904750,700;262419,100;26184,490;904719,400;6,643;29727,330;919993,800;-251653,900;25336,950;899820,000
5,80;-0,040;1,919;0,438;0,000;0,000;-0,015;-0,014;-0,003;0,004;0,887;12,372;-251658,500;-25367,670;-899801,500;0,408;-29758,030;-919998,600;262416,200;-26148,470;-904750,700;262419,100;26184,490;904719,400;6,643;29727,330;919993,800;-251653,900;25336,880;899820,000
5,82;-0,040;1,919;0,438;0,000;0,000;-0,015;-0,014;-0,003;0,004;0,887;12,372;-251658,500;-25367,670;-899801,500;0,416;-29758,030;-919998,600;262416,200;-26148,470;-904750,700;262419,100;26184,490;904719,400;6,643;29727,330;919993,800;-251653,900;25336,880;899820,000
5,84;-0,040;1,919;0,438;0,000;-0,001;-0,008;-0,011;-0,003;0,003;0,887;12,372;-251658,600;-25367,630;-899801,600;0,718;-29757,350;-919999,300;262416,300;-26149,730;-904749,100;262419,200;26184,530;904719,400;6,200;29727,350;919993,800;-251653,700;25337,010;899820,000
5,86;-0,040;1,919;0,438;0,000;-0,001;-0,008;-0,011;-0,003;0,003;0,887;12,372;-251658,600;-25367,630;-899801,600;0,773;-29757,350;-919999,300;262416,300;-26149,610;-904749,300;262419,100;26184,420;904719,600;6,200;29727,350;919993,800;-251653,700;25337,010;899820,000
5,88;-0,040;1,919;0,438;0,000;-0,001;-0,008;-0,011;-0,003;0,003;0,887;12,372;-251658,600;-25367,630;-899801,600;0,780;-29757,350;-919999,300;262416,300;-26149,610;-904749,300;262419,100;26184,420;904719,600;6,200;29727,350;919993,800;-251653,700;25337,010;899820,000
5,90;-0,040;1,919;0,438;0,000;-0,001;-0,008;-0,011;-0,003;0,003;0,887;12,372;-251658,600;-25367,630;-899801,600;0,785;-29757,350;-919999,300;262416,300;-26149,610;-904749,300;262419,100;26184,420;904719,600;6,200;29727,350;919993,800;-251653,700;25337,010;899820,000
5,92;-0,040;1,919;0,438;0,000;-0,001;-0,008;-0,011;-0,003;0,003;0,887;12,372;-251658,600;-25367,820;-899801,400;0,795;-29757,350;-919999,300;262416,300;-26149,680;-904749,300;262419,100;26184,420;904719,600;6,200;29727,350;919993,800;-251653,800;25337,200;899819,900
5,94;-0,040;1,919;0,438;0,000;-0,001;-0,005;-0,010;-0,005;0,003;0,887;12,372;-251659,100;-25367,880;-899801,400;0,618;-29757,420;-919999,300;262416,100;-26149,490;-904749,400;262418,600;26184,130;904719,600;6,110;29727,220;919993,400;-251654,100;25337,060;899819,900
5,96;-0,040;1,919;0,438;0,000;-0,001;-0,005;-0,010;-0,005;0,003;0,887;12,372;-251659,200;-25367,880;-899801,400;0,665;-29757,420;-919999,300;262416,000;-26149,490;-904749,400;262418,500;26184,200;904719,600;6,232;29727,220;919993,400;-251654,100;25337,060;899819,900
5,98;-0,040;1,919;0,438;0,000;-0,002;0,000;-0,008;-0,003;0,003;0,887;12,372;-251658,600;-25367,740;-899801,400;0,660;-29757,800;-919999,100;262416,200;-26149,470;-904749,600;262419,000;26184,600;904719,600;6,159;29727,180;919993,700;-251653,800;25337,200;899819,900
6,00;-0,040;1,919;0,438;0,000;-0,002;0,000;-0,008;-0,003;0,003;0,887;12,372;-251658,600;-25367,740;-899801,400;0,663;-29757,800;-919999,100;262416,200;-26149,470;-904749,600;262419,000;26184,600;904719,600;6,159;29727,180;919993,700;-251653,800;25337,200;899819,900
6,02;-0,040;1,919;0,438;0,000;-0,002;0,000;-0,008;-0,003;0,003;0,887;12,372;-251658,600;-25367,740;-899801,400;0,674;-29757,800;-919999,100;262416,200;-26149,470;-904749,600;262419,000;26184,600;904719,600;6,159;29727,180;919993,700;-251653,800;25337,200;899819,900
6,04;-0,040;1,919;0,438;0,000;-0,002;0,003;-0,007;-0,003;0,003;0,887;12,372;-251658,700;-25367,940;-899801,300;0,549;-29758,380;-919998,800;262416,200;-26148,870;-904750,500;262418,800;26184,490;904719,600;6,488;29727,150;919993,500;-251653,900;25336,990;899820,000
6,06;-0,040;1,919;0,438;0,000;-0,002;0,003;-0,007;-0,003;0,003;0,887;12,372;-251658,700;-25367,870;-899801,300;0,587;-29758,380;-919998,800;262416,200;-26148,870;-904750,500;262418,800;26184,480;904719,800;6,488;29727,150;919993,500;-251653,900;25336,920;899820,000
6,08;-0,040;1,919;0,438;0,000;-0,002;0,003;-0,007;-0,003;0,003;0,887;12,372;-251658,700;-25367,870;-899801,300;0,591;-29758,380;-919998,800;262416,200;-26148,870;-904750,500;262418,800;26184,480;904719,800;6,488;29727,150;919993,500;-251653,900;25336,920;899820,000
6,10;-0,040;1,919;0,438;0,000;-0,002;0,003;-0,007;-0,003;0,003;0,887;12,372;-251658,700;-25367,870;-899801,300;0,593;-29758,380;-919998,800;262416,200;-26148,870;-904750,500;262418,800;26184,480;904719,800;6,488;29727,150;919993,500;-251653,900;25336,920;899820,000
6,12;-0,040;1,919;0,438;0,000;-0,003;0,005;-0,006;-0,003;0,002;0,887;12,372;-251658,700;-25367,870;-899801,300;0,390;-29759,070;-919998,300;262416,200;-26148,100;-904751,600;262418,700;26184,480;904719,800;6,751;29727,130;919993,300;-251654,000;25336,910;899820,100
6,14;-0,040;1,919;0,439;0,000;-0,003;0,007;-0,006;-0,003;0,002;0,887;12,372;-251658,600;-25367,910;-899801,300;0,159;-29759,880;-919997,800;262416,200;-26147,180;-904752,900;262418,700;26184,490;904719,800;7,066;29727,060;919993,100;-251654,200;25336,870;899820,000
6,16;-0,040;1,919;0,439;0,000;-0,003;0,007;-0,006;-0,003;0,002;0,887;12,372;-251658,700;-25367,840;-899801,300;0,191;-29759,880;-919997,800;262416,100;-26147,170;-904753,000;262418,700;26184,490;904719,800;7,066;29727,060;919993,100;-251654,300;25336,870;899820,000
6,18;-0,040;1,919;0,439;0,000;-0,003;0,007;-0,006;-0,003;0,002;0,887;12,372;-251658,700;-25367,840;-899801,300;0,193;-29759,880;-919997,800;262416,100;-26147,170;-904753,000;262418,700;26184,490;904719,800;7,066;29727,060;919993,100;-251654,300;25336,870;899820,000
6,20;-0,040;1,919;0,439;0,000;-0,003;0,007;-0,006;-0,003;0,002;0,887;12,372;-251658,700;-25367,840;-899801,300;0,197;-29759,880;-919997,800;262416,100;-26147,170;-904753,000;262418,700;26184,490;904719,800;7,066;29727,060;919993,100;-251654,300;25336,870;899820,000
6,22;-0,040;1,919;0,439;0,000;-0,003;0,007;-0,006;-0,003;0,002;0,887;12,372;-251658,700;-25367,840;-899801,300;0,200;-29759,880;-919997,800;262416,100;-26147,170;-904753,000;262418,700;26184,490;904719,800;7,066;29727,060;919993,100;-251654,300;25336,870;899820,000
6,24;-0,040;1,919;0,439;0,000;-0,003;0,007;-0,006;-0,003;0,002;0,887;12,372;-251658,700;-25367,840;-899801,300;0,202;-29759,880;-919997,800;262416,100;-26147,170;-904753,000;262418,700;26184,490;904719,800;7,066;29727,060;919993,100;-251654,300;25336,870;899820,000
6,26;-0,040;1,919;0,439;0,001;-0,003;0,008;-0,006;-0,003;0,002;0,887;12,372;-251658,600;-25367,890;-899801,300;-0,272;-29761,480;-919996,500;262416,000;-26145,150;-904755,600;262418,600;26184,490;904719,800;7,735;29726,910;919992,800;-251654,600;25336,820;899820,100
6,28;-0,040;1,919;0,439;0,001;-0,003;0,008;-0,006;-0,003;0,002;0,887;12,372;-251658,700;-25367,890;-899801,300;-0,250;-29761,480;-919996,500;262415,900;-26145,220;-904755,600;262418,400;26184,560;904719,800;7,735;29726,910;919992,800;-251654,600;25336,750;899820,100
6,30;-0,040;1,919;0,439;0,001;-0,003;0,008;-0,006;-0,003;0,002;0,887;12,372;-251658,700;-25367,890;-899801,300;-0,247;-29761,480;-919996,500;262415,900;-26145,220;-904755,600;262418,400;26184,560;904719,800;7,735;29726,910;919992,800;-251654,600;25336,750;899820,100
6,32;-0,040;1,919;0,439;0,001;-0,003;0,008;-0,006;-0,003;0,002;0,887;12,372;-251658,700;-25367,890;-899801,300;-0,246;-29761,480;-919996,500;262415,900;-26145,220;-904755,600;262418,400;26184,560;904719,800;7,735;29726,910;919992,800;-251654,600;25336,750;899820,100
6,34;-0,040;1,919;0,439;0,001;-0,003;0,008;-0,006;-0,003;0,002;0,887;12,372;-251658,700;-25367,890;-899801,300;-0,243;-29761,480;-919996,500;262415,900;-26145,220;-904755,600;262418,400;26184,560;904719,800;7,735;29726,910;919992,800;-251654,600;25336,750;899820,100
6,36;-0,040;1,919;0,439;0,001;-0,003;0,008;-0,006;-0,003;0,002;0,887;12,372;-251658,700;-25367,890;-899801,300;-0,240;-29761,480;-919996,500;262415,900;-26145,220;-904755,600;262418,400;26184,560;904719,800;7,735;29726,910;919992,800;-251654,600;25336,750;899820,100
6,38;-0,040;1,919;0,439;0,001;-0,003;0,007;-0,006;-0,003;0,002;0,887;12,372;-251658,600;-25367,930;-899801,200;-0,447;-29762,170;-919995,900;262415,800;-26144,270;-904756,900;262418,300;26184,540;904719,800;8,045;29726,860;919992,700;-251654,700;25336,730;899820,100
6,40;-0,040;1,919;0,439;0,001;-0,003;0,007;-0,006;-0,003;0,002;0,887;12,372;-251658,600;-25367,930;-899801,200;-0,434;-29762,170;-919995,900;262415,800;-26144,270;-904756,900;262418,300;26184,540;904719,800;8,045;29726,860;919992,700;-251654,700;25336,730;899820,100
6,42;-0,040;1,919;0,439;0,001;-0,003;0,006;-0,006;-0,003;0,002;0,887;12,372;-251658,600;-25367,960;-899801,200;-0,603;-29762,740;-919995,400;262415,800;-26143,440;-904757,900;262418,300;26184,510;904719,800;8,321;29726,840;919992,600;-251654,800;25336,700;899820,200
6,44;-0,040;1,919;0,439;0,001;-0,003;0,006;-0,006;-0,003;0,002;0,887;12,372;-251658,600;-25367,960;-899801,200;-0,602;-29762,740;-919995,400;262415,800;-26143,440;-904757,900;262418,300;26184,510;904719,800;8,321;29726,840;919992,600;-251654,800;25336,700;899820,200
6,46;-0,040;1,919;0,439;0,001;-0,003;0,006;-0,006;-0,003;0,002;0,887;12,372;-251658,600;-25367,960;-899801,200;-0,600;-29762,740;-919995,400;262415,800;-26143,440;-904757,900;262418,300;26184,510;904719,800;8,321;29726,840;919992,600;-251654,800;25336,700;899820,200
6,48;-0,040;1,919;0,439;0,001;-0,003;0,006;-0,006;-0,003;0,002;0,887;12,372;-251658,600;-25367,960;-899801,200;-0,599;-29762,740;-919995,400;262415,800;-26143,440;-904757,900;262418,300;26184,510;904719,800;8,321;29726,840;919992,600;-251654,800;25336,700;899820,200
6,50;-0,040;1,919;0,439;0,001;-0,003;0,005;-0,007;-0,003;0,002;0,887;12,372;-251658,600;-25367,990;-899801,200;-0,724;-29763,150;-919995,000;262415,700;-26142,790;-904758,700;262418,300;26184,480;904719,800;8,543;29726,860;919992,600;-251654,900;25336,680;899820,200
6,52;-0,040;1,919;0,439;0,001;-0,003;0,005;-0,007;-0,003;0,002;0,887;12,372;-251658,600;-25368,000;-899801,100;-0,719;-29763,150;-919995,000;262415,700;-26142,790;-904758,700;262418,300;26184,480;904719,800;8,543;29726,860;919992,600;-251654,900;25336,690;899820,000
6,54;-0,040;1,919;0,439;0,001;-0,003;0,005;-0,007;-0,003;0,002;0,887;12,372;-251658,600;-25368,000;-899801,100;-0,718;-29763,150;-919995,000;262415,700;-26142,790;-904758,700;262418,300;26184,480;904719,800;8,543;29726,860;919992,600;-251654,900;25336,690;899820,000
6,56;-0,040;1,919;0,439;0,001;-0,003;0,005;-0,007;-0,003;0,002;0,887;12,372;-251658,600;-25368,000;-899801,100;-0,718;-29763,150;-919995,000;262415,700;-26142,790;-904758,700;262418,300;26184,480;904719,800;8,543;29726,860;919992,600;-251654,900;25336,690;899820,000
6,58;-0,040;1,919;0,439;0,001;-0,003;0,003;-0,008;-0,003;0,002;0,887;12,372;-251658,600;-25368,020;-899801,100;-0,799;-29763,410;-919994,800;262415,600;-26142,330;-904759,300;262418,200;26184,440;904719,800;8,703;29726,870;919992,500;-251655,000;25336,660;899820,000
6,60;-0,040;1,919;0,439;0,001;-0,003;0,003;-0,008;-0,003;0,002;0,887;12,372;-251658,600;-25368,020;-899801,100;-0,799;-29763,410;-919994,800;262415,600;-26142,330;-904759,300;262418,200;26184,440;904719,800;8,703;29726,870;919992,500;-251655,000;25336,660;899820,000
6,62;-0,040;1,919;0,440;0,001;-0,002;0,001;-0,008;-0,003;0,003;0,887;12,372;-251658,600;-25368,040;-899801,100;-0,828;-29763,500;-919994,600;262415,600;-26142,090;-904759,400;262418,200;26184,400;904719,800;8,797;29726,890;919992,600;-251655,000;25336,650;899820,000
6,64;-0,040;1,919;0,440;0,001;-0,002;0,001;-0,008;-0,003;0,003;0,887;12,372;-251658,600;-25368,030;-899801,200;-0,832;-29763,500;-919994,600;262415,600;-26142,090;-904759,400;262418,200;26184,400;904719,800;8,797;29726,890;919992,600;-251655,000;25336,640;899820,100
6,66;-0,040;1,919;0,440;0,001;-0,002;0,001;-0,008;-0,003;0,003;0,887;12,372;-251658,600;-25368,030;-899801,200;-0,833;-29763,500;-919994,600;262415,600;-26142,090;-904759,400;262418,200;26184,400;904719,800;8,797;29726,890;919992,600;-251655,000;25336,640;899820,100
6,68;-0,040;1,919;0,440;0,001;-0,002;0,001;-0,008;-0,003;0,003;0,887;12,372;-251658,600;-25368,030;-899801,200;-0,834;-29763,500;-919994,600;262415,600;-26142,090;-904759,400;262418,200;26184,400;904719,800;8,797;29726,890;919992,600;-251655,000;25336,640;899820,100
6,70;-0,040;1,919;0,440;0,001;-0,002;0,001;-0,008;-0,003;0,003;0,887;12,372;-251658,600;-25368,030;-899801,200;-0,835;-29763,500;-919994,600;262415,600;-26142,090;-904759,400;262418,200;26184,400;904719,800;8,797;29726,890;919992,600;-251655,000;25336,640;899820,100
6,72;-0,040;1,919;0,440;0,001;-0,002;-0,002;-0,010;-0,005;0,003;0,887;12,372;-251659,100;-25367,880;-899801,400;-1,057;-29763,440;-919994,600;262415,300;-26141,850;-904759,500;262417,800;26184,000;904719,800;8,495;29726,700;919992,100;-251655,400;25336,760;899820,100
6,74;-0,040;1,919;0,440;0,001;-0,002;-0,003;-0,010;-0,003;0,003;0,887;12,372;-251658,400;-25367,760;-899801,300;-0,836;-29763,230;-919994,800;262415,500;-26142,270;-904759,100;262418,500;26184,600;904719,800;8,466;29726,760;919992,900;-251654,900;25336,940;899819,900
6,76;-0,040;1,919;0,440;0,001;-0,002;-0,003;-0,010;-0,003;0,003;0,887;12,372;-251658,400;-25367,760;-899801,300;-0,849;-29763,230;-919994,800;262415,500;-26142,270;-904759,100;262418,500;26184,600;904719,800;8,466;29726,760;919992,900;-251654,900;25336,940;899819,900
6,78;-0,040;1,919;0,440;0,001;-0,002;-0,003;-0,010;-0,003;0,003;0,887;12,372;-251658,400;-25367,760;-899801,300;-0,851;-29763,230;-919994,800;262415,500;-26142,270;-904759,100;262418,500;26184,600;904719,800;8,466;29726,760;919992,900;-251654,900;25336,940;899819,900
6,80;-0,040;1,919;0,440;0,001;-0,002;-0,003;-0,010;-0,003;0,003;0,887;12,372;-251658,400;-25367,760;-899801,300;-0,852;-29763,230;-919994,800;262415,500;-26142,270;-904759,100;262418,500;26184,600;904719,800;8,466;29726,760;919992,900;-251654,900;25336,940;899819,900
6,82;-0,040;1,919;0,440;0,001;-0,002;-0,003;-0,010;-0,003;0,003;0,887;12,372;-251658,400;-25367,760;-899801,300;-0,854;-29763,230;-919994,800;262415,500;-26142,270;-904759,100;262418,500;26184,600;904719,800;8,466;29726,760;919992,900;-251654,900;25336,940;899819,900
6,84;-0,040;1,919;0,440;0,001;-0,002;-0,003;-0,010;-0,003;0,003;0,887;12,372;-251658,400;-25367,760;-899801,300;-0,856;-29763,230;-919994,800;262415,500;-26142,270;-904759,100;262418,500;26184,600;904719,800;8,466;29726,760;919992,900;-251654,900;25336,940;899819,900
6,86;-0,040;1,919;0,439;0,001;-0,002;-0,005;-0,011;-0,005;0,003;0,887;12,372;-251659,100;-25367,910;-899801,300;-0,902;-29762,930;-919994,900;262415,300;-26142,290;-904758,900;262417,900;26184,040;904719,800;8,357;29726,710;919992,400;-251655,200;25336,780;899820,100
6,88;-0,040;1,919;0,439;0,001;-0,002;-0,005;-0,011;-0,005;0,003;0,887;12,372;-251659,000;-25367,910;-899801,300;-0,923;-29762,930;-919994,900;262415,300;-26142,220;-904758,900;262418,000;26183,970;904719,800;8,357;29726,710;919992,400;-251655,200;25336,850;899820,100
6,90;-0,040;1,919;0,439;0,001;-0,002;-0,006;-0,011;-0,003;0,003;0,887;12,372;-251658,400;-25367,780;-899801,300;-0,660;-29762,530;-919995,300;262415,600;-26142,950;-904758,100;262418,700;26184,480;904719,800;8,243;29726,880;919993,100;-251654,700;25337,010;899820,000
6,92;-0,040;1,919;0,439;0,001;-0,002;-0,006;-0,011;-0,003;0,003;0,887;12,372;-251658,400;-25367,780;-899801,300;-0,663;-29762,530;-919995,300;262415,600;-26142,950;-904758,100;262418,700;26184,480;904719,800;8,243;29726,880;919993,100;-251654,700;25337,010;899820,000
6,94;-0,040;1,919;0,439;0,001;-0,002;-0,006;-0,011;-0,003;0,003;0,887;12,372;-251658,400;-25367,780;-899801,300;-0,666;-29762,530;-919995,300;262415,600;-26142,950;-904758,100;262418,700;26184,480;904719,800;8,243;29726,880;919993,100;-251654,700;25337,010;899820,000
6,96;-0,040;1,919;0,439;0,001;-0,002;-0,006;-0,011;-0,003;0,003;0,887;12,372;-251658,400;-25367,780;-899801,300;-0,669;-29762,530;-919995,300;262415,600;-26142,950;-904758,100;262418,700;26184,480;904719,800;8,243;29726,880;919993,100;-251654,700;25337,010;899820,000
6,98;-0,040;1,919;0,439;0,000;-0,001;-0,008;-0,012;-0,004;0,003;0,887;12,372;-251659,000;-25367,950;-899801,300;-0,656;-29762,130;-919995,600;262415,400;-26143,220;-904757,600;262418,100;26184,020;904719,800;8,141;29726,880;919992,600;-251655,100;25336,800;899820,100
7,00;-0,040;1,919;0,439;0,000;-0,001;-0,008;-0,012;-0,004;0,003;0,887;12,372;-251659,000;-25367,950;-899801,300;-0,684;-29762,130;-919995,600;262415,400;-26143,220;-904757,600;262418,100;26184,020;904719,800;8,141;29726,880;919992,600;-251655,100;25336,800;899820,100
7,02;-0,040;1,919;0,439;0,000;-0,001;-0,008;-0,012;-0,004;0,003;0,887;12,372;-251659,000;-25368,020;-899801,300;-0,688;-29762,130;-919995,600;262415,500;-26143,220;-904757,400;262418,100;26184,020;904719,800;8,141;29726,880;919992,600;-251655,000;25336,800;899820,100
7,04;-0,040;1,919;0,439;0,000;-0,001;-0,007;-0,011;-0,003;0,003;0,887;12,372;-251658,400;-25367,860;-899801,300;-0,442;-29761,700;-919995,900;262415,800;-26144,090;-904756,500;262418,700;26184,450;904719,800;7,953;29726,990;919993,100;-251654,500;25336,960;899820,000
7,06;-0,040;1,919;0,439;0,000;-0,001;-0,007;-0,011;-0,003;0,003;0,887;12,372;-251658,400;-25367,860;-899801,300;-0,448;-29761,700;-919995,900;262415,800;-26144,090;-904756,500;262418,700;26184,450;904719,800;7,953;29726,990;919993,100;-251654,500;25336,960;899820,000
7,08;-0,040;1,919;0,439;0,000;-0,001;-0,008;-0,012;-0,004;0,003;0,887;12,372;-251659,000;-25367,990;-899801,300;-0,441;-29761,310;-919996,300;262415,600;-26144,400;-904755,900;262418,200;26184,070;904719,800;7,841;29726,930;919992,700;-251654,800;25336,800;899820,100
7,10;-0,040;1,919;0,439;0,000;-0,001;-0,008;-0,012;-0,004;0,003;0,887;12,372;-251659,000;-25368,060;-899801,300;-0,479;-29761,310;-919996,300;262415,700;-26144,400;-904755,900;262418,200;26184,080;904719,600;7,841;29726,930;919992,700;-251654,800;25336,870;899820,100
7,12;-0,040;1,919;0,439;0,000;-0,001;-0,008;-0,012;-0,004;0,003;0,887;12,372;-251659,000;-25368,060;-899801,300;-0,483;-29761,310;-919996,300;262415,700;-26144,400;-904755,900;262418,200;26184,080;904719,600;7,841;29726,930;919992,700;-251654,800;25336,870;899820,100
7,14;-0,040;1,919;0,439;0,000;-0,001;-0,008;-0,012;-0,004;0,003;0,887;12,372;-251659,000;-25368,060;-899801,300;-0,487;-29761,310;-919996,300;262415,700;-26144,400;-904755,900;262418,200;26184,080;904719,600;7,841;29726,930;919992,700;-251654,800;25336,870;899820,100
7,16;-0,040;1,919;0,439;0,000;-0,001;-0,008;-0,012;-0,004;0,003;0,887;12,372;-251659,000;-25368,060;-899801,300;-0,494;-29761,310;-919996,300;262415,700;-26144,400;-904755,900;262418,200;26184,080;904719,600;7,841;29726,930;919992,700;-251654,800;25336,870;899820,100
7,18;-0,040;1,919;0,439;0,000;-0,001;-0,008;-0,012;-0,004;0,003;0,887;12,372;-251659,000;-25368,060;-899801,300;-0,499;-29761,310;-919996,300;262415,700;-26144,400;-904755,900;262418,200;26184,080;904719,600;7,841;29726,930;919992,700;-251654,800;25336,870;899820,100
7,20;-0,040;1,919;0,439;0,000;-0,001;-0,007;-0,011;-0,003;0,003;0,887;12,372;-251658,400;-25367,890;-899801,300;-0,293;-29760,960;-919996,600;262415,900;-26145,200;-904755,100;262418,800;26184,490;904719,600;7,631;29726,990;919993,100;-251654,400;25337,050;899819,900
7,22;-0,040;1,919;0,439;0,000;-0,001;-0,007;-0,012;-0,004;0,003;0,887;12,372;-251658,900;-25368,010;-899801,300;-0,358;-29760,680;-919996,900;262415,800;-26145,390;-904754,800;262418,300;26184,070;904719,600;7,415;29726,900;919992,800;-251654,700;25336,910;899820,100
7,24;-0,040;1,919;0,439;0,000;-0,001;-0,007;-0,012;-0,004;0,003;0,887;12,372;-251658,900;-25368,010;-899801,300;-0,365;-29760,680;-919996,900;262415,800;-26145,390;-904754,800;262418,300;26184,070;904719,600;7,415;29726,900;919992,800;-251654,700;25336,910;899820,100
7,26;-0,040;1,919;0,439;0,000;-0,001;-0,007;-0,012;-0,004;0,003;0,887;12,372;-251658,900;-25368,010;-899801,300;-0,371;-29760,680;-919996,900;262415,800;-26145,390;-904754,800;262418,300;26184,070;904719,600;7,415;29726,900;919992,800;-251654,700;25336,910;899820,100
7,28;-0,040;1,919;0,439;0,000;-0,001;-0,007;-0,012;-0,004;0,003;0,887;12,372;-251658,900;-25368,010;-899801,300;-0,379;-29760,680;-919996,900;262415,800;-26145,390;-904754,800;262418,300;26184,070;904719,600;7,415;29726,900;919992,800;-251654,700;25336,910;899820,100
7,30;-0,040;1,919;0,439;0,000;-0,001;-0,007;-0,012;-0,004;0,003;0,887;12,372;-251658,900;-25367,820;-899801,500;-0,384;-29760,680;-919996,900;262415,900;-26145,320;-904754,800;262418,300;26184,070;904719,600;7,415;29726,900;919992,800;-251654,600;25336,720;899820,200
7,32;-0,040;1,919;0,439;0,000;-0,001;-0,006;-0,011;-0,003;0,003;0,887;12,372;-251658,300;-25367,670;-899801,500;-0,226;-29760,480;-919997,100;262416,100;-26145,930;-904754,300;262418,900;26184,470;904719,600;7,239;29726,960;919993,200;-251654,100;25336,900;899820,100
7,34;-0,040;1,919;0,439;0,000;-0,001;-0,005;-0,011;-0,004;0,003;0,887;12,372;-251658,900;-25367,780;-899801,500;-0,361;-29760,360;-919997,300;262416,000;-26146,020;-904754,100;262418,500;26184,230;904719,400;7,193;29726,870;919992,800;-251654,500;25336,770;899820,200
7,36;-0,040;1,919;0,439;0,000;-0,001;-0,005;-0,011;-0,004;0,003;0,887;12,372;-251658,900;-25367,780;-899801,500;-0,367;-29760,360;-919997,300;262416,000;-26146,020;-904754,100;262418,500;26184,230;904719,400;7,193;29726,870;919992,800;-251654,500;25336,770;899820,200
7,38;-0,040;1,919;0,439;0,000;-0,001;-0,005;-0,011;-0,004;0,003;0,887;12,372;-251658,900;-25367,780;-899801,500;-0,373;-29760,360;-919997,300;262416,000;-26146,020;-904754,100;262418,500;26184,230;904719,400;7,193;29726,870;919992,800;-251654,500;25336,770;899820,200
7,40;-0,040;1,919;0,439;0,000;-0,001;-0,005;-0,011;-0,004;0,003;0,887;12,372;-251658,900;-25367,780;-899801,500;-0,380;-29760,360;-919997,300;262416,000;-26146,020;-904754,100;262418,500;26184,230;904719,400;7,071;29726,870;919992,800;-251654,500;25336,770;899820,200
7,42;-0,040;1,919;0,439;0,000;-0,002;-0,003;-0,010;-0,003;0,003;0,887;12,372;-251658,300;-25367,710;-899801,500;-0,268;-29760,320;-919997,300;262416,200;-26146,400;-904753,800;262419,100;26184,640;904719,400;6,966;29726,910;919993,200;-251654,100;25337,000;899820,100
7,44;-0,040;1,919;0,439;0,000;-0,002;-0,003;-0,010;-0,003;0,003;0,887;12,372;-251658,200;-25367,710;-899801,500;-0,326;-29760,320;-919997,300;262416,200;-26146,400;-904753,800;262419,100;26184,570;904719,400;6,966;29726,910;919993,200;-251654,000;25337,000;899820,100
7,46;-0,040;1,919;0,439;0,000;-0,002;-0,003;-0,010;-0,003;0,003;0,887;12,372;-251658,200;-25367,710;-899801,500;-0,332;-29760,320;-919997,300;262416,200;-26146,400;-904753,800;262419,100;26184,570;904719,400;6,966;29726,910;919993,200;-251654,000;25337,000;899820,100
7,48;-0,040;1,919;0,439;0,000;-0,002;-0,003;-0,010;-0,003;0,003;0,887;12,372;-251658,200;-25367,710;-899801,500;-0,340;-29760,320;-919997,300;262416,200;-26146,400;-904753,800;262419,100;26184,570;904719,400;6,966;29726,910;919993,200;-251654,000;25337,000;899820,100
7,50;-0,040;1,919;0,439;0,000;-0,002;-0,003;-0,010;-0,003;0,003;0,887;12,372;-251658,200;-25367,710;-899801,500;-0,346;-29760,320;-919997,300;262416,200;-26146,400;-904753,800;262419,100;26184,570;904719,400;6,966;29726,910;919993,200;-251654,000;25337,000;899820,100
7,52;-0,040;1,919;0,439;0,000;-0,002;-0,003;-0,010;-0,004;0,003;0,887;12,372;-251658,800;-25367,820;-899801,500;-0,492;-29760,360;-919997,300;262416,000;-26146,130;-904753,900;262418,500;26184,160;904719,400;6,979;29726,820;919992,800;-251654,400;25336,860;899820,200
7,54;-0,040;1,919;0,439;0,000;-0,002;-0,003;-0,010;-0,004;0,003;0,887;12,372;-251658,800;-25367,820;-899801,500;-0,501;-29760,360;-919997,300;262416,000;-26146,130;-904753,900;262418,500;26184,160;904719,400;6,857;29726,820;919992,800;-251654,400;25336,860;899820,200
7,56;-0,040;1,919;0,439;0,000;-0,002;-0,001;-0,009;-0,003;0,003;0,887;12,372;-251658,200;-25367,750;-899801,600;-0,411;-29760,460;-919997,100;262416,300;-26146,230;-904753,900;262419,300;26184,600;904719,400;6,843;29726,880;919993,200;-251654,000;25337,020;899820,100
7,58;-0,040;1,919;0,439;0,000;-0,002;-0,001;-0,009;-0,003;0,003;0,887;12,372;-251658,100;-25367,750;-899801,600;-0,477;-29760,460;-919997,100;262416,300;-26146,240;-904753,800;262419,300;26184,600;904719,400;6,843;29726,880;919993,200;-251653,900;25337,090;899820,200
7,60;-0,040;1,919;0,439;0,000;-0,002;-0,001;-0,009;-0,003;0,003;0,887;12,372;-251658,100;-25367,750;-899801,600;-0,487;-29760,460;-919997,100;262416,300;-26146,240;-904753,800;262419,300;26184,600;904719,400;6,843;29726,880;919993,200;-251653,900;25337,090;899820,200
7,62;-0,040;1,919;0,439;0,000;-0,002;-0,001;-0,009;-0,003;0,003;0,887;12,372;-251658,100;-25367,750;-899801,600;-0,495;-29760,460;-919997,100;262416,300;-26146,240;-904753,800;262419,300;26184,600;904719,400;6,843;29726,880;919993,200;-251653,900;25337,090;899820,200
7,64;-0,040;1,919;0,439;0,000;-0,002;-0,001;-0,009;-0,003;0,003;0,887;12,372;-251658,100;-25367,820;-899801,600;-0,502;-29760,460;-919997,100;262416,300;-26146,170;-904753,800;262419,300;26184,610;904719,400;6,843;29726,880;919993,200;-251653,900;25337,150;899820,200
7,66;-0,040;1,919;0,439;0,000;-0,002;-0,001;-0,009;-0,003;0,003;0,887;12,372;-251658,100;-25367,820;-899801,600;-0,511;-29760,460;-919997,100;262416,300;-26146,170;-904753,800;262419,300;26184,610;904719,400;6,721;29726,880;919993,200;-251653,900;25337,150;899820,200
7,68;-0,040;1,919;0,439;0,001;-0,002;0,000;-0,009;-0,005;0,003;0,887;12,372;-251658,800;-25367,940;-899801,600;-0,763;-29760,770;-919996,900;262416,100;-26145,460;-904754,500;262418,600;26184,120;904719,400;6,912;29726,860;919992,600;-251654,400;25336,990;899820,300
7,70;-0,040;1,919;0,439;0,001;-0,002;0,000;-0,009;-0,005;0,003;0,887;12,372;-251658,700;-25367,940;-899801,600;-0,838;-29760,770;-919996,900;262416,200;-26145,460;-904754,500;262418,700;26184,050;904719,400;6,912;29726,860;919992,600;-251654,300;25336,990;899820,300
7,72;-0,040;1,919;0,439;0,001;-0,002;0,000;-0,009;-0,005;0,003;0,887;12,372;-251658,700;-25367,940;-899801,600;-0,849;-29760,770;-919996,900;262416,200;-26145,460;-904754,500;262418,700;26184,050;904719,400;6,912;29726,860;919992,600;-251654,300;25336,990;899820,300
7,74;-0,040;1,919;0,439;0,001;-0,002;0,000;-0,009;-0,005;0,003;0,887;12,372;-251658,700;-25367,940;-899801,600;-0,860;-29760,770;-919996,900;262416,200;-26145,460;-904754,500;262418,700;26184,050;904719,400;6,790;29726,860;919992,600;-251654,300;25336,990;899820,300
7,76;-0,040;1,919;0,439;0,001;-0,002;0,000;-0,009;-0,005;0,003;0,887;12,372;-251658,700;-25367,940;-899801,600;-0,872;-29760,770;-919996,900;262416,200;-26145,460;-904754,500;262418,700;26184,050;904719,400;6,790;29726,860;919992,600;-251654,300;25336,990;899820,300
7,78;-0,040;1,919;0,439;0,001;-0,002;0,001;-0,008;-0,003;0,003;0,887;12,372;-251658,100;-25368,090;-899801,400;-0,808;-29761,220;-919996,500;262416,400;-26145,030;-904755,200;262419,000;26184,370;904719,400;7,191;29726,940;919993,100;-251653,900;25336,880;899820,300
7,80;-0,040;1,919;0,439;0,001;-0,002;0,001;-0,008;-0,003;0,003;0,887;12,372;-251658,000;-25368,010;-899801,600;-0,909;-29761,220;-919996,500;262416,500;-26145,030;-904755,100;262419,100;26184,380;904719,300;7,068;29726,940;919993,100;-251653,900;25336,800;899820,500
7,82;-0,040;1,919;0,439;0,001;-0,002;0,001;-0,008;-0,003;0,003;0,887;12,372;-251658,000;-25368,010;-899801,600;-0,930;-29761,220;-919996,500;262416,500;-26145,030;-904755,100;262419,100;26184,380;904719,300;7,068;29726,940;919993,100;-251653,900;25336,800;899820,500
7,84;-0,040;1,919;0,439;0,001;-0,002;0,001;-0,008;-0,003;0,003;0,887;12,372;-251658,000;-25368,010;-899801,600;-0,996;-29761,400;-919996,300;262416,500;-26144,730;-904755,400;262419,100;26184,320;904719,300;7,208;29727,040;919992,900;-251654,000;25336,790;899820,500
7,86;-0,040;1,919;0,439;0,001;-0,002;0,001;-0,008;-0,003;0,003;0,887;12,372;-251658,000;-25368,080;-899801,600;-1,089;-29761,400;-919996,300;262416,600;-26144,660;-904755,400;262419,100;26184,250;904719,300;7,086;29727,040;919992,900;-251654,000;25336,860;899820,500
7,88;-0,040;1,919;0,439;0,001;-0,002;0,001;-0,008;-0,003;0,003;0,887;12,372;-251658,000;-25368,080;-899801,600;-1,098;-29761,400;-919996,300;262416,600;-26144,660;-904755,400;262419,100;26184,250;904719,300;7,086;29727,040;919992,900;-251654,000;25336,860;899820,500
7,90;-0,040;1,919;0,439;0,001;-0,002;0,001;-0,008;-0,003;0,003;0,887;12,372;-251658,000;-25368,080;-899801,600;-1,107;-29761,400;-919996,300;262416,600;-26144,660;-904755,400;262419,100;26184,250;904719,300;7,086;29727,040;919992,900;-251654,000;25336,860;899820,500
7,92;-0,040;1,919;0,439;0,001;-0,002;0,001;-0,008;-0,003;0,003;0,887;12,372;-251657,900;-25368,010;-899801,800;-1,185;-29761,600;-919996,100;262416,600;-26144,380;-904755,800;262419,000;26184,280;904719,100;7,197;29727,060;919992,900;-251654,000;25336,740;899820,600
7,94;-0,040;1,919;0,439;0,001;-0,002;0,000;-0,008;-0,003;0,003;0,887;12,372;-251657,900;-25368,020;-899801,800;-1,253;-29761,770;-919995,900;262416,500;-26144,140;-904756,100;262419,000;26184,270;904719,100;7,279;29727,050;919992,800;-251654,000;25336,740;899820,600
7,96;-0,040;1,919;0,439;0,001;-0,002;0,000;-0,008;-0,003;0,003;0,887;12,372;-251657,900;-25368,020;-899801,800;-1,354;-29761,770;-919995,900;262416,600;-26144,180;-904755,900;262419,200;26184,270;904719,100;7,157;29727,050;919992,800;-251653,900;25336,740;899820,600
7,98;-0,040;1,919;0,439;0,001;-0,002;0,000;-0,008;-0,003;0,003;0,887;12,372;-251657,800;-25368,090;-899801,800;-1,366;-29761,770;-919995,900;262416,700;-26144,180;-904755,900;262419,200;26184,200;904719,100;7,157;29727,050;919992,800;-251653,900;25336,800;899820,600
8,00;-0,040;1,919;0,439;0,001;-0,002;0,000;-0,008;-0,003;0,003;0,887;12,372;-251657,800;-25368,090;-899801,800;-1,375;-29761,770;-919995,900;262416,700;-26144,180;-904755,900;262419,200;26184,200;904719,100;7,157;29727,050;919992,800;-251653,900;25336,800;899820,600
8,02;-0,040;1,919;0,439;0,001;-0,002;0,000;-0,008;-0,003;0,003;0,887;12,372;-251657,800;-25368,090;-899801,800;-1,392;-29761,770;-919995,900;262416,700;-26144,180;-904755,900;262419,200;26184,200;904719,100;7,157;29727,050;919992,800;-251653,900;25336,800;899820,600
8,04;-0,040;1,919;0,439;0,001;-0,002;0,000;-0,009;-0,003;0,003;0,887;12,372;-251657,800;-25368,090;-899801,800;-1,449;-29761,890;-919995,900;262416,700;-26143,980;-904756,200;262419,200;26184,200;904719,100;7,211;29727,020;919992,900;-251653,900;25336,810;899820,600
8,06;-0,040;1,919;0,439;0,001;-0,002;-0,001;-0,010;-0,005;0,003;0,887;12,372;-251658,200;-25367,980;-899802,100;-1,796;-29761,970;-919995,800;262416,400;-26143,500;-904756,500;262418,900;26183,880;904719,100;6,839;29726,820;919992,400;-251654,200;25336,960;899820,700
8,08;-0,040;1,919;0,439;0,001;-0,002;-0,001;-0,010;-0,005;0,003;0,887;12,372;-251658,200;-25367,980;-899802,100;-1,809;-29761,970;-919995,800;262416,500;-26143,500;-904756,500;262418,900;26183,820;904719,100;6,839;29726,820;919992,400;-251654,200;25336,960;899820,700
8,10;-0,040;1,919;0,439;0,001;-0,002;-0,001;-0,010;-0,005;0,003;0,887;12,372;-251658,200;-25367,980;-899802,100;-1,827;-29761,970;-919995,800;262416,500;-26143,500;-904756,500;262418,900;26183,820;904719,100;6,839;29726,820;919992,400;-251654,200;25336,960;899820,700
8,12;-0,040;1,919;0,439;0,001;-0,002;-0,001;-0,010;-0,005;0,003;0,887;12,372;-251658,200;-25368,050;-899802,100;-1,845;-29761,970;-919995,800;262416,500;-26143,500;-904756,500;262419,100;26183,820;904719,100;6,839;29726,820;919992,400;-251654,200;25337,030;899820,700
8,14;-0,040;1,919;0,439;0,001;-0,002;-0,001;-0,009;-0,003;0,003;0,887;12,372;-251657,400;-25367,930;-899802,100;-1,723;-29762,000;-919995,800;262416,700;-26143,700;-904756,300;262419,700;26184,350;904719,100;6,817;29726,820;919993,100;-251653,700;25337,200;899820,600
8,16;-0,040;1,919;0,439;0,001;-0,002;-0,001;-0,009;-0,003;0,003;0,887;12,372;-251657,300;-25367,930;-899802,100;-1,828;-29762,000;-919995,800;262416,800;-26143,780;-904756,100;262419,700;26184,430;904719,000;6,695;29726,820;919993,100;-251653,500;25337,050;899820,700
8,18;-0,040;1,919;0,439;0,001;-0,002;-0,001;-0,009;-0,003;0,003;0,887;12,372;-251657,300;-25367,930;-899802,100;-1,840;-29762,000;-919995,800;262416,800;-26143,780;-904756,100;262419,700;26184,430;904719,000;6,695;29726,820;919993,100;-251653,500;25337,050;899820,700
8,20;-0,040;1,919;0,439;0,000;-0,002;-0,002;-0,009;-0,003;0,003;0,887;12,372;-251657,500;-25368,190;-899801,800;-1,773;-29761,980;-919995,800;262416,800;-26143,700;-904756,300;262419,400;26184,240;904719,000;6,946;29726,930;919993,000;-251653,600;25336,790;899820,900
8,22;-0,040;1,919;0,439;0,000;-0,002;-0,002;-0,009;-0,003;0,003;0,887;12,372;-251657,500;-25368,040;-899801,900;-1,799;-29761,980;-919995,800;262416,800;-26143,700;-904756,300;262419,500;26184,240;904719,000;6,823;29726,930;919993,000;-251653,600;25336,860;899820,900
8,24;-0,040;1,919;0,439;0,001;-0,002;-0,003;-0,010;-0,005;0,003;0,887;12,372;-251658,000;-25367,930;-899802,200;-1,986;-29761,900;-919995,800;262416,600;-26143,570;-904756,300;262419,200;26183,900;904719,000;6,605;29726,880;919992,400;-251654,000;25336,930;899820,800
8,26;-0,040;1,919;0,439;0,001;-0,002;-0,003;-0,010;-0,005;0,003;0,887;12,372;-251657,900;-25368,070;-899802,200;-2,095;-29761,900;-919995,800;262416,800;-26143,510;-904756,100;262419,300;26183,840;904718,800;6,483;29726,880;919992,400;-251653,900;25336,990;899820,800
8,28;-0,040;1,919;0,439;0,001;-0,002;-0,003;-0,010;-0,005;0,003;0,887;12,372;-251657,900;-25368,070;-899802,200;-2,110;-29761,900;-919995,800;262416,800;-26143,510;-904756,100;262419,300;26183,840;904718,800;6,483;29726,880;919992,400;-251653,900;25336,990;899820,800
8,30;-0,040;1,919;0,439;0,001;-0,002;-0,003;-0,010;-0,005;0,003;0,887;12,372;-251657,900;-25368,070;-899802,200;-2,120;-29761,900;-919995,800;262416,800;-26143,510;-904756,100;262419,300;26183,840;904718,800;6,483;29726,880;919992,400;-251653,900;25336,990;899820,800
8,32;-0,040;1,919;0,439;0,001;-0,002;-0,003;-0,010;-0,005;0,003;0,887;12,372;-251657,900;-25368,070;-899802,200;-2,137;-29761,900;-919995,800;262416,800;-26143,510;-904756,100;262419,300;26183,840;904718,800;6,483;29726,880;919992,400;-251653,900;25336,990;899820,800
8,34;-0,040;1,919;0,439;0,000;-0,002;-0,003;-0,010;-0,003;0,003;0,887;12,372;-251657,200;-25367,950;-899802,200;-1,989;-29761,830;-919995,900;262417,000;-26143,910;-904755,800;262419,900;26184,330;904718,800;6,428;29726,910;919993,000;-251653,300;25337,130;899820,700
8,36;-0,040;1,919;0,439;0,000;-0,002;-0,004;-0,011;-0,005;0,003;0,887;12,372;-251657,800;-25368,070;-899802,200;-2,102;-29761,730;-919996,000;262416,800;-26143,790;-904755,800;262419,300;26183,880;904718,800;6,399;29726,820;919992,600;-251653,700;25336,970;899820,800
8,38;-0,040;1,919;0,439;0,000;-0,002;-0,004;-0,011;-0,005;0,003;0,887;12,372;-251657,700;-25368,070;-899802,200;-2,223;-29761,730;-919996,000;262416,900;-26143,830;-904755,600;262419,500;26183,920;904718,700;6,155;29726,820;919992,600;-251653,500;25336,960;899820,900
8,40;-0,040;1,919;0,439;0,000;-0,002;-0,004;-0,011;-0,005;0,003;0,887;12,372;-251657,700;-25368,070;-899802,200;-2,236;-29761,730;-919996,000;262416,900;-26143,830;-904755,600;262419,500;26183,920;904718,700;6,155;29726,820;919992,600;-251653,500;25336,960;899820,900
8,42;-0,040;1,919;0,439;0,000;-0,002;-0,004;-0,011;-0,005;0,003;0,887;12,372;-251657,700;-25368,070;-899802,200;-2,248;-29761,730;-919996,000;262416,900;-26143,830;-904755,600;262419,500;26183,920;904718,700;6,155;29726,820;919992,600;-251653,500;25336,960;899820,900
8,44;-0,040;1,919;0,439;0,000;-0,002;-0,004;-0,011;-0,005;0,003;0,887;12,372;-251657,700;-25368,070;-899802,200;-2,260;-29761,730;-919996,000;262416,900;-26143,830;-904755,600;262419,500;26183,920;904718,700;6,155;29726,820;919992,600;-251653,500;25336,960;899820,900
8,46;-0,040;1,919;0,439;0,000;-0,002;-0,004;-0,011;-0,005;0,003;0,887;12,372;-251657,600;-25368,070;-899802,200;-2,274;-29761,730;-919996,000;262417,000;-26143,830;-904755,600;262419,600;26183,920;904718,700;6,155;29726,820;919992,600;-251653,500;25336,960;899820,900
8,48;-0,040;1,919;0,439;0,000;-0,002;-0,004;-0,011;-0,004;0,003;0,887;12,372;-251657,600;-25368,070;-899802,200;-2,200;-29761,460;-919996,300;262417,000;-26144,210;-904755,100;262419,600;26183,950;904718,700;6,081;29726,830;919992,600;-251653,500;25336,970;899820,900
8,50;-0,040;1,919;0,439;0,000;-0,002;-0,004;-0,011;-0,004;0,003;0,887;12,372;-251657,600;-25368,100;-899802,300;-2,322;-29761,460;-919996,300;262417,100;-26144,150;-904755,100;262419,600;26183,890;904718,600;5,959;29726,830;919992,600;-251653,400;25337,000;899821,000
8,52;-0,040;1,919;0,439;0,000;-0,002;-0,004;-0,011;-0,004;0,003;0,887;12,372;-251657,500;-25368,170;-899802,300;-2,339;-29761,460;-919996,300;262417,100;-26144,150;-904755,100;262419,700;26183,890;904718,600;5,959;29726,830;919992,600;-251653,400;25337,070;899821,000
8,54;-0,040;1,919;0,439;0,000;-0,002;-0,004;-0,011;-0,004;0,003;0,887;12,372;-251657,500;-25368,170;-899802,300;-2,348;-29761,460;-919996,300;262417,100;-26144,150;-904755,100;262419,700;26183,890;904718,600;5,959;29726,830;919992,600;-251653,400;25337,070;899821,000
8,56;-0,040;1,919;0,439;0,000;-0,002;-0,004;-0,011;-0,004;0,003;0,887;12,372;-251657,500;-25368,170;-899802,300;-2,366;-29761,460;-919996,300;262417,100;-26144,150;-904755,100;262419,700;26183,890;904718,600;5,837;29726,830;919992,600;-251653,400;25337,070;899821,000
8,58;-0,040;1,919;0,439;0,000;-0,002;-0,004;-0,010;-0,003;0,003;0,887;12,372;-251656,900;-25368,100;-899802,300;-2,219;-29761,330;-919996,300;262417,400;-26144,530;-904754,700;262420,300;26184,260;904718,600;5,769;29726,920;919993,100;-251652,800;25337,300;899820,900
8,60;-0,040;1,919;0,439;0,000;-0,002;-0,004;-0,010;-0,003;0,003;0,887;12,372;-251656,800;-25367,940;-899802,500;-2,342;-29761,330;-919996,300;262417,500;-26144,530;-904754,700;262420,300;26184,260;904718,600;5,647;29726,920;919993,100;-251652,800;25337,150;899821,100
8,62;-0,040;1,919;0,439;0,000;-0,002;-0,004;-0,010;-0,003;0,003;0,887;12,372;-251656,800;-25367,940;-899802,500;-2,359;-29761,330;-919996,300;262417,500;-26144,620;-904754,600;262420,300;26184,260;904718,600;5,647;29726,920;919993,100;-251652,800;25337,150;899821,100
8,64;-0,040;1,919;0,439;0,000;-0,002;-0,004;-0,011;-0,004;0,003;0,887;12,372;-251657,400;-25368,080;-899802,500;-2,464;-29761,230;-919996,400;262417,300;-26144,520;-904754,600;262419,800;26183,830;904718,600;5,633;29726,850;919992,600;-251653,200;25336,980;899821,200
8,66;-0,040;1,919;0,439;0,000;-0,002;-0,004;-0,011;-0,004;0,003;0,887;12,372;-251657,400;-25368,080;-899802,500;-2,481;-29761,230;-919996,400;262417,300;-26144,520;-904754,600;262419,800;26183,830;904718,600;5,633;29726,850;919992,600;-251653,200;25336,980;899821,200
8,68;-0,040;1,919;0,439;0,000;-0,002;-0,003;-0,010;-0,003;0,003;0,887;12,372;-251656,700;-25368,000;-899802,500;-2,351;-29761,140;-919996,500;262417,600;-26144,920;-904754,200;262420,500;26184,360;904718,400;5,565;29726,920;919993,100;-251652,800;25337,220;899821,100
8,70;-0,040;1,919;0,439;0,000;-0,002;-0,003;-0,010;-0,003;0,003;0,887;12,372;-251656,700;-25368,000;-899802,600;-2,480;-29761,140;-919996,500;262417,600;-26144,850;-904754,200;262420,500;26184,290;904718,400;5,443;29726,920;919993,100;-251652,700;25337,210;899821,300
8,72;-0,040;1,919;0,439;0,000;-0,002;-0,003;-0,010;-0,003;0,003;0,887;12,372;-251656,600;-25368,000;-899802,600;-2,493;-29761,140;-919996,500;262417,700;-26144,850;-904754,200;262420,600;26184,340;904718,300;5,443;29726,920;919993,100;-251652,700;25337,280;899821,300
8,74;-0,040;1,919;0,439;0,000;-0,002;-0,003;-0,010;-0,003;0,003;0,887;12,372;-251656,600;-25368,000;-899802,600;-2,510;-29761,140;-919996,500;262417,700;-26144,850;-904754,200;262420,600;26184,340;904718,300;5,443;29726,920;919993,100;-251652,700;25337,280;899821,300
8,76;-0,040;1,919;0,439;0,000;-0,002;-0,003;-0,010;-0,003;0,003;0,887;12,372;-251656,600;-25368,000;-899802,600;-2,527;-29761,140;-919996,500;262417,700;-26144,850;-904754,200;262420,600;26184,340;904718,300;5,443;29726,920;919993,100;-251652,700;25337,280;899821,300
8,78;-0,040;1,919;0,439;0,000;-0,002;-0,004;-0,010;-0,004;0,003;0,887;12,372;-251657,200;-25368,190;-899802,600;-2,651;-29761,090;-919996,600;262417,500;-26144,730;-904754,100;262420,000;26183,910;904718,300;5,435;29726,830;919992,700;-251653,000;25337,130;899821,300
8,80;-0,040;1,919;0,439;0,000;-0,002;-0,003;-0,010;-0,003;0,003;0,887;12,372;-251656,500;-25367,860;-899802,800;-2,631;-29761,040;-919996,600;262417,800;-26145,060;-904753,900;262420,700;26184,350;904718,300;5,260;29726,910;919993,100;-251652,500;25337,100;899821,400
8,82;-0,040;1,919;0,439;0,000;-0,002;-0,003;-0,010;-0,003;0,003;0,887;12,372;-251656,500;-25367,860;-899802,800;-2,650;-29761,040;-919996,600;262417,800;-26145,060;-904753,900;262420,700;26184,350;904718,300;5,138;29726,910;919993,100;-251652,500;25337,100;899821,400
8,84;-0,040;1,919;0,439;0,000;-0,002;-0,003;-0,010;-0,003;0,003;0,887;12,372;-251656,500;-25367,860;-899802,800;-2,668;-29761,040;-919996,600;262417,900;-26145,000;-904753,900;262420,700;26184,350;904718,300;5,138;29726,910;919993,100;-251652,400;25337,170;899821,400
8,86;-0,040;1,919;0,439;0,000;-0,002;-0,003;-0,010;-0,003;0,003;0,887;12,372;-251656,500;-25367,860;-899802,800;-2,682;-29761,040;-919996,600;262417,900;-26145,000;-904753,900;262420,700;26184,350;904718,300;5,138;29726,910;919993,100;-251652,400;25337,170;899821,400
8,88;-0,040;1,919;0,439;0,000;-0,002;-0,003;-0,010;-0,003;0,003;0,887;12,372;-251656,500;-25367,860;-899802,800;-2,696;-29761,040;-919996,600;262417,900;-26145,000;-904753,900;262420,700;26184,350;904718,300;5,138;29726,910;919993,100;-251652,400;25337,170;899821,400
8,90;-0,040;1,919;0,439;0,000;-0,002;-0,003;-0,010;-0,004;0,003;0,887;12,372;-251657,100;-25368,060;-899802,800;-2,842;-29761,040;-919996,600;262417,700;-26144,750;-904754,000;262420,100;26183,840;904718,300;5,144;29726,830;919992,600;-251652,800;25337,020;899821,500
8,92;-0,040;1,919;0,439;0,000;-0,002;-0,003;-0,010;-0,004;0,003;0,887;12,372;-251657,000;-25368,130;-899802,800;-2,966;-29761,040;-919996,600;262417,800;-26144,760;-904753,900;262420,300;26183,840;904718,100;5,022;29726,830;919992,600;-251652,700;25337,080;899821,500
8,94;-0,040;1,919;0,439;0,000;-0,002;-0,003;-0,010;-0,004;0,003;0,887;12,372;-251656,900;-25368,130;-899802,800;-2,983;-29761,040;-919996,600;262417,800;-26144,690;-904753,900;262420,300;26183,780;904718,100;5,022;29726,830;919992,600;-251652,700;25337,080;899821,500
8,96;-0,040;1,919;0,439;0,000;-0,002;-0,002;-0,009;-0,003;0,003;0,887;12,372;-251656,300;-25367,990;-899802,800;-2,859;-29761,040;-919996,600;262418,000;-26144,950;-904753,700;262420,800;26184,230;904718,100;4,880;29726,910;919993,100;-251652,300;25337,250;899821,400
8,98;-0,040;1,919;0,439;0,000;-0,002;-0,002;-0,009;-0,003;0,003;0,887;12,372;-251656,300;-25367,990;-899802,800;-2,876;-29761,040;-919996,600;262418,000;-26144,950;-904753,700;262420,800;26184,230;904718,100;4,880;29726,910;919993,100;-251652,300;25337,250;899821,400
9,00;-0,040;1,919;0,439;0,000;-0,002;-0,002;-0,009;-0,003;0,003;0,887;12,372;-251656,200;-25367,980;-899802,900;-2,896;-29761,040;-919996,600;262418,100;-26145,100;-904753,500;262421,000;26184,390;904718,000;4,880;29726,910;919993,100;-251652,200;25337,240;899821,500
9,02;-0,040;1,919;0,439;0,000;-0,002;-0,002;-0,009;-0,003;0,003;0,887;12,372;-251656,400;-25368,230;-899802,800;-2,868;-29761,080;-919996,600;262418,100;-26144,990;-904753,700;262420,700;26184,210;904718,000;5,146;29727,000;919993,100;-251652,200;25336,990;899821,600
9,04;-0,040;1,919;0,439;0,000;-0,002;-0,002;-0,009;-0,003;0,003;0,887;12,372;-251656,300;-25368,220;-899802,900;-2,996;-29761,080;-919996,600;262418,200;-26144,930;-904753,700;262420,800;26184,150;904718,000;5,024;29727,000;919993,100;-251652,100;25336,980;899821,800
9,06;-0,040;1,919;0,439;0,000;-0,002;-0,002;-0,009;-0,003;0,003;0,887;12,372;-251656,300;-25368,220;-899802,900;-3,010;-29761,080;-919996,600;262418,200;-26144,930;-904753,700;262420,800;26184,150;904718,000;5,024;29727,000;919993,100;-251652,100;25336,980;899821,800
9,08;-0,040;1,919;0,439;0,000;-0,002;-0,002;-0,009;-0,003;0,003;0,887;12,372;-251656,300;-25368,220;-899802,900;-3,021;-29761,080;-919996,600;262418,200;-26144,930;-904753,700;262420,800;26184,150;904718,000;5,024;29727,000;919993,100;-251652,100;25336,980;899821,800
9,10;-0,040;1,919;0,439;0,001;-0,002;-0,002;-0,010;-0,005;0,003;0,887;12,372;-251656,800;-25368,100;-899803,100;-3,243;-29761,110;-919996,500;262417,900;-26144,650;-904753,900;262420,500;26183,820;904718,000;4,736;29726,920;919992,500;-251652,600;25337,060;899821,700
9,12;-0,040;1,919;0,439;0,001;-0,002;-0,002;-0,010;-0,005;0,003;0,887;12,372;-251656,800;-25368,100;-899803,100;-3,266;-29761,110;-919996,500;262418,000;-26144,620;-904753,800;262420,500;26183,790;904717,900;4,736;29726,920;919992,500;-251652,600;25337,060;899821,700
9,14;-0,040;1,919;0,439;0,001;-0,002;-0,001;-0,009;-0,003;0,003;0,887;12,372;-251656,100;-25367,990;-899803,000;-3,174;-29761,190;-919996,500;262418,200;-26144,800;-904753,700;262421,100;26184,290;904717,900;4,718;29726,920;919993,100;-251652,100;25337,210;899821,600
9,16;-0,040;1,919;0,439;0,001;-0,002;-0,001;-0,009;-0,003;0,003;0,887;12,372;-251656,000;-25368,050;-899803,000;-3,309;-29761,190;-919996,500;262418,300;-26144,730;-904753,700;262421,200;26184,220;904717,900;4,596;29726,920;919993,100;-251652,000;25337,280;899821,600
9,18;-0,040;1,919;0,439;0,001;-0,002;-0,001;-0,009;-0,003;0,003;0,887;12,372;-251656,000;-25368,050;-899803,000;-3,326;-29761,190;-919996,500;262418,300;-26144,730;-904753,700;262421,200;26184,220;904717,900;4,596;29726,920;919993,100;-251652,000;25337,280;899821,600
9,20;-0,040;1,919;0,439;0,001;-0,002;-0,001;-0,009;-0,003;0,003;0,887;12,372;-251655,900;-25368,050;-899803,000;-3,343;-29761,190;-919996,500;262418,400;-26144,730;-904753,700;262421,300;26184,220;904717,900;4,596;29726,920;919993,100;-251652,000;25337,280;899821,600
9,22;-0,040;1,919;0,439;0,001;-0,002;-0,001;-0,009;-0,003;0,003;0,887;12,372;-251655,900;-25368,050;-899803,000;-3,356;-29761,190;-919996,500;262418,400;-26144,730;-904753,700;262421,300;26184,220;904717,900;4,596;29726,920;919993,100;-251652,000;25337,280;899821,600
9,24;-0,040;1,919;0,439;0,001;-0,002;-0,001;-0,009;-0,003;0,003;0,887;12,372;-251655,900;-25368,050;-899803,000;-3,370;-29761,190;-919996,500;262418,400;-26144,730;-904753,700;262421,300;26184,220;904717,900;4,596;29726,920;919993,100;-251652,000;25337,280;899821,600
9,26;-0,040;1,919;0,439;0,001;-0,002;-0,002;-0,010;-0,005;0,003;0,887;12,372;-251656,600;-25368,120;-899803,300;-3,565;-29761,310;-919996,300;262418,200;-26144,260;-904754,000;262420,700;26183,710;904717,900;4,683;29726,890;919992,500;-251652,400;25337,100;899821,800
9,28;-0,040;1,919;0,439;0,001;-0,002;-0,002;-0,010;-0,005;0,003;0,887;12,372;-251656,500;-25368,190;-899803,300;-3,695;-29761,310;-919996,300;262418,300;-26144,260;-904754,000;262420,800;26183,720;904717,800;4,561;29726,890;919992,500;-251652,400;25337,160;899821,800
9,30;-0,040;1,919;0,439;0,001;-0,002;-0,002;-0,010;-0,005;0,003;0,887;12,372;-251656,500;-25368,190;-899803,300;-3,710;-29761,310;-919996,300;262418,300;-26144,190;-904754,000;262420,800;26183,650;904717,800;4,561;29726,890;919992,500;-251652,400;25337,160;899822,000
9,32;-0,040;1,919;0,439;0,001;-0,002;-0,002;-0,010;-0,005;0,003;0,887;12,372;-251656,500;-25368,190;-899803,300;-3,725;-29761,310;-919996,300;262418,300;-26144,190;-904754,000;262420,800;26183,650;904717,800;4,561;29726,890;919992,500;-251652,400;25337,160;899822,000
9,34;-0,040;1,919;0,439;0,001;-0,002;-0,002;-0,010;-0,005;0,003;0,887;12,372;-251656,500;-25368,190;-899803,300;-3,738;-29761,310;-919996,300;262418,300;-26144,190;-904754,000;262420,800;26183,650;904717,800;4,561;29726,890;919992,500;-251652,400;25337,160;899822,000
9,36;-0,040;1,919;0,439;0,001;-0,002;-0,002;-0,010;-0,005;0,003;0,887;12,372;-251656,500;-25368,180;-899803,400;-3,751;-29761,310;-919996,300;262418,300;-26144,270;-904753,900;262420,800;26183,650;904717,800;4,561;29726,890;919992,500;-251652,400;25337,160;899822,000
9,38;-0,040;1,919;0,439;0,001;-0,002;-0,001;-0,009;-0,003;0,003;0,887;12,372;-251655,700;-25368,060;-899803,300;-3,652;-29761,400;-919996,300;262418,500;-26144,440;-904753,800;262421,400;26184,150;904717,800;4,429;29726,910;919993,100;-251651,900;25337,300;899821,900
9,40;-0,040;1,919;0,439;0,001;-0,002;-0,001;-0,009;-0,003;0,003;0,887;12,372;-251655,600;-25368,130;-899803,300;-3,788;-29761,400;-919996,300;262418,600;-26144,440;-904753,800;262421,600;26184,240;904717,700;4,307;29726,910;919993,100;-251651,800;25337,370;899821,900
9,42;-0,040;1,919;0,439;0,000;-0,002;-0,001;-0,009;-0,003;0,003;0,887;12,372;-251655,800;-25368,380;-899803,200;-3,763;-29761,460;-919996,300;262418,700;-26144,280;-904754,000;262421,300;26184,060;904717,700;4,581;29726,980;919993,000;-251651,800;25337,130;899822,100
9,44;-0,040;1,919;0,439;0,000;-0,002;-0,001;-0,009;-0,003;0,003;0,887;12,372;-251655,800;-25368,380;-899803,200;-3,772;-29761,460;-919996,300;262418,700;-26144,280;-904754,000;262421,300;26184,060;904717,700;4,581;29726,980;919993,000;-251651,800;25337,130;899822,100
9,46;-0,040;1,919;0,439;0,000;-0,002;-0,001;-0,009;-0,003;0,003;0,887;12,372;-251655,800;-25368,380;-899803,200;-3,797;-29761,460;-919996,300;262418,700;-26144,210;-904754,000;262421,300;26183,990;904717,700;4,581;29726,980;919993,000;-251651,700;25336,970;899822,300
9,48;-0,040;1,919;0,439;0,001;-0,002;-0,002;-0,010;-0,005;0,003;0,887;12,372;-251656,300;-25368,260;-899803,400;-4,024;-29761,480;-919996,200;262418,400;-26143,930;-904754,300;262420,900;26183,660;904717,700;4,397;29726,900;919992,500;-251652,200;25337,050;899822,100
9,50;-0,040;1,919;0,439;0,001;-0,002;-0,002;-0,010;-0,005;0,003;0,887;12,372;-251656,100;-25368,160;-899803,600;-4,164;-29761,480;-919996,200;262418,600;-26143,900;-904754,100;262421,000;26183,560;904717,600;4,152;29726,900;919992,500;-251652,000;25337,120;899822,100
9,52;-0,040;1,919;0,439;0,001;-0,002;-0,002;-0,010;-0,005;0,003;0,887;12,372;-251656,100;-25368,160;-899803,600;-4,182;-29761,480;-919996,200;262418,600;-26143,900;-904754,100;262421,000;26183,560;904717,600;4,152;29726,900;919992,500;-251652,000;25337,120;899822,100
9,54;-0,040;1,919;0,439;0,001;-0,002;-0,001;-0,009;-0,003;0,003;0,887;12,372;-251655,400;-25368,050;-899803,500;-4,083;-29761,540;-919996,200;262418,800;-26144,060;-904753,900;262421,700;26184,060;904717,600;4,137;29726,920;919993,100;-251651,500;25337,270;899822,100
9,56;-0,040;1,919;0,439;0,000;-0,002;-0,002;-0,009;-0,003;0,003;0,887;12,372;-251655,600;-25368,290;-899803,400;-4,057;-29761,560;-919996,100;262418,900;-26144,110;-904753,900;262421,500;26184,040;904717,400;4,396;29726,990;919993,000;-251651,600;25337,030;899822,400
9,58;-0,040;1,919;0,439;0,000;-0,002;-0,002;-0,009;-0,003;0,003;0,887;12,372;-251655,500;-25368,370;-899803,400;-4,187;-29761,560;-919996,100;262419,000;-26144,040;-904753,900;262421,500;26183,970;904717,400;4,152;29726,990;919993,000;-251651,500;25337,100;899822,400
9,60;-0,040;1,919;0,439;0,000;-0,002;-0,002;-0,009;-0,003;0,003;0,887;12,372;-251655,400;-25368,370;-899803,400;-4,206;-29761,560;-919996,100;262419,000;-26144,040;-904753,900;262421,600;26183,970;904717,400;4,152;29726,990;919993,000;-251651,400;25337,100;899822,400
9,62;-0,040;1,919;0,439;0,000;-0,002;-0,002;-0,009;-0,003;0,003;0,887;12,372;-251655,400;-25368,370;-899803,400;-4,232;-29761,560;-919996,100;262419,000;-26144,040;-904753,900;262421,600;26183,970;904717,400;4,152;29726,990;919993,000;-251651,400;25337,100;899822,400
9,64;-0,040;1,919;0,439;0,000;-0,002;-0,002;-0,009;-0,003;0,003;0,887;12,372;-251655,200;-25368,200;-899803,600;-4,313;-29761,550;-919996,100;262419,000;-26144,050;-904753,800;262421,900;26184,060;904717,400;3,919;29726,920;919993,100;-251651,300;25337,390;899822,100
9,66;-0,040;1,919;0,439;0,000;-0,002;-0,002;-0,009;-0,003;0,003;0,887;12,372;-251655,100;-25368,150;-899803,700;-4,450;-29761,550;-919996,100;262419,100;-26144,060;-904753,800;262422,000;26184,070;904717,300;3,797;29726,920;919993,100;-251651,200;25337,350;899822,300
9,68;-0,040;1,919;0,439;0,000;-0,002;-0,002;-0,009;-0,003;0,003;0,887;12,372;-251655,100;-25368,150;-899803,700;-4,467;-29761,550;-919996,100;262419,200;-26144,060;-904753,800;262422,000;26184,070;904717,300;3,797;29726,920;919993,100;-251651,200;25337,350;899822,300
9,70;-0,040;1,919;0,439;0,000;-0,002;-0,002;-0,009;-0,003;0,003;0,887;12,372;-251655,100;-25368,150;-899803,700;-4,481;-29761,550;-919996,100;262419,200;-26144,060;-904753,800;262422,000;26184,070;904717,300;3,797;29726,920;919993,100;-251651,200;25337,350;899822,300
9,72;-0,040;1,919;0,439;0,000;-0,002;-0,002;-0,009;-0,003;0,003;0,887;12,372;-251655,100;-25368,150;-899803,700;-4,502;-29761,550;-919996,100;262419,200;-26144,060;-904753,800;262422,100;26184,070;904717,300;3,797;29726,920;919993,100;-251651,200;25337,350;899822,300
9,74;-0,040;1,919;0,439;0,001;-0,002;-0,003;-0,010;-0,005;0,003;0,887;12,372;-251655,700;-25368,270;-899803,700;-4,673;-29761,540;-919996,100;262418,900;-26143,800;-904753,900;262421,500;26183,620;904717,300;3,780;29726,800;919992,600;-251651,600;25337,210;899822,400
9,76;-0,040;1,919;0,439;0,000;-0,002;-0,002;-0,009;-0,003;0,003;0,887;12,372;-251655,000;-25368,110;-899803,900;-4,648;-29761,490;-919996,200;262419,300;-26144,090;-904753,500;262422,300;26184,060;904717,100;3,637;29726,900;919993,100;-251651,000;25337,360;899822,400
9,78;-0,040;1,919;0,439;0,000;-0,002;-0,002;-0,009;-0,003;0,003;0,887;12,372;-251655,000;-25368,110;-899803,900;-4,665;-29761,490;-919996,200;262419,300;-26144,090;-904753,500;262422,300;26184,060;904717,100;3,515;29726,900;919993,100;-251651,000;25337,360;899822,400
9,80;-0,040;1,919;0,439;0,000;-0,002;-0,002;-0,009;-0,003;0,003;0,887;12,372;-251654,900;-25368,110;-899803,900;-4,683;-29761,490;-919996,200;262419,300;-26144,090;-904753,500;262422,300;26184,060;904717,100;3,515;29726,900;919993,100;-251650,900;25337,360;899822,400
9,82;-0,040;1,919;0,439;0,000;-0,002;-0,002;-0,009;-0,003;0,003;0,887;12,372;-251654,900;-25368,110;-899803,900;-4,706;-29761,490;-919996,200;262419,300;-26144,090;-904753,500;262422,300;26184,060;904717,100;3,515;29726,900;919993,100;-251650,900;25337,360;899822,400
9,84;-0,040;1,919;0,439;0,000;-0,002;-0,002;-0,010;-0,003;0,003;0,887;12,372;-251654,900;-25368,130;-899803,900;-4,688;-29761,390;-919996,200;262419,400;-26144,210;-904753,400;262422,300;26184,060;904717,100;3,495;29726,930;919993,100;-251650,900;25337,340;899822,500
9,86;-0,040;1,919;0,439;0,000;-0,002;-0,002;-0,010;-0,003;0,003;0,887;12,372;-251654,800;-25368,200;-899803,900;-4,838;-29761,390;-919996,200;262419,500;-26144,290;-904753,300;262422,400;26184,140;904717,000;3,373;29726,930;919993,100;-251650,800;25337,410;899822,600
9,88;-0,040;1,919;0,439;0,000;-0,002;-0,002;-0,010;-0,003;0,003;0,887;12,372;-251654,800;-25368,200;-899803,900;-4,860;-29761,390;-919996,200;262419,500;-26144,230;-904753,300;262422,400;26184,140;904717,000;3,251;29726,930;919993,100;-251650,800;25337,480;899822,600
9,90;-0,040;1,919;0,439;0,000;-0,002;-0,003;-0,010;-0,004;0,003;0,887;12,372;-251655,400;-25368,340;-899803,900;-4,989;-29761,360;-919996,300;262419,300;-26144,010;-904753,300;262421,800;26183,680;904717,000;3,260;29726,850;919992,600;-251651,200;25337,310;899822,600
9,92;-0,040;1,919;0,439;0,000;-0,002;-0,003;-0,010;-0,004;0,003;0,887;12,372;-251655,300;-25368,280;-899804,100;-5,134;-29761,360;-919996,300;262419,400;-26144,020;-904753,200;262421,900;26183,620;904716,900;3,138;29726,850;919992,600;-251651,200;25337,190;899822,800
9,94;-0,040;1,919;0,439;0,000;-0,002;-0,002;-0,010;-0,003;0,003;0,887;12,372;-251654,600;-25368,140;-899804,100;-4,998;-29761,310;-919996,300;262419,700;-26144,360;-904752,900;262422,500;26184,080;904716,900;3,112;29726,950;919993,100;-251650,800;25337,350;899822,700
9,96;-0,040;1,919;0,439;0,000;-0,002;-0,003;-0,010;-0,004;0,003;0,887;12,372;-251655,300;-25368,350;-899804,100;-5,139;-29761,280;-919996,400;262419,500;-26144,060;-904753,000;262421,900;26183,560;904716,900;3,120;29726,860;919992,600;-251651,100;25337,190;899822,800
9,98;-0,040;1,919;0,439;0,000;-0,002;-0,003;-0,010;-0,004;0,003;0,887;12,372;-251655,200;-25368,270;-899804,200;-5,263;-29761,280;-919996,400;262419,500;-26144,060;-904753,000;262422,000;26183,560;904716,900;2,997;29726,860;919992,600;-251651,100;25337,260;899822,800
10,00;-0,040;1,919;0,439;0,000;-0,002;-0,003;-0,010;-0,004;0,003;0,887;12,372;-251655,100;-25368,270;-899804,200;-5,278;-29761,280;-919996,400;262419,600;-26144,060;-904753,000;262422,000;26183,600;904716,700;2,875;29726,860;919992,600;-251651,000;25337,180;899822,900
10,02;-0,040;1,919;0,439;0,000;-0,002;-0,003;-0,010;-0,004;0,003;0,887;12,372;-251655,100;-25368,270;-899804,200;-5,292;-29761,280;-919996,400;262419,600;-26144,060;-904753,000;262422,000;26183,600;904716,700;2,875;29726,860;919992,600;-251651,000;25337,180;899822,900
10,04;-0,040;1,919;0,439;0,000;-0,002;-0,002;-0,009;-0,003;0,003;0,887;12,372;-251654,500;-25368,130;-899804,200;-5,166;-29761,250;-919996,400;262419,800;-26144,380;-904752,800;262422,600;26184,060;904716,700;2,848;29726,940;919993,100;-251650,500;25337,350;899822,800
10,06;-0,040;1,919;0,439;0,000;-0,002;-0,002;-0,009;-0,003;0,003;0,887;12,372;-251654,400;-25368,260;-899804,200;-5,277;-29761,250;-919996,400;262419,900;-26144,360;-904752,600;262422,800;26184,000;904716,700;2,726;29726,940;919993,100;-251650,400;25337,490;899822,800
10,08;-0,040;1,919;0,439;0,001;-0,002;-0,003;-0,010;-0,004;0,003;0,887;12,372;-251655,000;-25368,400;-899804,200;-5,422;-29761,240;-919996,400;262419,700;-26144,110;-904752,800;262422,100;26183,540;904716,700;2,732;29726,850;919992,600;-251650,800;25337,320;899822,900
10,10;-0,040;1,919;0,439;0,001;-0,002;-0,003;-0,010;-0,004;0,003;0,887;12,372;-251655,000;-25368,400;-899804,200;-5,431;-29761,240;-919996,400;262419,700;-26144,110;-904752,800;262422,100;26183,540;904716,700;2,732;29726,850;919992,600;-251650,800;25337,320;899822,900
10,12;-0,040;1,919;0,439;0,001;-0,002;-0,003;-0,010;-0,004;0,003;0,887;12,372;-251655,000;-25368,400;-899804,200;-5,450;-29761,240;-919996,400;262419,700;-26144,110;-904752,800;262422,100;26183,540;904716,700;2,732;29726,850;919992,600;-251650,800;25337,320;899822,900
10,14;-0,040;1,919;0,439;0,000;-0,002;-0,002;-0,009;-0,003;0,003;0,887;12,372;-251654,400;-25368,260;-899804,200;-5,330;-29761,220;-919996,400;262420,000;-26144,400;-904752,600;262422,800;26184,010;904716,600;2,590;29726,940;919993,100;-251650,400;25337,490;899822,800
10,16;-0,040;1,919;0,439;0,000;-0,002;-0,002;-0,009;-0,003;0,003;0,887;12,372;-251654,300;-25368,250;-899804,300;-5,438;-29761,220;-919996,400;262420,000;-26144,410;-904752,500;262422,900;26184,010;904716,600;2,590;29726,940;919993,100;-251650,300;25337,480;899822,900
10,18;-0,040;1,919;0,439;0,000;-0,002;-0,002;-0,009;-0,003;0,003;0,887;12,372;-251654,300;-25368,250;-899804,300;-5,449;-29761,220;-919996,400;262420,000;-26144,410;-904752,500;262422,900;26184,010;904716,600;2,590;29726,940;919993,100;-251650,300;25337,480;899822,900
10,20;-0,040;1,919;0,439;0,001;-0,002;-0,003;-0,010;-0,004;0,003;0,887;12,372;-251655,000;-25368,390;-899804,300;-5,592;-29761,230;-919996,400;262419,800;-26144,130;-904752,700;262422,300;26183,550;904716,600;2,599;29726,850;919992,600;-251650,700;25337,320;899823,000
10,22;-0,040;1,919;0,439;0,001;-0,002;-0,003;-0,010;-0,004;0,003;0,887;12,372;-251654,900;-25368,390;-899804,300;-5,606;-29761,230;-919996,400;262419,900;-26144,130;-904752,700;262422,400;26183,550;904716,600;2,599;29726,850;919992,600;-251650,700;25337,320;899823,000
10,24;-0,040;1,919;0,439;0,000;-0,002;-0,002;-0,009;-0,003;0,003;0,887;12,372;-251654,200;-25368,250;-899804,300;-5,483;-29761,220;-919996,400;262420,100;-26144,400;-904752,500;262423,000;26184,020;904716,600;2,586;29726,940;919993,100;-251650,300;25337,480;899822,900
10,26;-0,040;1,919;0,439;0,000;-0,002;-0,002;-0,009;-0,003;0,003;0,887;12,372;-251654,100;-25368,200;-899804,500;-5,578;-29761,220;-919996,400;262420,200;-26144,330;-904752,500;262423,000;26183,950;904716,600;2,464;29726,940;919993,100;-251650,200;25337,440;899823,100
10,28;-0,040;1,919;0,439;0,000;-0,002;-0,002;-0,009;-0,003;0,003;0,887;12,372;-251654,100;-25368,200;-899804,500;-5,588;-29761,220;-919996,400;262420,200;-26144,330;-904752,500;262423,000;26183,950;904716,600;2,464;29726,940;919993,100;-251650,200;25337,440;899823,100
10,30;-0,040;1,919;0,439;0,000;-0,002;-0,002;-0,009;-0,003;0,003;0,887;12,372;-251654,100;-25368,200;-899804,500;-5,595;-29761,220;-919996,400;262420,200;-26144,330;-904752,500;262423,000;26183,950;904716,600;2,464;29726,940;919993,100;-251650,200;25337,440;899823,100
10,32;-0,040;1,919;0,439;0,000;-0,002;-0,002;-0,009;-0,003;0,003;0,887;12,372;-251654,100;-25368,200;-899804,500;-5,608;-29761,220;-919996,400;262420,200;-26144,410;-904752,400;262423,100;26184,030;904716,400;2,464;29726,940;919993,100;-251650,200;25337,440;899823,100
10,34;-0,040;1,919;0,439;0,000;-0,002;-0,002;-0,009;-0,003;0,003;0,887;12,372;-251654,100;-25368,200;-899804,500;-5,621;-29761,220;-919996,400;262420,200;-26144,410;-904752,400;262423,100;26184,030;904716,400;2,464;29726,940;919993,100;-251650,200;25337,440;899823,100
10,36;-0,040;1,919;0,439;0,001;-0,002;-0,002;-0,010;-0,005;0,003;0,887;12,372;-251654,800;-25368,340;-899804,600;-5,775;-29761,250;-919996,400;262420,000;-26144,100;-904752,600;262422,500;26183,530;904716,500;2,550;29726,950;919992,500;-251650,700;25337,260;899823,100
10,38;-0,040;1,919;0,439;0,001;-0,002;-0,002;-0,010;-0,005;0,003;0,887;12,372;-251654,700;-25368,410;-899804,600;-5,867;-29761,250;-919996,400;262420,100;-26144,030;-904752,600;262422,500;26183,460;904716,500;2,428;29726,950;919992,500;-251650,600;25337,330;899823,100
10,40;-0,040;1,919;0,439;0,001;-0,002;-0,002;-0,010;-0,005;0,003;0,887;12,372;-251654,700;-25368,410;-899804,600;-5,877;-29761,250;-919996,400;262420,100;-26144,030;-904752,600;262422,500;26183,460;904716,500;2,428;29726,950;919992,500;-251650,600;25337,330;899823,100
10,42;-0,040;1,919;0,439;0,001;-0,002;-0,002;-0,010;-0,005;0,003;0,887;12,372;-251654,700;-25368,410;-899804,600;-5,886;-29761,250;-919996,400;262420,100;-26144,030;-904752,600;262422,500;26183,460;904716,500;2,428;29726,950;919992,500;-251650,600;25337,330;899823,100
10,44;-0,040;1,919;0,439;0,001;-0,002;-0,002;-0,010;-0,005;0,003;0,887;12,372;-251654,700;-25368,480;-899804,600;-5,902;-29761,250;-919996,400;262420,100;-26144,030;-904752,600;262422,600;26183,460;904716,500;2,428;29726,950;919992,500;-251650,400;25337,390;899823,100
10,46;-0,040;1,919;0,439;0,000;-0,002;-0,002;-0,009;-0,003;0,003;0,887;12,372;-251654,000;-25368,350;-899804,500;-5,795;-29761,300;-919996,300;262420,300;-26144,270;-904752,400;262423,200;26183,950;904716,400;2,266;29726,940;919993,100;-251650,000;25337,550;899823,100
10,48;-0,040;1,919;0,439;0,000;-0,002;-0,002;-0,009;-0,003;0,003;0,887;12,372;-251653,900;-25368,280;-899804,600;-5,882;-29761,300;-919996,300;262420,400;-26144,270;-904752,400;262423,200;26183,960;904716,300;2,266;29726,940;919993,100;-251650,000;25337,470;899823,300
10,50;-0,040;1,919;0,439;0,000;-0,002;-0,002;-0,009;-0,003;0,003;0,887;12,372;-251654,100;-25368,500;-899804,500;-5,847;-29761,340;-919996,300;262420,400;-26144,170;-904752,600;262422,900;26183,800;904716,300;2,509;29726,990;919993,000;-251650,000;25337,250;899823,400
10,52;-0,040;1,919;0,439;0,000;-0,002;-0,002;-0,009;-0,003;0,003;0,887;12,372;-251654,100;-25368,500;-899804,500;-5,856;-29761,340;-919996,300;262420,400;-26144,170;-904752,600;262422,900;26183,800;904716,300;2,387;29726,990;919993,000;-251650,000;25337,250;899823,400
10,54;-0,040;1,919;0,439;0,000;-0,002;-0,002;-0,009;-0,003;0,003;0,887;12,372;-251654,100;-25368,500;-899804,500;-5,867;-29761,340;-919996,300;262420,400;-26144,170;-904752,600;262422,900;26183,800;904716,300;2,387;29726,990;919993,000;-251650,000;25337,250;899823,400
10,56;-0,040;1,919;0,439;0,001;-0,002;-0,002;-0,010;-0,005;0,003;0,887;12,372;-251654,600;-25368,450;-899804,700;-6,073;-29761,340;-919996,300;262420,200;-26143,930;-904752,600;262422,700;26183,470;904716,300;2,193;29726,900;919992,500;-251650,300;25337,410;899823,300
10,58;-0,040;1,919;0,439;0,001;-0,002;-0,002;-0,010;-0,005;0,003;0,887;12,372;-251654,500;-25368,450;-899804,700;-6,150;-29761,340;-919996,300;262420,300;-26143,860;-904752,600;262422,700;26183,410;904716,300;2,193;29726,900;919992,500;-251650,300;25337,410;899823,300
10,60;-0,040;1,919;0,439;0,001;-0,002;-0,002;-0,010;-0,005;0,003;0,887;12,372;-251654,500;-25368,450;-899804,700;-6,158;-29761,340;-919996,300;262420,300;-26143,860;-904752,600;262422,700;26183,410;904716,300;2,193;29726,900;919992,500;-251650,300;25337,410;899823,300
10,62;-0,040;1,919;0,439;0,001;-0,002;-0,002;-0,010;-0,005;0,003;0,887;12,372;-251654,500;-25368,450;-899804,700;-6,164;-29761,340;-919996,300;262420,300;-26143,860;-904752,600;262422,700;26183,410;904716,300;2,071;29726,900;919992,500;-251650,300;25337,410;899823,300
10,64;-0,040;1,919;0,439;0,001;-0,002;-0,002;-0,010;-0,005;0,003;0,887;12,372;-251654,500;-25368,330;-899804,900;-6,177;-29761,340;-919996,300;262420,300;-26143,860;-904752,600;262422,700;26183,520;904716,200;2,071;29726,900;919992,500;-251650,300;25337,290;899823,400
10,66;-0,040;1,919;0,439;0,001;-0,002;-0,002;-0,009;-0,003;0,003;0,887;12,372;-251653,800;-25368,210;-899804,800;-6,062;-29761,390;-919996,300;262420,500;-26144,100;-904752,400;262423,300;26184,010;904716,200;2,034;29726,920;919993,100;-251649,800;25337,440;899823,400
10,68;-0,040;1,919;0,439;0,000;-0,002;-0,002;-0,009;-0,003;0,003;0,887;12,372;-251654,000;-25368,450;-899804,600;-6,020;-29761,410;-919996,300;262420,500;-26144,000;-904752,600;262423,100;26183,840;904716,200;2,283;29726,980;919993,000;-251649,900;25337,210;899823,600
10,70;-0,040;1,919;0,439;0,000;-0,002;-0,002;-0,009;-0,003;0,003;0,887;12,372;-251653,900;-25368,450;-899804,600;-6,091;-29761,410;-919996,300;262420,600;-26144,110;-904752,400;262423,200;26183,840;904716,200;2,283;29726,980;919993,000;-251649,900;25337,210;899823,600
10,72;-0,040;1,919;0,439;0,000;-0,002;-0,002;-0,009;-0,003;0,003;0,887;12,372;-251653,900;-25368,450;-899804,600;-6,099;-29761,410;-919996,300;262420,600;-26144,110;-904752,400;262423,200;26183,840;904716,200;2,161;29726,980;919993,000;-251649,900;25337,210;899823,600
10,74;-0,040;1,919;0,439;0,000;-0,002;-0,002;-0,009;-0,003;0,003;0,887;12,372;-251653,900;-25368,450;-899804,600;-6,104;-29761,410;-919996,300;262420,600;-26144,110;-904752,400;262423,200;26183,840;904716,200;2,161;29726,980;919993,000;-251649,900;25337,210;899823,600
10,76;-0,040;1,919;0,439;0,000;-0,002;-0,002;-0,009;-0,003;0,003;0,887;12,372;-251653,900;-25368,450;-899804,600;-6,116;-29761,410;-919996,300;262420,600;-26144,110;-904752,400;262423,200;26183,840;904716,200;2,161;29726,980;919993,000;-251649,900;25337,210;899823,600
10,78;-0,040;1,919;0,439;0,001;-0,002;-0,002;-0,010;-0,005;0,003;0,887;12,372;-251654,400;-25368,330;-899804,900;-6,321;-29761,400;-919996,300;262420,300;-26143,880;-904752,600;262422,800;26183,510;904716,200;1,970;29726,900;919992,500;-251650,300;25337,290;899823,400
10,80;-0,040;1,919;0,439;0,001;-0,002;-0,002;-0,009;-0,003;0,003;0,887;12,372;-251653,600;-25368,220;-899804,800;-6,254;-29761,440;-919996,200;262420,700;-26144,070;-904752,400;262423,500;26183,940;904716,200;1,934;29726,920;919993,100;-251649,700;25337,500;899823,400
10,82;-0,040;1,919;0,439;0,001;-0,002;-0,002;-0,009;-0,003;0,003;0,887;12,372;-251653,600;-25368,220;-899804,800;-6,262;-29761,440;-919996,200;262420,700;-26144,070;-904752,400;262423,500;26183,940;904716,200;1,934;29726,920;919993,100;-251649,700;25337,500;899823,400
10,84;-0,040;1,919;0,439;0,001;-0,002;-0,002;-0,009;-0,003;0,003;0,887;12,372;-251653,600;-25368,220;-899804,800;-6,270;-29761,440;-919996,200;262420,700;-26144,070;-904752,400;262423,500;26183,940;904716,200;1,812;29726,920;919993,100;-251649,700;25337,500;899823,400
10,86;-0,040;1,919;0,439;0,001;-0,002;-0,002;-0,009;-0,003;0,003;0,887;12,372;-251653,600;-25368,220;-899804,800;-6,279;-29761,440;-919996,200;262420,700;-26144,070;-904752,400;262423,500;26183,940;904716,200;1,812;29726,920;919993,100;-251649,700;25337,500;899823,400
10,88;-0,040;1,919;0,439;0,000;-0,002;-0,002;-0,009;-0,003;0,003;0,887;12,372;-251653,800;-25368,450;-899804,600;-6,232;-29761,440;-919996,300;262420,700;-26144,000;-904752,500;262423,200;26183,760;904716,200;2,059;29727,000;919993,000;-251649,800;25337,270;899823,600
10,90;-0,040;1,919;0,439;0,000;-0,002;-0,002;-0,009;-0,003;0,003;0,887;12,372;-251653,800;-25368,520;-899804,600;-6,284;-29761,440;-919996,300;262420,800;-26143,930;-904752,500;262423,200;26183,700;904716,200;2,059;29727,000;919993,000;-251649,800;25337,270;899823,600
10,92;-0,040;1,919;0,439;0,000;-0,002;-0,002;-0,009;-0,003;0,003;0,887;12,372;-251653,800;-25368,520;-899804,600;-6,293;-29761,440;-919996,300;262420,800;-26143,930;-904752,500;262423,200;26183,700;904716,200;2,059;29727,000;919993,000;-251649,800;25337,270;899823,600
10,94;-0,040;1,919;0,439;0,001;-0,002;-0,003;-0,010;-0,005;0,003;0,887;12,372;-251654,300;-25368,400;-899804,900;-6,483;-29761,410;-919996,200;262420,500;-26143,720;-904752,600;262422,900;26183,390;904716,100;1,864;29726,920;919992,500;-251650,200;25337,340;899823,500
10,96;-0,040;1,919;0,439;0,001;-0,002;-0,003;-0,010;-0,005;0,003;0,887;12,372;-251654,300;-25368,400;-899804,900;-6,488;-29761,410;-919996,200;262420,500;-26143,720;-904752,600;262422,900;26183,390;904716,100;1,864;29726,920;919992,500;-251650,200;25337,340;899823,500
10,98;-0,040;1,919;0,439;0,000;-0,002;-0,002;-0,009;-0,003;0,003;0,887;12,372;-251653,600;-25368,280;-899804,900;-6,365;-29761,430;-919996,200;262420,800;-26144,000;-904752,400;262423,600;26183,880;904716,100;1,818;29726,930;919993,100;-251649,700;25337,490;899823,400
11,00;-0,040;1,919;0,439;0,000;-0,002;-0,002;-0,009;-0,003;0,003;0,887;12,372;-251653,500;-25368,350;-899804,900;-6,412;-29761,430;-919996,200;262420,800;-26144,010;-904752,400;262423,600;26183,880;904716,100;1,696;29726,930;919993,100;-251649,600;25337,490;899823,400
11,02;-0,040;1,919;0,439;0,000;-0,002;-0,002;-0,009;-0,003;0,003;0,887;12,372;-251653,500;-25368,350;-899804,900;-6,417;-29761,430;-919996,200;262420,800;-26144,010;-904752,400;262423,600;26183,880;904716,100;1,696;29726,930;919993,100;-251649,600;25337,490;899823,400
11,04;-0,040;1,919;0,439;0,000;-0,002;-0,002;-0,009;-0,003;0,003;0,887;12,372;-251653,500;-25368,350;-899804,900;-6,419;-29761,430;-919996,200;262420,800;-26144,010;-904752,400;262423,600;26183,880;904716,100;1,696;29726,930;919993,100;-251649,600;25337,490;899823,400
11,06;-0,040;1,919;0,439;0,000;-0,002;-0,002;-0,009;-0,003;0,003;0,887;12,372;-251653,500;-25368,350;-899804,900;-6,427;-29761,430;-919996,200;262420,800;-26144,010;-904752,400;262423,600;26183,880;904716,100;1,696;29726,930;919993,100;-251649,600;25337,490;899823,400
11,08;-0,040;1,919;0,439;0,001;-0,002;-0,003;-0,010;-0,005;0,003;0,887;12,372;-251654,200;-25368,460;-899804,900;-6,571;-29761,420;-919996,300;262420,600;-26143,740;-904752,500;262423,000;26183,410;904716,100;1,681;29726,820;919992,600;-251650,000;25337,350;899823,500
11,10;-0,040;1,919;0,439;0,000;-0,002;-0,002;-0,009;-0,003;0,003;0,887;12,372;-251653,500;-25368,330;-899804,900;-6,428;-29761,380;-919996,300;262420,800;-26144,030;-904752,300;262423,600;26183,880;904716,100;1,667;29726,910;919993,100;-251649,600;25337,520;899823,400
11,12;-0,040;1,919;0,439;0,000;-0,002;-0,002;-0,009;-0,003;0,003;0,887;12,372;-251653,500;-25368,330;-899804,900;-6,466;-29761,380;-919996,300;262420,800;-26144,030;-904752,300;262423,600;26183,880;904716,100;1,667;29726,910;919993,100;-251649,600;25337,590;899823,400
11,14;-0,040;1,919;0,439;0,000;-0,002;-0,002;-0,009;-0,003;0,003;0,887;12,372;-251653,500;-25368,330;-899804,900;-6,470;-29761,380;-919996,300;262420,800;-26144,030;-904752,300;262423,600;26183,880;904716,100;1,667;29726,910;919993,100;-251649,600;25337,590;899823,400
11,16;-0,040;1,919;0,439;0,000;-0,002;-0,002;-0,009;-0,003;0,003;0,887;12,372;-251653,500;-25368,330;-899804,900;-6,473;-29761,380;-919996,300;262420,800;-26144,030;-904752,300;262423,600;26183,880;904716,100;1,667;29726,910;919993,100;-251649,600;25337,590;899823,400
11,18;-0,040;1,919;0,439;0,000;-0,002;-0,002;-0,009;-0,003;0,003;0,887;12,372;-251653,500;-25368,330;-899804,900;-6,480;-29761,380;-919996,300;262420,800;-26144,030;-904752,300;262423,600;26183,880;904716,100;1,667;29726,910;919993,100;-251649,600;25337,590;899823,400
11,20;-0,040;1,919;0,439;0,001;-0,002;-0,003;-0,010;-0,004;0,003;0,887;12,372;-251654,100;-25368,470;-899804,900;-6,612;-29761,370;-919996,300;262420,600;-26143,780;-904752,400;262423,100;26183,420;904716,100;1,676;29726,840;919992,600;-251649,900;25337,410;899823,600
11,22;-0,040;1,919;0,439;0,000;-0,002;-0,002;-0,009;-0,003;0,003;0,887;12,372;-251653,400;-25368,340;-899804,900;-6,495;-29761,330;-919996,300;262420,800;-26144,090;-904752,200;262423,700;26183,880;904716,100;1,665;29726,940;919993,100;-251649,500;25337,570;899823,400
11,24;-0,040;1,919;0,439;0,000;-0,002;-0,002;-0,009;-0,003;0,003;0,887;12,372;-251653,400;-25368,340;-899804,900;-6,499;-29761,330;-919996,300;262420,800;-26144,090;-904752,200;262423,700;26183,880;904716,100;1,665;29726,940;919993,100;-251649,500;25337,570;899823,400
11,26;-0,040;1,919;0,439;0,000;-0,002;-0,002;-0,009;-0,003;0,003;0,887;12,372;-251653,400;-25368,340;-899804,900;-6,502;-29761,330;-919996,300;262420,800;-26144,090;-904752,200;262423,700;26183,880;904716,100;1,665;29726,940;919993,100;-251649,500;25337,570;899823,400
11,28;-0,040;1,919;0,439;0,000;-0,002;-0,002;-0,009;-0,003;0,003;0,887;12,372;-251653,400;-25368,340;-899804,900;-6,505;-29761,330;-919996,300;262420,800;-26144,090;-904752,200;262423,700;26183,880;904716,100;1,665;29726,940;919993,100;-251649,500;25337,570;899823,400
11,30;-0,040;1,919;0,439;0,001;-0,002;-0,003;-0,010;-0,004;0,003;0,887;12,372;-251654,100;-25368,480;-899804,900;-6,636;-29761,320;-919996,300;262420,600;-26143,840;-904752,400;262423,100;26183,410;904716,100;1,682;29726,870;919992,600;-251649,900;25337,400;899823,600
11,32;-0,040;1,919;0,439;0,001;-0,002;-0,003;-0,010;-0,004;0,003;0,887;12,372;-251654,100;-25368,410;-899805,000;-6,658;-29761,320;-919996,300;262420,700;-26143,840;-904752,400;262423,100;26183,420;904716,000;1,682;29726,870;919992,600;-251649,900;25337,320;899823,700
11,34;-0,040;1,919;0,439;0,001;-0,002;-0,003;-0,010;-0,004;0,003;0,887;12,372;-251654,100;-25368,410;-899805,000;-6,660;-29761,320;-919996,300;262420,700;-26143,840;-904752,400;262423,100;26183,420;904716,000;1,682;29726,870;919992,600;-251649,900;25337,320;899823,700
11,36;-0,040;1,919;0,439;0,001;-0,002;-0,003;-0,010;-0,004;0,003;0,887;12,372;-251654,100;-25368,410;-899805,000;-6,662;-29761,320;-919996,300;262420,700;-26143,840;-904752,400;262423,100;26183,420;904716,000;1,682;29726,870;919992,600;-251649,900;25337,320;899823,700
11,38;-0,040;1,919;0,439;0,000;-0,002;-0,002;-0,009;-0,003;0,003;0,887;12,372;-251653,400;-25368,270;-899805,000;-6,518;-29761,290;-919996,300;262420,900;-26144,140;-904752,100;262423,700;26183,880;904716,000;1,670;29726,960;919993,100;-251649,500;25337,480;899823,600
11,40;-0,040;1,919;0,439;0,001;-0,002;-0,003;-0,010;-0,004;0,003;0,887;12,372;-251654,100;-25368,410;-899805,000;-6,654;-29761,290;-919996,400;262420,700;-26143,890;-904752,300;262423,100;26183,420;904716,000;1,681;29726,860;919992,600;-251649,900;25337,320;899823,700
11,42;-0,040;1,919;0,439;0,001;-0,002;-0,003;-0,010;-0,004;0,003;0,887;12,372;-251654,100;-25368,410;-899805,000;-6,668;-29761,290;-919996,400;262420,700;-26143,890;-904752,300;262423,100;26183,420;904716,000;1,681;29726,860;919992,600;-251649,900;25337,320;899823,700
11,44;-0,040;1,919;0,439;0,001;-0,002;-0,003;-0,010;-0,004;0,003;0,887;12,372;-251654,100;-25368,410;-899805,000;-6,669;-29761,290;-919996,400;262420,700;-26143,890;-904752,300;262423,100;26183,420;904716,000;1,681;29726,860;919992,600;-251649,900;25337,320;899823,700
11,46;-0,040;1,919;0,439;0,001;-0,002;-0,003;-0,010;-0,004;0,003;0,887;12,372;-251654,100;-25368,410;-899805,000;-6,670;-29761,290;-919996,400;262420,700;-26143,890;-904752,300;262423,100;26183,420;904716,000;1,681;29726,860;919992,600;-251649,900;25337,320;899823,700
11,48;-0,040;1,919;0,439;0,001;-0,002;-0,003;-0,010;-0,004;0,003;0,887;12,372;-251654,100;-25368,410;-899805,000;-6,671;-29761,290;-919996,400;262420,700;-26143,890;-904752,300;262423,100;26183,420;904716,000;1,681;29726,860;919992,600;-251649,900;25337,320;899823,700
11,50;-0,040;1,919;0,439;0,001;-0,002;-0,003;-0,010;-0,004;0,003;0,887;12,372;-251654,100;-25368,410;-899805,000;-6,670;-29761,280;-919996,400;262420,700;-26143,910;-904752,300;262423,100;26183,420;904716,000;1,672;29726,870;919992,600;-251649,900;25337,320;899823,700
11,52;-0,040;1,919;0,439;0,001;-0,002;-0,003;-0,010;-0,004;0,003;0,887;12,372;-251654,000;-25368,410;-899805,000;-6,674;-29761,280;-919996,400;262420,700;-26143,920;-904752,200;262423,100;26183,420;904716,000;1,672;29726,870;919992,600;-251649,900;25337,320;899823,700
11,54;-0,040;1,919;0,439;0,001;-0,002;-0,003;-0,010;-0,004;0,003;0,887;12,372;-251654,000;-25368,410;-899805,000;-6,674;-29761,280;-919996,400;262420,700;-26143,920;-904752,200;262423,100;26183,420;904716,000;1,672;29726,870;919992,600;-251649,900;25337,320;899823,700
11,56;-0,040;1,919;0,439;0,001;-0,002;-0,003;-0,010;-0,004;0,003;0,887;12,372;-251654,000;-25368,410;-899805,000;-6,674;-29761,280;-919996,400;262420,700;-26143,920;-904752,200;262423,100;26183,420;904716,000;1,672;29726,870;919992,600;-251649,900;25337,320;899823,700
11,58;-0,040;1,919;0,439;0,001;-0,002;-0,003;-0,010;-0,004;0,003;0,887;12,372;-251654,000;-25368,410;-899805,000;-6,674;-29761,280;-919996,400;262420,700;-26143,920;-904752,200;262423,100;26183,420;904716,000;1,672;29726,870;919992,600;-251649,900;25337,320;899823,700
11,60;-0,040;1,919;0,439;0,000;-0,002;-0,002;-0,009;-0,003;0,003;0,887;12,372;-251653,400;-25368,270;-899805,000;-6,538;-29761,270;-919996,400;262420,900;-26144,200;-904752,000;262423,700;26183,890;904716,000;1,655;29726,950;919993,100;-251649,500;25337,490;899823,600
11,62;-0,040;1,919;0,439;0,000;-0,002;-0,002;-0,009;-0,003;0,003;0,887;12,372;-251653,400;-25368,270;-899805,000;-6,533;-29761,270;-919996,400;262420,900;-26144,190;-904752,100;262423,700;26183,890;904716,000;1,655;29726,950;919993,100;-251649,500;25337,490;899823,600
11,64;-0,040;1,919;0,439;0,000;-0,002;-0,002;-0,009;-0,003;0,003;0,887;12,372;-251653,600;-25368,520;-899804,900;-6,478;-29761,290;-919996,300;262420,900;-26144,130;-904752,200;262423,400;26183,710;904716,000;1,913;29727,040;919993,000;-251649,500;25337,240;899823,800
11,66;-0,040;1,919;0,439;0,000;-0,002;-0,002;-0,009;-0,003;0,003;0,887;12,372;-251653,600;-25368,520;-899804,900;-6,477;-29761,290;-919996,300;262420,900;-26144,130;-904752,200;262423,400;26183,710;904716,000;1,913;29727,040;919993,000;-251649,500;25337,240;899823,800
11,68;-0,040;1,919;0,439;0,001;-0,002;-0,003;-0,010;-0,005;0,003;0,887;12,372;-251654,100;-25368,400;-899805,100;-6,663;-29761,270;-919996,400;262420,700;-26143,920;-904752,300;262423,100;26183,400;904716,000;1,729;29726,940;919992,500;-251650,000;25337,310;899823,600
11,70;-0,040;1,919;0,439;0,001;-0,002;-0,003;-0,010;-0,005;0,003;0,887;12,372;-251654,100;-25368,400;-899805,100;-6,649;-29761,270;-919996,400;262420,700;-26143,920;-904752,300;262423,100;26183,400;904716,000;1,729;29726,940;919992,500;-251650,000;25337,310;899823,600
11,72;-0,040;1,919;0,439;0,001;-0,002;-0,003;-0,010;-0,005;0,003;0,887;12,372;-251654,100;-25368,400;-899805,100;-6,647;-29761,270;-919996,400;262420,700;-26143,920;-904752,300;262423,100;26183,400;904716,000;1,729;29726,940;919992,500;-251650,000;25337,310;899823,600
11,74;-0,040;1,919;0,439;0,001;-0,002;-0,003;-0,010;-0,005;0,003;0,887;12,372;-251654,100;-25368,400;-899805,100;-6,646;-29761,270;-919996,400;262420,700;-26143,920;-904752,300;262423,100;26183,400;904716,000;1,729;29726,940;919992,500;-251650,000;25337,310;899823,600
11,76;-0,040;1,919;0,439;0,000;-0,002;-0,002;-0,009;-0,003;0,003;0,887;12,372;-251653,400;-25368,280;-899805,000;-6,521;-29761,320;-919996,300;262420,900;-26144,170;-904752,100;262423,700;26183,880;904716,000;1,678;29726,950;919993,100;-251649,500;25337,470;899823,600
11,78;-0,040;1,919;0,439;0,000;-0,002;-0,002;-0,009;-0,003;0,003;0,887;12,372;-251653,600;-25368,500;-899804,900;-6,472;-29761,340;-919996,300;262421,000;-26144,090;-904752,300;262423,400;26183,720;904716,000;1,913;29727,000;919993,000;-251649,500;25337,250;899823,800
11,80;-0,040;1,919;0,439;0,000;-0,002;-0,002;-0,009;-0,003;0,003;0,887;12,372;-251653,600;-25368,580;-899804,700;-6,443;-29761,340;-919996,300;262420,900;-26144,090;-904752,300;262423,400;26183,720;904716,100;1,913;29727,000;919993,000;-251649,500;25337,330;899823,700
11,82;-0,040;1,919;0,439;0,001;-0,002;-0,002;-0,010;-0,005;0,003;0,887;12,372;-251654,100;-25368,460;-899804,900;-6,630;-29761,330;-919996,300;262420,600;-26143,860;-904752,400;262423,100;26183,400;904716,100;1,713;29726,910;919992,500;-251650,000;25337,410;899823,500
11,84;-0,040;1,919;0,439;0,000;-0,002;-0,002;-0,009;-0,003;0,003;0,887;12,372;-251653,400;-25368,340;-899804,900;-6,478;-29761,380;-919996,300;262420,900;-26144,110;-904752,300;262423,700;26183,880;904716,100;1,666;29726,930;919993,100;-251649,500;25337,560;899823,400
11,86;-0,040;1,919;0,439;0,000;-0,002;-0,002;-0,009;-0,003;0,003;0,887;12,372;-251653,500;-25368,340;-899804,900;-6,474;-29761,380;-919996,300;262420,800;-26144,110;-904752,300;262423,600;26183,880;904716,100;1,666;29726,930;919993,100;-251649,600;25337,560;899823,400
11,88;-0,040;1,919;0,439;0,000;-0,002;-0,002;-0,009;-0,003;0,003;0,887;12,372;-251653,500;-25368,340;-899804,900;-6,471;-29761,380;-919996,300;262420,800;-26144,110;-904752,300;262423,600;26183,880;904716,100;1,666;29726,930;919993,100;-251649,600;25337,560;899823,400
11,90;-0,040;1,919;0,439;0,000;-0,002;-0,002;-0,009;-0,003;0,003;0,887;12,372;-251653,500;-25368,340;-899804,900;-6,463;-29761,380;-919996,300;262420,800;-26144,110;-904752,300;262423,600;26183,880;904716,100;1,666;29726,930;919993,100;-251649,600;25337,560;899823,400
11,92;-0,040;1,919;0,439;0,000;-0,002;-0,002;-0,009;-0,003;0,003;0,887;12,372;-251653,700;-25368,570;-899804,700;-6,406;-29761,390;-919996,300;262420,900;-26144,020;-904752,400;262423,300;26183,720;904716,100;1,908;29726,990;919993,000;-251649,700;25337,340;899823,700
11,94;-0,040;1,919;0,439;0,000;-0,002;-0,002;-0,009;-0,003;0,003;0,887;12,372;-251653,700;-25368,570;-899804,700;-6,369;-29761,390;-919996,300;262420,800;-26144,020;-904752,400;262423,300;26183,720;904716,100;1,908;29726,990;919993,000;-251649,700;25337,270;899823,700
11,96;-0,040;1,919;0,439;0,000;-0,002;-0,002;-0,009;-0,003;0,003;0,887;12,372;-251653,700;-25368,570;-899804,700;-6,364;-29761,390;-919996,300;262420,800;-26144,020;-904752,400;262423,300;26183,720;904716,100;1,908;29726,990;919993,000;-251649,700;25337,270;899823,700
11,98;-0,040;1,919;0,439;0,001;-0,002;-0,003;-0,010;-0,005;0,003;0,887;12,372;-251654,200;-25368,460;-899804,900;-6,549;-29761,370;-919996,300;262420,600;-26143,800;-904752,400;262422,900;26183,390;904716,100;1,716;29726,910;919992,500;-251650,100;25337,350;899823,500
12,00;-0,040;1,919;0,439;0,001;-0,002;-0,003;-0,010;-0,005;0,003;0,887;12,372;-251654,200;-25368,460;-899804,900;-6,543;-29761,370;-919996,300;262420,600;-26143,800;-904752,400;262422,900;26183,390;904716,100;1,716;29726,910;919992,500;-251650,100;25337,350;899823,500
12,02;-0,040;1,919;0,439;0,000;-0,002;-0,002;-0,009;-0,003;0,003;0,887;12,372;-251653,500;-25368,350;-899804,900;-6,408;-29761,400;-919996,300;262420,800;-26144,060;-904752,300;262423,600;26183,880;904716,100;1,676;29726,920;919993,100;-251649,600;25337,500;899823,400
12,04;-0,040;1,919;0,439;0,000;-0,002;-0,002;-0,009;-0,003;0,003;0,887;12,372;-251653,600;-25368,280;-899804,900;-6,359;-29761,400;-919996,300;262420,800;-26144,050;-904752,400;262423,600;26183,880;904716,100;1,798;29726,920;919993,100;-251649,700;25337,500;899823,400
12,06;-0,040;1,919;0,439;0,000;-0,002;-0,002;-0,009;-0,003;0,003;0,887;12,372;-251653,600;-25368,280;-899804,900;-6,352;-29761,400;-919996,300;262420,800;-26144,050;-904752,400;262423,600;26183,880;904716,100;1,798;29726,920;919993,100;-251649,700;25337,500;899823,400
12,08;-0,040;1,919;0,439;0,000;-0,002;-0,002;-0,009;-0,003;0,003;0,887;12,372;-251653,600;-25368,280;-899804,900;-6,346;-29761,400;-919996,300;262420,800;-26144,050;-904752,400;262423,600;26183,880;904716,100;1,798;29726,920;919993,100;-251649,700;25337,500;899823,400
12,10;-0,040;1,919;0,439;0,000;-0,002;-0,002;-0,009;-0,003;0,003;0,887;12,372;-251653,800;-25368,520;-899804,600;-6,283;-29761,410;-919996,300;262420,800;-26143,980;-904752,400;262423,200;26183,700;904716,200;2,041;29727,000;919993,000;-251649,800;25337,270;899823,600
12,12;-0,040;1,919;0,439;0,001;-0,002;-0,003;-0,010;-0,005;0,003;0,887;12,372;-251654,300;-25368,400;-899804,900;-6,463;-29761,380;-919996,300;262420,500;-26143,770;-904752,500;262422,800;26183,380;904716,200;1,848;29726,910;919992,500;-251650,200;25337,350;899823,400
12,14;-0,040;1,919;0,439;0,001;-0,002;-0,003;-0,010;-0,005;0,003;0,887;12,372;-251654,300;-25368,330;-899804,900;-6,406;-29761,380;-919996,300;262420,400;-26143,840;-904752,500;262422,800;26183,450;904716,200;1,848;29726,910;919992,500;-251650,200;25337,350;899823,400
12,16;-0,040;1,919;0,439;0,001;-0,002;-0,003;-0,010;-0,005;0,003;0,887;12,372;-251654,300;-25368,330;-899804,900;-6,400;-29761,380;-919996,300;262420,400;-26143,840;-904752,500;262422,800;26183,450;904716,200;1,848;29726,910;919992,500;-251650,200;25337,350;899823,400
12,18;-0,040;1,919;0,439;0,001;-0,002;-0,003;-0,010;-0,005;0,003;0,887;12,372;-251654,300;-25368,330;-899804,900;-6,397;-29761,380;-919996,300;262420,400;-26143,840;-904752,500;262422,800;26183,450;904716,200;1,848;29726,910;919992,500;-251650,200;25337,350;899823,400
12,20;-0,040;1,919;0,439;0,001;-0,002;-0,003;-0,010;-0,005;0,003;0,887;12,372;-251654,300;-25368,330;-899804,900;-6,387;-29761,380;-919996,300;262420,400;-26143,840;-904752,500;262422,800;26183,450;904716,200;1,970;29726,910;919992,500;-251650,200;25337,350;899823,400
12,22;-0,040;1,919;0,439;0,000;-0,002;-0,002;-0,009;-0,003;0,003;0,887;12,372;-251653,700;-25368,220;-899804,800;-6,242;-29761,400;-919996,300;262420,600;-26144,110;-904752,400;262423,500;26183,940;904716,200;1,925;29726,930;919993,100;-251649,900;25337,430;899823,400
12,24;-0,040;1,919;0,439;0,001;-0,002;-0,003;-0,010;-0,005;0,003;0,887;12,372;-251654,400;-25368,340;-899804,800;-6,320;-29761,390;-919996,300;262420,300;-26143,900;-904752,500;262422,900;26183,540;904716,200;1,912;29726,820;919992,600;-251650,300;25337,290;899823,400
12,26;-0,040;1,919;0,439;0,001;-0,002;-0,003;-0,010;-0,005;0,003;0,887;12,372;-251654,400;-25368,340;-899804,800;-6,312;-29761,390;-919996,300;262420,300;-26143,900;-904752,500;262422,900;26183,540;904716,200;1,912;29726,820;919992,600;-251650,300;25337,290;899823,400
12,28;-0,040;1,919;0,439;0,001;-0,002;-0,003;-0,010;-0,005;0,003;0,887;12,372;-251654,400;-25368,340;-899804,800;-6,307;-29761,390;-919996,300;262420,300;-26143,900;-904752,500;262422,900;26183,540;904716,200;1,912;29726,820;919992,600;-251650,300;25337,290;899823,400
12,30;-0,040;1,919;0,439;0,001;-0,002;-0,003;-0,010;-0,005;0,003;0,887;12,372;-251654,400;-25368,340;-899804,800;-6,293;-29761,390;-919996,300;262420,300;-26143,900;-904752,500;262422,900;26183,540;904716,200;1,912;29726,820;919992,600;-251650,300;25337,290;899823,400
12,32;-0,040;1,919;0,439;0,000;-0,002;-0,002;-0,009;-0,003;0,003;0,887;12,372;-251653,800;-25368,200;-899804,800;-6,136;-29761,370;-919996,300;262420,500;-26144,190;-904752,300;262423,500;26184,010;904716,200;2,021;29726,910;919993,100;-251649,800;25337,460;899823,400
12,34;-0,040;1,919;0,439;0,000;-0,002;-0,002;-0,009;-0,003;0,003;0,887;12,372;-251653,800;-25368,200;-899804,800;-6,069;-29761,370;-919996,300;262420,400;-26144,070;-904752,400;262423,300;26184,010;904716,200;2,021;29726,910;919993,100;-251649,800;25337,460;899823,400
12,36;-0,040;1,919;0,439;0,000;-0,002;-0,002;-0,009;-0,003;0,003;0,887;12,372;-251653,800;-25368,200;-899804,800;-6,059;-29761,370;-919996,300;262420,400;-26144,070;-904752,400;262423,300;26184,010;904716,200;2,021;29726,910;919993,100;-251649,800;25337,460;899823,400
12,38;-0,040;1,919;0,439;0,001;-0,002;-0,003;-0,010;-0,004;0,003;0,887;12,372;-251654,500;-25368,350;-899804,800;-6,179;-29761,360;-919996,300;262420,200;-26143,810;-904752,700;262422,800;26183,540;904716,200;2,030;29726,840;919992,600;-251650,300;25337,290;899823,400
12,40;-0,040;1,919;0,439;0,001;-0,002;-0,003;-0,010;-0,004;0,003;0,887;12,372;-251654,500;-25368,470;-899804,600;-6,169;-29761,360;-919996,300;262420,200;-26143,810;-904752,700;262422,800;26183,420;904716,300;2,030;29726,840;919992,600;-251650,300;25337,420;899823,300
12,42;-0,040;1,919;0,439;0,000;-0,002;-0,002;-0,009;-0,003;0,003;0,887;12,372;-251653,800;-25368,340;-899804,600;-6,010;-29761,330;-919996,300;262420,500;-26144,110;-904752,400;262423,300;26183,890;904716,300;2,145;29726,940;919993,100;-251649,800;25337,570;899823,300
12,44;-0,040;1,919;0,439;0,000;-0,002;-0,002;-0,009;-0,003;0,003;0,887;12,372;-251653,900;-25368,270;-899804,600;-5,926;-29761,330;-919996,300;262420,400;-26144,170;-904752,600;262423,200;26183,960;904716,300;2,145;29726,940;919993,100;-251650,000;25337,500;899823,300
12,46;-0,040;1,919;0,439;0,000;-0,002;-0,002;-0,009;-0,003;0,003;0,887;12,372;-251653,900;-25368,270;-899804,600;-5,916;-29761,330;-919996,300;262420,400;-26144,170;-904752,600;262423,200;26183,960;904716,300;2,145;29726,940;919993,100;-251650,000;25337,500;899823,300
12,48;-0,040;1,919;0,439;0,000;-0,002;-0,002;-0,009;-0,003;0,003;0,887;12,372;-251653,900;-25368,270;-899804,600;-5,908;-29761,330;-919996,300;262420,400;-26144,170;-904752,600;262423,200;26183,960;904716,300;2,145;29726,940;919993,100;-251650,000;25337,500;899823,300
12,50;-0,040;1,919;0,439;0,000;-0,002;-0,002;-0,009;-0,003;0,003;0,887;12,372;-251653,900;-25368,270;-899804,600;-5,900;-29761,330;-919996,300;262420,400;-26144,170;-904752,600;262423,200;26183,960;904716,300;2,267;29726,940;919993,100;-251650,000;25337,500;899823,300
12,52;-0,040;1,919;0,439;0,000;-0,002;-0,002;-0,009;-0,003;0,003;0,887;12,372;-251653,900;-25368,270;-899804,600;-5,877;-29761,300;-919996,300;262420,400;-26144,200;-904752,500;262423,200;26183,960;904716,300;2,272;29726,960;919993,100;-251650,000;25337,490;899823,300
12,54;-0,040;1,919;0,439;0,000;-0,002;-0,002;-0,009;-0,003;0,003;0,887;12,372;-251654,000;-25368,350;-899804,500;-5,793;-29761,300;-919996,300;262420,300;-26144,200;-904752,500;262423,200;26183,950;904716,400;2,272;29726,960;919993,100;-251650,000;25337,560;899823,100
12,56;-0,040;1,919;0,439;0,000;-0,002;-0,002;-0,009;-0,003;0,003;0,887;12,372;-251654,000;-25368,350;-899804,500;-5,783;-29761,300;-919996,300;262420,300;-26144,200;-904752,500;262423,200;26183,950;904716,400;2,394;29726,960;919993,100;-251650,000;25337,560;899823,100
12,58;-0,040;1,919;0,439;0,000;-0,002;-0,002;-0,009;-0,003;0,003;0,887;12,372;-251654,000;-25368,350;-899804,500;-5,772;-29761,300;-919996,300;262420,300;-26144,200;-904752,500;262423,200;26183,950;904716,400;2,394;29726,960;919993,100;-251650,000;25337,560;899823,100
12,60;-0,040;1,919;0,439;0,000;-0,002;-0,002;-0,009;-0,003;0,003;0,887;12,372;-251654,000;-25368,280;-899804,500;-5,763;-29761,300;-919996,300;262420,300;-26144,200;-904752,500;262423,100;26183,950;904716,400;2,394;29726,960;919993,100;-251650,100;25337,490;899823,100
12,62;-0,040;1,919;0,439;0,000;-0,002;-0,002;-0,009;-0,003;0,003;0,887;12,372;-251654,000;-25368,280;-899804,500;-5,751;-29761,300;-919996,300;262420,300;-26144,200;-904752,500;262423,100;26183,950;904716,400;2,394;29726,960;919993,100;-251650,100;25337,490;899823,100
12,64;-0,040;1,919;0,439;0,001;-0,002;-0,003;-0,010;-0,004;0,003;0,887;12,372;-251654,700;-25368,420;-899804,500;-5,877;-29761,300;-919996,400;262420,100;-26143,940;-904752,800;262422,500;26183,490;904716,400;2,408;29726,860;919992,600;-251650,500;25337,330;899823,200
12,66;-0,040;1,919;0,439;0,001;-0,002;-0,003;-0,010;-0,004;0,003;0,887;12,372;-251654,800;-25368,350;-899804,500;-5,790;-29761,300;-919996,400;262420,000;-26144,010;-904752,800;262422,500;26183,550;904716,400;2,530;29726,860;919992,600;-251650,600;25337,260;899823,200
12,68;-0,040;1,919;0,439;0,001;-0,002;-0,003;-0,010;-0,004;0,003;0,887;12,372;-251654,800;-25368,350;-899804,500;-5,779;-29761,300;-919996,400;262420,000;-26144,010;-904752,800;262422,500;26183,550;904716,400;2,530;29726,860;919992,600;-251650,600;25337,260;899823,200
12,70;-0,040;1,919;0,439;0,000;-0,002;-0,002;-0,009;-0,003;0,003;0,887;12,372;-251654,100;-25368,210;-899804,500;-5,632;-29761,290;-919996,300;262420,200;-26144,290;-904752,500;262423,100;26184,020;904716,400;2,512;29726,950;919993,100;-251650,200;25337,430;899823,100
12,72;-0,040;1,919;0,439;0,000;-0,002;-0,002;-0,009;-0,003;0,003;0,887;12,372;-251654,100;-25368,210;-899804,500;-5,608;-29761,290;-919996,300;262420,200;-26144,210;-904752,700;262423,000;26183,930;904716,600;2,512;29726,950;919993,100;-251650,200;25337,430;899823,100
12,74;-0,040;1,919;0,439;0,001;-0,002;-0,003;-0,010;-0,004;0,003;0,887;12,372;-251654,800;-25368,350;-899804,500;-5,731;-29761,300;-919996,400;262420,000;-26143,940;-904752,800;262422,400;26183,470;904716,600;2,522;29726,860;919992,600;-251650,600;25337,270;899823,200
12,76;-0,040;1,919;0,439;0,001;-0,002;-0,003;-0,010;-0,004;0,003;0,887;12,372;-251654,900;-25368,400;-899804,300;-5,631;-29761,300;-919996,400;262419,900;-26144,010;-904752,800;262422,400;26183,540;904716,600;2,644;29726,860;919992,600;-251650,800;25337,310;899823,000
12,78;-0,040;1,919;0,439;0,001;-0,002;-0,003;-0,010;-0,004;0,003;0,887;12,372;-251654,900;-25368,400;-899804,300;-5,619;-29761,300;-919996,400;262419,900;-26144,010;-904752,800;262422,400;26183,540;904716,600;2,644;29726,860;919992,600;-251650,800;25337,310;899823,000
12,80;-0,040;1,919;0,439;0,000;-0,002;-0,002;-0,009;-0,003;0,003;0,887;12,372;-251654,300;-25368,260;-899804,300;-5,475;-29761,290;-919996,400;262420,000;-26144,290;-904752,700;262422,800;26184,000;904716,600;2,627;29726,940;919993,100;-251650,300;25337,480;899822,900
12,82;-0,040;1,919;0,439;0,000;-0,002;-0,002;-0,009;-0,003;0,003;0,887;12,372;-251654,300;-25368,260;-899804,300;-5,456;-29761,290;-919996,400;262420,000;-26144,290;-904752,700;262422,800;26184,000;904716,600;2,627;29726,940;919993,100;-251650,300;25337,480;899822,900
12,84;-0,040;1,919;0,439;0,000;-0,002;-0,002;-0,009;-0,003;0,003;0,887;12,372;-251654,400;-25368,510;-899804,200;-5,387;-29761,310;-919996,300;262420,100;-26144,230;-904752,800;262422,600;26183,830;904716,600;2,883;29727,020;919993,000;-251650,400;25337,230;899823,100
12,86;-0,040;1,919;0,439;0,000;-0,002;-0,002;-0,009;-0,003;0,003;0,887;12,372;-251654,500;-25368,520;-899804,000;-5,283;-29761,310;-919996,300;262420,000;-26144,220;-904752,800;262422,400;26183,830;904716,600;3,005;29727,020;919993,000;-251650,500;25337,230;899823,000
12,88;-0,040;1,919;0,439;0,000;-0,002;-0,002;-0,009;-0,003;0,003;0,887;12,372;-251654,600;-25368,520;-899804,000;-5,271;-29761,310;-919996,300;262420,000;-26144,220;-904752,800;262422,400;26183,820;904716,700;3,005;29727,020;919993,000;-251650,500;25337,230;899823,000
12,90;-0,040;1,919;0,439;0,000;-0,002;-0,002;-0,009;-0,003;0,003;0,887;12,372;-251654,600;-25368,520;-899804,000;-5,264;-29761,310;-919996,300;262420,000;-26144,220;-904752,800;262422,400;26183,820;904716,700;3,005;29727,020;919993,000;-251650,500;25337,230;899823,000
12,92;-0,040;1,919;0,439;0,000;-0,002;-0,002;-0,009;-0,003;0,003;0,887;12,372;-251654,600;-25368,520;-899804,000;-5,243;-29761,310;-919996,300;262420,000;-26144,220;-904752,800;262422,400;26183,820;904716,700;3,005;29727,020;919993,000;-251650,500;25337,230;899823,000
12,94;-0,040;1,919;0,439;0,001;-0,002;-0,003;-0,010;-0,005;0,003;0,887;12,372;-251655,100;-25368,330;-899804,300;-5,417;-29761,300;-919996,400;262419,700;-26144,080;-904752,900;262422,100;26183,510;904716,700;2,819;29726,940;919992,500;-251650,900;25337,240;899822,800
12,96;-0,040;1,919;0,439;0,000;-0,002;-0,002;-0,009;-0,003;0,003;0,887;12,372;-251654,500;-25368,140;-899804,200;-5,193;-29761,340;-919996,300;262419,800;-26144,300;-904752,900;262422,600;26184,060;904716,700;2,888;29726,950;919993,100;-251650,600;25337,330;899822,800
12,98;-0,040;1,919;0,439;0,000;-0,002;-0,002;-0,009;-0,003;0,003;0,887;12,372;-251654,500;-25368,140;-899804,200;-5,179;-29761,340;-919996,300;262419,800;-26144,300;-904752,900;262422,600;26184,060;904716,700;2,888;29726,950;919993,100;-251650,600;25337,330;899822,800
13,00;-0,040;1,919;0,439;0,000;-0,002;-0,002;-0,009;-0,003;0,003;0,887;12,372;-251654,500;-25368,140;-899804,200;-5,167;-29761,340;-919996,300;262419,800;-26144,300;-904752,900;262422,600;26184,060;904716,700;2,888;29726,950;919993,100;-251650,600;25337,330;899822,800
13,02;-0,040;1,919;0,439;0,000;-0,002;-0,002;-0,009;-0,003;0,003;0,887;12,372;-251654,600;-25368,140;-899804,200;-5,148;-29761,340;-919996,300;262419,800;-26144,300;-904752,900;262422,600;26184,010;904716,900;2,888;29726,950;919993,100;-251650,700;25337,400;899822,700
13,04;-0,040;1,919;0,439;0,000;-0,002;-0,002;-0,009;-0,003;0,003;0,887;12,372;-251654,600;-25368,140;-899804,200;-5,134;-29761,340;-919996,300;262419,800;-26144,300;-904752,900;262422,600;26184,010;904716,900;3,010;29726,950;919993,100;-251650,700;25337,400;899822,700
13,06;-0,040;1,919;0,439;0,000;-0,002;-0,002;-0,009;-0,003;0,003;0,887;12,372;-251654,700;-25368,360;-899804,000;-5,071;-29761,360;-919996,300;262419,800;-26144,220;-904753,100;262422,300;26183,860;904716,900;3,240;29726,990;919993,000;-251650,800;25337,190;899822,900
13,08;-0,040;1,919;0,439;0,000;-0,002;-0,002;-0,009;-0,003;0,003;0,887;12,372;-251654,800;-25368,370;-899803,900;-4,954;-29761,360;-919996,300;262419,700;-26144,290;-904753,100;262422,200;26183,920;904716,900;3,362;29726,990;919993,000;-251650,900;25337,120;899822,900
13,10;-0,040;1,919;0,439;0,001;-0,002;-0,003;-0,010;-0,005;0,003;0,887;12,372;-251655,300;-25368,250;-899804,200;-5,132;-29761,350;-919996,300;262419,400;-26144,060;-904753,100;262421,900;26183,610;904716,900;3,162;29726,900;919992,500;-251651,300;25337,210;899822,800
13,12;-0,040;1,919;0,439;0,001;-0,002;-0,003;-0,010;-0,005;0,003;0,887;12,372;-251655,300;-25368,250;-899804,200;-5,123;-29761,350;-919996,300;262419,400;-26144,060;-904753,100;262421,900;26183,610;904716,900;3,162;29726,900;919992,500;-251651,300;25337,210;899822,800
13,14;-0,040;1,919;0,439;0,001;-0,002;-0,003;-0,010;-0,005;0,003;0,887;12,372;-251655,400;-25368,380;-899804,000;-5,106;-29761,350;-919996,300;262419,400;-26144,060;-904753,100;262421,800;26183,610;904716,900;3,162;29726,900;919992,500;-251651,300;25337,210;899822,800
13,16;-0,040;1,919;0,439;0,000;-0,002;-0,002;-0,009;-0,003;0,003;0,887;12,372;-251654,700;-25368,260;-899803,900;-4,967;-29761,390;-919996,300;262419,600;-26144,320;-904753,000;262422,400;26184,090;904716,900;3,111;29726,910;919993,100;-251650,800;25337,360;899822,700
13,18;-0,040;1,919;0,439;0,000;-0,002;-0,002;-0,009;-0,003;0,003;0,887;12,372;-251654,800;-25368,190;-899803,900;-4,835;-29761,390;-919996,300;262419,500;-26144,380;-904753,100;262422,400;26184,150;904717,000;3,355;29726,910;919993,100;-251650,800;25337,410;899822,600
13,20;-0,040;1,919;0,439;0,000;-0,002;-0,002;-0,009;-0,003;0,003;0,887;12,372;-251654,800;-25368,190;-899803,900;-4,823;-29761,390;-919996,300;262419,500;-26144,380;-904753,100;262422,400;26184,150;904717,000;3,355;29726,910;919993,100;-251650,800;25337,410;899822,600
13,22;-0,040;1,919;0,439;0,000;-0,002;-0,002;-0,009;-0,003;0,003;0,887;12,372;-251654,800;-25368,190;-899803,900;-4,810;-29761,390;-919996,300;262419,500;-26144,380;-904753,100;262422,400;26184,150;904717,000;3,355;29726,910;919993,100;-251650,800;25337,410;899822,600
13,24;-0,040;1,919;0,439;0,000;-0,002;-0,002;-0,009;-0,003;0,003;0,887;12,372;-251655,000;-25368,420;-899803,800;-4,748;-29761,400;-919996,300;262419,500;-26144,300;-904753,300;262422,100;26183,990;904717,000;3,589;29726,980;919993,000;-251650,800;25337,180;899822,800
13,26;-0,040;1,919;0,439;0,001;-0,002;-0,003;-0,010;-0,005;0,003;0,887;12,372;-251655,500;-25368,300;-899803,900;-4,924;-29761,380;-919996,300;262419,200;-26144,080;-904753,400;262421,800;26183,510;904717,200;3,394;29726,890;919992,500;-251651,300;25337,260;899822,600
13,28;-0,040;1,919;0,439;0,001;-0,002;-0,003;-0,010;-0,005;0,003;0,887;12,372;-251655,600;-25368,230;-899803,900;-4,783;-29761,380;-919996,300;262419,200;-26143,990;-904753,500;262421,600;26183,580;904717,200;3,517;29726,890;919992,500;-251651,400;25337,190;899822,500
13,30;-0,040;1,919;0,439;0,001;-0,002;-0,003;-0,010;-0,005;0,003;0,887;12,372;-251655,600;-25368,230;-899803,900;-4,770;-29761,380;-919996,300;262419,100;-26143,990;-904753,500;262421,600;26183,580;904717,200;3,517;29726,890;919992,500;-251651,500;25337,190;899822,500
13,32;-0,040;1,919;0,439;0,001;-0,002;-0,003;-0,010;-0,005;0,003;0,887;12,372;-251655,600;-25368,230;-899803,900;-4,762;-29761,380;-919996,300;262419,100;-26143,990;-904753,500;262421,600;26183,580;904717,200;3,517;29726,890;919992,500;-251651,500;25337,190;899822,500
13,34;-0,040;1,919;0,439;0,000;-0,002;-0,002;-0,009;-0,003;0,003;0,887;12,372;-251655,200;-25368,290;-899803,700;-4,546;-29761,410;-919996,300;262419,300;-26144,260;-904753,400;262421,800;26183,960;904717,100;3,838;29726,970;919993,000;-251651,100;25337,050;899822,700
13,36;-0,040;1,919;0,439;0,000;-0,002;-0,002;-0,009;-0,003;0,003;0,887;12,372;-251655,300;-25368,370;-899803,600;-4,413;-29761,410;-919996,300;262419,200;-26144,210;-904753,600;262421,800;26183,920;904717,300;3,960;29726,970;919993,000;-251651,200;25337,130;899822,500
13,38;-0,040;1,919;0,439;0,000;-0,002;-0,002;-0,009;-0,003;0,003;0,887;12,372;-251655,300;-25368,370;-899803,600;-4,400;-29761,410;-919996,300;262419,200;-26144,210;-904753,600;262421,700;26183,920;904717,300;3,960;29726,970;919993,000;-251651,200;25337,130;899822,500
13,40;-0,040;1,919;0,439;0,000;-0,002;-0,002;-0,009;-0,003;0,003;0,887;12,372;-251655,300;-25368,370;-899803,600;-4,391;-29761,410;-919996,300;262419,200;-26144,210;-904753,600;262421,700;26183,920;904717,300;3,960;29726,970;919993,000;-251651,200;25337,130;899822,500
13,42;-0,040;1,919;0,439;0,000;-0,002;-0,002;-0,009;-0,003;0,003;0,887;12,372;-251655,300;-25368,370;-899803,600;-4,364;-29761,410;-919996,300;262419,200;-26144,210;-904753,600;262421,700;26183,920;904717,300;3,960;29726,970;919993,000;-251651,200;25337,130;899822,500
13,44;-0,040;1,919;0,439;0,001;-0,002;-0,003;-0,010;-0,005;0,003;0,887;12,372;-251655,800;-25368,250;-899803,800;-4,537;-29761,380;-919996,300;262418,900;-26144,010;-904753,600;262421,400;26183,600;904717,300;3,766;29726,900;919992,500;-251651,700;25337,210;899822,400
13,46;-0,040;1,919;0,439;0,001;-0,002;-0,003;-0,010;-0,005;0,003;0,887;12,372;-251655,900;-25368,300;-899803,600;-4,409;-29761,380;-919996,300;262418,800;-26144,000;-904753,800;262421,300;26183,590;904717,400;3,888;29726,900;919992,500;-251651,800;25337,260;899822,200
13,48;-0,040;1,919;0,439;0,001;-0,002;-0,003;-0,010;-0,005;0,003;0,887;12,372;-251655,900;-25368,300;-899803,600;-4,395;-29761,380;-919996,300;262418,800;-26144,000;-904753,800;262421,300;26183,590;904717,400;3,888;29726,900;919992,500;-251651,800;25337,260;899822,200
13,50;-0,040;1,919;0,439;0,000;-0,002;-0,002;-0,009;-0,003;0,003;0,887;12,372;-251655,300;-25368,120;-899803,600;-4,246;-29761,400;-919996,300;262419,000;-26144,340;-904753,600;262421,900;26184,150;904717,400;3,842;29726,910;919993,100;-251651,300;25337,330;899822,200
13,52;-0,040;1,919;0,439;0,000;-0,002;-0,002;-0,009;-0,003;0,003;0,887;12,372;-251655,300;-25368,120;-899803,600;-4,223;-29761,400;-919996,300;262419,000;-26144,340;-904753,600;262421,900;26184,150;904717,400;3,842;29726,910;919993,100;-251651,300;25337,330;899822,200
13,54;-0,040;1,919;0,439;0,001;-0,002;-0,003;-0,010;-0,005;0,003;0,887;12,372;-251656,000;-25368,230;-899803,600;-4,337;-29761,390;-919996,300;262418,700;-26144,060;-904753,800;262421,200;26183,680;904717,400;3,827;29726,800;919992,600;-251651,800;25337,200;899822,300
13,56;-0,040;1,919;0,439;0,001;-0,002;-0,003;-0,010;-0,005;0,003;0,887;12,372;-251656,100;-25368,160;-899803,500;-4,203;-29761,390;-919996,300;262418,600;-26143,980;-904753,900;262421,000;26183,600;904717,600;4,071;29726,800;919992,600;-251652,000;25337,130;899822,100
13,58;-0,040;1,919;0,439;0,001;-0,002;-0,003;-0,010;-0,005;0,003;0,887;12,372;-251656,100;-25368,160;-899803,500;-4,188;-29761,390;-919996,300;262418,600;-26143,980;-904753,900;262421,000;26183,600;904717,600;4,071;29726,800;919992,600;-251652,000;25337,130;899822,100
13,60;-0,040;1,919;0,439;0,000;-0,002;-0,002;-0,009;-0,003;0,003;0,887;12,372;-251655,400;-25368,030;-899803,500;-4,032;-29761,370;-919996,300;262418,800;-26144,260;-904753,600;262421,700;26184,070;904717,600;4,056;29726,900;919993,100;-251651,500;25337,300;899822,100
13,62;-0,040;1,919;0,439;0,000;-0,002;-0,002;-0,009;-0,003;0,003;0,887;12,372;-251655,400;-25368,030;-899803,500;-4,005;-29761,370;-919996,300;262418,800;-26144,330;-904753,600;262421,700;26184,070;904717,600;4,056;29726,900;919993,100;-251651,500;25337,300;899822,100
13,64;-0,040;1,919;0,439;0,001;-0,002;-0,003;-0,010;-0,004;0,003;0,887;12,372;-251656,100;-25368,180;-899803,500;-4,105;-29761,370;-919996,300;262418,600;-26144,060;-904753,900;262421,100;26183,590;904717,600;4,069;29726,830;919992,600;-251651,900;25337,130;899822,200
13,66;-0,040;1,919;0,439;0,001;-0,002;-0,003;-0,010;-0,004;0,003;0,887;12,372;-251656,300;-25368,270;-899803,300;-3,962;-29761,370;-919996,300;262418,400;-26144,090;-904754,100;262420,900;26183,690;904717,700;4,313;29726,830;919992,600;-251652,100;25337,060;899822,200
13,68;-0,040;1,919;0,439;0,001;-0,002;-0,003;-0,010;-0,004;0,003;0,887;12,372;-251656,300;-25368,270;-899803,300;-3,949;-29761,370;-919996,300;262418,400;-26144,160;-904754,100;262420,900;26183,760;904717,700;4,313;29726,830;919992,600;-251652,200;25337,220;899822,000
13,70;-0,040;1,919;0,439;0,001;-0,002;-0,003;-0,010;-0,004;0,003;0,887;12,372;-251656,300;-25368,270;-899803,300;-3,940;-29761,370;-919996,300;262418,400;-26144,160;-904754,100;262420,900;26183,760;904717,700;4,313;29726,830;919992,600;-251652,200;25337,220;899822,000
13,72;-0,040;1,919;0,439;0,001;-0,002;-0,003;-0,010;-0,004;0,003;0,887;12,372;-251656,300;-25368,210;-899803,300;-3,890;-29761,340;-919996,300;262418,400;-26144,190;-904753,900;262420,800;26183,750;904717,700;4,325;29726,850;919992,600;-251652,200;25337,130;899822,000
13,74;-0,040;1,919;0,439;0,001;-0,002;-0,003;-0,010;-0,004;0,003;0,887;12,372;-251656,400;-25368,220;-899803,200;-3,725;-29761,340;-919996,300;262418,300;-26144,110;-904754,100;262420,800;26183,670;904717,800;4,569;29726,850;919992,600;-251652,300;25337,130;899822,000
13,76;-0,040;1,919;0,439;0,001;-0,002;-0,003;-0,010;-0,004;0,003;0,887;12,372;-251656,500;-25368,220;-899803,200;-3,697;-29761,340;-919996,300;262418,200;-26144,180;-904754,100;262420,800;26183,740;904717,800;4,569;29726,850;919992,600;-251652,300;25337,140;899821,900
13,78;-0,040;1,919;0,439;0,000;-0,002;-0,002;-0,009;-0,003;0,003;0,887;12,372;-251655,800;-25368,080;-899803,200;-3,544;-29761,320;-919996,300;262418,400;-26144,470;-904753,900;262421,400;26184,210;904717,800;4,556;29726,940;919993,100;-251651,900;25337,300;899821,800
13,80;-0,040;1,919;0,439;0,000;-0,002;-0,002;-0,009;-0,003;0,003;0,887;12,372;-251655,900;-25368,010;-899803,200;-3,414;-29761,320;-919996,300;262418,400;-26144,470;-904753,900;262421,300;26184,200;904717,900;4,678;29726,940;919993,100;-251651,900;25337,230;899821,800
13,82;-0,040;1,919;0,439;0,000;-0,002;-0,002;-0,009;-0,003;0,003;0,887;12,372;-251655,900;-25368,060;-899803,000;-3,398;-29761,320;-919996,300;262418,300;-26144,460;-904753,900;262421,300;26184,200;904717,900;4,678;29726,940;919993,100;-251652,000;25337,280;899821,600
13,84;-0,040;1,919;0,439;0,001;-0,002;-0,003;-0,010;-0,004;0,003;0,887;12,372;-251656,600;-25368,200;-899803,000;-3,525;-29761,320;-919996,400;262418,100;-26144,190;-904754,200;262420,700;26183,730;904717,900;4,692;29726,850;919992,600;-251652,400;25337,110;899821,700
13,86;-0,040;1,919;0,439;0,001;-0,002;-0,003;-0,010;-0,004;0,003;0,887;12,372;-251656,600;-25368,200;-899803,000;-3,491;-29761,320;-919996,400;262418,100;-26144,190;-904754,200;262420,600;26183,730;904717,900;4,692;29726,850;919992,600;-251652,400;25337,110;899821,700
13,88;-0,040;1,919;0,439;0,000;-0,002;-0,002;-0,009;-0,003;0,003;0,887;12,372;-251655,900;-25368,060;-899803,000;-3,344;-29761,380;-919996,400;262418,300;-26144,480;-904753,900;262421,200;26184,210;904717,800;4,675;29727,010;919993,100;-251652,000;25337,280;899821,600
13,90;-0,040;1,919;0,439;0,000;-0,002;-0,002;-0,009;-0,003;0,003;0,887;12,372;-251656,000;-25368,000;-899802,900;-3,228;-29761,230;-919996,500;262418,200;-26144,480;-904753,900;262421,000;26184,200;904717,900;4,797;29726,850;919993,300;-251652,000;25337,220;899821,500
13,92;-0,040;1,919;0,439;0,000;-0,002;-0,002;-0,009;-0,003;0,003;0,887;12,372;-251655,900;-25804,110;-899356,600;-3,386;-29326,290;-920443,400;262418,300;-26580,340;-904307,300;262421,300;25748,390;905164,400;4,675;30161,960;919545,900;-251652,000;24901,200;900268,000
13,94;-0,040;1,919;0,439;0,001;-0,001;-0,003;-0,010;-0,004;0,002;0,887;12,372;-251644,400;-26256,640;-898920,100;-27,175;-28870,900;-920893,200;262445,200;-27032,590;-903842,300;262447,500;25301,240;905626,400;-19,302;30608,330;919067,400;-251640,000;24456,770;900758,500
13,96;-0,040;1,919;0,439;0,001;-0,001;-0,003;-0,010;-0,004;0,002;0,887;12,372;-251631,800;-27070,870;-898118,500;-51,987;-28058,980;-921707,800;262473,100;-27841,740;-903010,600;262475,500;24491,520;906453,500;-44,083;31412,000;918221,300;-251627,300;23651,490;901615,000
13,98;-0,040;1,919;0,439;-0,001;0,002;-0,001;-0,007;-0,003;-0,002;0,887;12,372;-251457,100;-30808,800;-894547,300;-322,884;-24326,130;-925415,300;262743,700;-31542,790;-899114,600;262744,600;20781,170;910169,700;-316,511;35087,790;914310,600;-251451,700;19988,920;905652,900
14,00;-0,040;1,919;0,439;-0,001;0,002;-0,001;-0,007;-0,003;-0,002;0,887;12,372;-251020,300;-31372,620;-894731,800;-1023,698;-23794,460;-925616,100;263452,400;-31967,980;-898464,800;263453,300;20289,980;910458,400;-1017,317;35470,890;913571,700;-251015,100;19637,040;906776,200
14,02;-0,040;1,919;0,439;-0,001;0,002;-0,001;-0,007;-0,003;-0,002;0,887;12,372;-250965,000;-31725,340;-894465,300;-1112,113;-23446,210;-925928,500;263541,900;-32302,980;-898092,800;263542,800;19946,620;910781,400;-1105,696;35799,850;913188,300;-250959,800;19311,380;907204,400
14,04;-0,040;1,919;0,439;-0,001;0,002;-0,001;-0,007;-0,003;-0,002;0,887;12,372;-250924,800;-32404,810;-893835,600;-1176,512;-22770,720;-926587,100;263607,000;-32969,190;-897386,600;263607,800;19273,740;911447,300;-1170,149;36460,900;912473,300;-250919,600;18651,140;907946,700
14,06;-0,041;1,920;0,439;-0,020;0,030;0,011;-0,003;0,001;-0,020;0,887;12,372;-249570,500;-36238,990;-891367,300;-2996,413;-19031,220;-930070,300;265220,100;-36491,880;-892744,100;265195,900;15534,650;914323,700;-2986,118;40012,810;908435,300;-249565,000;15292,050;912978,000
14,08;-0,041;1,920;0,439;-0,020;0,030;0,011;-0,003;0,001;-0,020;0,887;12,372;-248448,100;-36764,140;-892309,400;-4588,150;-18617,340;-929992,000;266704,300;-36688,720;-891799,700;266680,100;15116,080;914007,300;-4577,915;40213,180;907727,900;-248442,600;15205,600;914550,800
14,10;-0,041;1,920;0,439;-0,020;0,030;0,011;-0,003;0,001;-0,020;0,887;12,372;-248338,300;-37003,770;-892206,200;-4743,260;-18389,040;-930175,300;266848,800;-36896,160;-891512,400;266824,600;14886,870;914167,000;-4733,066;40420,400;907463,900;-248332,700;15009,200;914894,800
14,12;-0,041;1,920;0,439;-0,020;0,030;0,011;-0,003;0,001;-0,020;0,887;12,372;-248269,500;-37951,230;-891316,100;-4840,481;-17448,630;-931100,800;266939,400;-37823,430;-890507,200;266915,200;13944,990;915076,400;-4830,356;41345,640;906472,300;-248263,900;14087,920;915919,400
14,14;-0,041;1,921;0,440;-0,020;0,051;0,028;-0,050;-0,007;-0,019;0,887;12,372;-245852,200;-42000,580;-889492,900;-7910,014;-13659,240;-934590,600;269555,700;-41262,740;-884983,800;269503,500;10025,860;917146,900;-7916,618;44931,820;902341,000;-245840,300;10810,150;921670,300
14,16;-0,041;1,922;0,442;0,019;0,047;0,088;-0,085;-0,017;-0,001;0,887;12,372;-244086,200;-42496,790;-891050,600;-10273,360;-13415,660;-934342,600;271685,100;-41318,270;-883621,600;271635,600;9727,651;916223,400;-10309,930;44992,730;901663,300;-244062,400;11029,520;923626,600
14,18;-0,041;1,922;0,442;0,019;0,047;0,088;-0,085;-0,017;-0,001;0,887;12,372;-243922,700;-43299,320;-890403,100;-10490,510;-12630,990;-935081,100;271879,100;-42075,060;-882716,800;271829,700;8937,361;916902,000;-10527,100;45751,630;900816,400;-243898,900;10287,380;924563,400
14,20;-0,041;1,922;0,442;0,019;0,047;0,088;-0,085;-0,017;-0,001;0,887;12,372;-243535,600;-43652,500;-890477,800;-11003,990;-12322,570;-935260,700;272337,800;-42317,810;-882183,300;272288,400;8617,763;916943,100;-11040,530;46004,000;900420,600;-243511,800;10080,790;925214,300
14,22;-0,040;1,923;0,446;0,055;0,081;0,182;-0,072;-0,021;0,038;0,887;12,372;-241358,100;-47707,120;-888146,100;-13673,790;-8552,295;-938879,100;274518,000;-45859,050;-876632,900;274482,400;4602,273;919159,100;-13725,960;49739,730;896262,800;-241320,800;6665,518;930669,400
14,24;-0,040;1,923;0,446;0,055;0,081;0,182;-0,072;-0,021;0,038;0,887;12,372;-239002,300;-48275,320;-890061,400;-16703,060;-8273,981;-938435,000;277165,800;-45766,210;-874958,300;277130,300;4247,521;917743,600;-16755,130;49719,770;895559,200;-238965,100;6988,771;932853,800
14,26;-0,040;1,923;0,446;0,055;0,081;0,182;-0,072;-0,021;0,038;0,887;12,372;-238774,200;-48583,580;-889980,300;-16994,580;-7993,499;-938646,400;277420,200;-46010,890;-874531,400;277384,500;3960,056;917860,400;-17046,640;49970,110;895226,100;-238736,900;6767,271;933317,800
14,28;-0,038;1,926;0,452;0,072;0,137;0,305;-0,061;-0,012;0,097;0,887;12,372;-238655,100;-49068,250;-889538,400;-17134,560;-7486,988;-939162,800;277540,100;-46492,040;-873882,500;277510,400;3457,794;918306,500;-17209,480;50550,240;894596,600;-238623,300;6290,271;934034,400
14,30;-0,037;1,929;0,460;0,074;0,144;0,381;-0,002;0,020;0,096;0,887;12,372;-236950,100;-52868,910;-886914,500;-19157,350;-3860,798;-942587,800;279199,700;-49858,440;-868928,100;279181,600;-309,276;920678,700;-19230,250;54120,790;890615,600;-236932,300;2962,052;938884,600
14,32;-0,037;1,929;0,460;0,074;0,144;0,381;-0,002;0,020;0,096;0,887;12,372;-234434,600;-53297,830;-889020,300;-22310,370;-3759,408;-941922,500;281918,000;-49587,500;-867289,800;281900,000;-477,453;918924,600;-22383,320;53913,360;890066,400;-234416,600;3514,824;940886,900
14,34;-0,037;1,929;0,460;0,074;0,144;0,381;-0,002;0,020;0,096;0,887;12,372;-234221,300;-53612,720;-888904,600;-22576,100;-3471,285;-942145,500;282146,700;-49844,180;-866857,900;282128,800;-770,719;919054,400;-22649,070;54173,580;889727,100;-234203,500;3283,064;941334,400
14,36;-0,037;1,929;0,460;0,074;0,144;0,381;-0,002;0,020;0,096;0,887;12,372;-234007,200;-54219,030;-888483,100;-22842,630;-2890,832;-942661,300;282376,000;-50393,050;-866119,600;282358,000;-1356,650;919475,900;-22915,550;54724,790;889081,500;-233989,300;2759,253;942075,500
14,38;-0,037;1,929;0,460;0,074;0,144;0,381;-0,002;0,020;0,096;0,887;12,372;-233589,300;-54625,970;-888475,200;-23361,990;-2537,963;-942885,100;282822,500;-50685,090;-865493,900;282804,500;-1718,864;919517,800;-23434,960;55024,160;888636,800;-233571,400;2516,965;942738,100
14,40;-0,034;1,933;0,479;0,051;0,090;0,516;0,028;0,042;0,058;0,887;12,372;-232662,400;-58240,300;-885417,100;-24445,930;972,041;-946321,600;283691,300;-54011,070;-861178,900;283673,800;-5306,833;922334,800;-24506,050;58577,040;884770,300;-232652,200;-826,336;946990,200
14,42;-0,034;1,933;0,479;0,051;0,090;0,516;0,028;0,042;0,058;0,887;12,372;-230050,000;-58661,730;-887537,600;-27651,860;1037,801;-945571,100;286429,700;-53711,580;-859481,300;286412,300;-5419,929;920435,000;-27711,860;58321,440;884223,700;-230039,700;-192,940;948922,900
14,44;-0,034;1,933;0,479;0,051;0,090;0,516;0,028;0,042;0,058;0,887;12,372;-229727,500;-58918,880;-887580,100;-28045,000;1251,751;-945682,500;286764,800;-53880,960;-859054,600;286747,300;-5638,707;920404,100;-28105,050;58494,120;883939,400;-229717,300;-319,372;949363,300
14,46;-0,034;1,933;0,479;0,051;0,090;0,516;0,028;0,042;0,058;0,887;12,372;-229533,000;-59330,860;-887334,300;-28281,940;1639,062;-946007,400;286966,700;-54241,430;-858525,900;286949,300;-6029,008;920642,100;-28341,980;58855,230;883496,700;-229522,800;-653,745;949886,800
14,48;-0,034;1,933;0,479;0,051;0,090;0,516;0,028;0,042;0,058;0,887;12,372;-229009,700;-59756,110;-887348,900;-28903,810;1995,055;-946235,400;287479,400;-54532,080;-857798,900;287462,000;-6401,843;920591,100;-28963,810;59159,660;883048,100;-228999,500;-884,593;950581,200
14,50;-0,033;1,935;0,491;0,045;0,104;0,572;0,023;0,015;0,077;0,887;12,372;-228546,900;-63169,740;-884155,600;-29468,830;5358,813;-949502,200;287923,600;-57808,410;-853941,700;287899,300;-9744,751;923562,800;-29506,830;62507,600;879397,300;-228539,100;-4125,801;954316,400
14,52;-0,033;1,935;0,491;0,045;0,104;0,572;0,023;0,015;0,077;0,887;12,372;-225984,000;-63299,300;-886463,800;-32555,460;5124,151;-948443,300;290540,700;-57235,370;-852561,600;290516,500;-9534,724;921370,400;-32593,380;61956,860;879154,800;-225976,100;-3186,391;955826,600
14,54;-0,032;1,938;0,503;0,051;0,142;0,611;0,026;0,023;0,053;0,887;12,372;-225800,700;-63452,670;-886481,800;-32777,920;5243,562;-948535,200;290728,000;-57303,970;-852320,800;290708,500;-9654,552;921351,900;-32813,230;62101,040;878938,600;-225790,200;-3245,219;956164,300
14,56;-0,032;1,938;0,503;0,051;0,142;0,611;0,026;0,023;0,053;0,887;12,372;-225627,000;-64169,490;-885886,200;-32985,690;5940,959;-949172,100;290903,700;-57978,520;-851475,300;290884,300;-10352,730;921908,800;-33020,990;62772,430;878171,500;-225616,400;-3894,073;956975,100
14,58;-0,031;1,940;0,515;0,061;0,128;0,597;0,040;0,028;0,012;0,887;12,372;-224888,000;-67631,980;-882853,800;-33845,550;9306,622;-952339,400;291612,800;-61225,640;-847464,300;291603,800;-13743,480;924669,600;-33856,190;66035,300;874503,100;-224890,100;-7073,540;960839,800
14,60;-0,031;1,940;0,515;0,061;0,128;0,597;0,040;0,028;0,012;0,887;12,372;-222221,600;-67497,420;-885480,300;-37004,110;8779,016;-950930,800;294275,300;-60364,790;-846303,400;294266,300;-13219,940;922081,800;-37014,760;65177,850;874527,600;-222223,600;-5795,071;962053,800
14,62;-0,031;1,940;0,515;0,061;0,128;0,597;0,040;0,028;0,012;0,887;12,372;-221994,900;-67645,150;-885532,500;-37270,950;8894,275;-950968,900;294499,700;-60452,140;-846035,000;294490,800;-13334,620;922018,800;-37281,610;65263,900;874360,100;-221996,900;-5845,887;962313,500
14,64;-0,029;1,943;0,526;0,083;0,154;0,568;0,033;0,021;0,003;0,887;12,372;-221910,100;-68331,490;-884912,100;-37387,560;9553,969;-951604,100;294602,500;-61069,550;-845293,400;294582,100;-13970,810;922584,100;-37395,640;65887,560;873646,700;-221902,400;-6471,184;963094,700
14,66;-0,027;1,946;0,536;0,086;0,135;0,515;0,018;0,042;-0,012;0,887;12,372;-221367,100;-71400,550;-882121,800;-38022,680;12574,170;-954423,200;295129,300;-64011,410;-841756,800;295129,500;-16997,280;925135,600;-38021,040;68792,780;870385,300;-221354,400;-9318,754;966463,400
14,68;-0,027;1,946;0,536;0,086;0,135;0,515;0,018;0,042;-0,012;0,887;12,372;-218901,300;-71064,630;-884729,100;-40899,960;11862,130;-952875,800;297543,300;-63007,710;-840901,500;297543,500;-16270,650;922501,500;-40898,240;67775,090;870624,400;-218888,700;-7897,999;967304,100
14,70;-0,027;1,946;0,536;0,086;0,135;0,515;0,018;0,042;-0,012;0,887;12,372;-218660,500;-71223,020;-884777,900;-41179,250;11985,290;-952914,300;297777,200;-63102,880;-840613,300;297777,300;-16391,700;922433,300;-41177,540;67867,090;870443,600;-218648,000;-7951,478;967575,100
14,72;-0,027;1,946;0,536;0,086;0,135;0,515;0,018;0,042;-0,012;0,887;12,372;-218482,300;-71622,990;-884512,100;-41385,960;12362,230;-953225,200;297950,300;-63459,320;-840097,000;297950,500;-16766,460;922663,400;-41384,320;68218,980;870007,500;-218469,600;-8276,537;968058,900
14,74;-0,027;1,946;0,536;0,086;0,135;0,515;0,018;0,042;-0,012;0,887;12,372;-218127,800;-71865,750;-884572,800;-41796,320;12552,980;-953290,800;298293,700;-63609,380;-839661,900;298293,800;-16953,570;922571,500;-41794,610;68363,880;869730,500;-218115,000;-8364,491;968466,000
14,76;-0,024;1,951;0,554;0,082;0,129;0,402;0,015;0,023;-0,006;0,887;12,372;-217925,900;-74697,480;-881724,600;-42041,700;15386,470;-956040,800;298490,600;-66389,540;-836525,400;298486,200;-19764,430;925182,900;-42014,250;71115,710;866716,400;-217916,800;-11130,420;971490,900
14,78;-0,024;1,951;0,554;0,082;0,129;0,402;0,015;0,023;-0,006;0,887;12,372;-215613,400;-74127,530;-884400,400;-44700,840;14451,660;-954306,400;300711,500;-65196,290;-835989,800;300707,000;-18799,780;922433,300;-44673,430;69894,960;867204,900;-215604,300;-9519,436;971962,800
14,80;-0,024;1,951;0,554;0,082;0,129;0,402;0,015;0,023;-0,006;0,887;12,372;-215365,500;-74215,180;-884526,500;-44984,300;14501,490;-954267,500;300947,900;-65219,050;-835772,400;300943,300;-18845,420;922284,900;-44957,000;69913,050;867097,800;-215356,300;-9496,249;972159,800
14,82;-0,024;1,951;0,554;0,082;0,129;0,402;0,015;0,023;-0,006;0,887;12,372;-215214,800;-74595,020;-884253,400;-45156,500;14862,210;-954569,800;301091,400;-65563,370;-835289,500;301086,900;-19203,450;922518,900;-45129,120;70252,160;866682,900;-215205,700;-9812,441;972606,700
14,84;-0,024;1,951;0,554;0,082;0,129;0,402;0,015;0,023;-0,006;0,887;12,372;-214863,900;-74703,630;-884447,600;-45557,080;14916,810;-954498,700;301425,300;-65580,300;-834997,900;301420,800;-19252,010;922292,900;-45529,750;70262,140;866547,400;-214854,800;-9763,752;972868,800
14,86;-0,023;1,953;0,561;0,071;0,125;0,357;-0,005;0,003;0,003;0,887;12,372;-214689,600;-77579,770;-881529,900;-45755,860;17798,010;-957285,800;301584,800;-68448,510;-831804,200;301573,000;-22128,500;924977,100;-45730,530;73100,410;863460,900;-214686,800;-12592,340;975866,700
14,88;-0,023;1,953;0,561;0,071;0,125;0,357;-0,005;0,003;0,003;0,887;12,372;-212343,200;-76629,350;-884604,900;-48416,720;16463,680;-955128,100;303797,800;-66866,970;-831654,400;303786,000;-20748,730;921793,700;-48391,410;71478,170;864347,800;-212340,300;-10561,980;975915,600
14,90;-0,023;1,953;0,561;0,071;0,125;0,357;-0,005;0,003;0,003;0,887;12,372;-212116,900;-76679,370;-884747,900;-48671,790;16478,260;-955060,400;304009,600;-66858,380;-831487,100;303997,800;-20758,090;921626,300;-48646,420;71463,970;864280,900;-212114,100;-10509,110;976060,100
14,92;-0,021;1,956;0,568;0,061;0,130;0,338;-0,011;0,001;0,005;0,887;12,372;-212023,200;-76979,230;-884523,900;-48778,640;16765,170;-955321,100;304105,200;-67145,050;-831092,300;304090,000;-21042,470;921825,200;-48766,740;71738,910;863945,900;-212012,700;-10771,180;976460,600
14,94;-0,021;1,956;0,568;0,061;0,130;0,338;-0,011;0,001;0,005;0,887;12,372;-211685,900;-77199,020;-884580,700;-49158,330;16933,650;-955364,100;304420,300;-67279,330;-830686,200;304405,200;-21202,690;921718,900;-49146,380;71863,530;863690,100;-211675,400;-10838,900;976820,200
14,96;-0,021;1,958;0,574;0,045;0,100;0,311;-0,002;0,007;0,000;0,887;12,372;-211373,900;-79608,130;-882262,300;-49503,100;19321,480;-957611,400;304710,700;-69637,310;-827931,300;304701,600;-23582,860;923802,600;-49491,040;74188,660;861092,000;-211364,100;-13138,350;979390,600
14,98;-0,021;1,958;0,574;0,045;0,100;0,311;-0,002;0,007;0,000;0,887;12,372;-209294,800;-78439,470;-885304,300;-51828,620;17800,910;-955351,900;306637,000;-67910,610;-828144,600;306627,800;-22009,070;920638,100;-51816,600;72415,260;862221,200;-209284,900;-10993,840;979058,100
15,00;-0,021;1,958;0,574;0,045;0,100;0,311;-0,002;0,007;0,000;0,887;12,372;-209065,500;-78474,860;-885462,000;-52083,850;17799,250;-955265,200;306848,100;-67886,840;-827990,800;306839,000;-22000,650;920450,700;-52071,850;72384,710;862168,800;-209055,600;-10922,970;979183,800
15,02;-0,021;1,958;0,574;0,045;0,100;0,311;-0,002;0,007;0,000;0,887;12,372;-208898,800;-78890,130;-885158,000;-52269,240;18193,170;-955590,500;307001,400;-68265,400;-827457,800;306992,300;-22388,940;920700,600;-52257,270;72754,850;861711,600;-208888,900;-11266,350;979665,800
15,04;-0,020;1,959;0,580;0,040;0,094;0,294;-0,004;-0,005;0,006;0,887;12,372;-208498,600;-78872,660;-885529,900;-52715,110;18109,560;-955360,300;307372,300;-68137,750;-827266,400;307354,700;-22292,400;920280,400;-52710,910;72614,720;861699,900;-208487,900;-11061,110;979841,400
15,06;-0,019;1,960;0,585;0,027;0,057;0,271;0,001;0,004;0,001;0,887;12,372;-208245,700;-81231,120;-883216,400;-52999,990;20459,480;-957569,900;307609,100;-70460,900;-824589,900;307599,100;-24630,130;922352,400;-52994,750;74909,400;859152,200;-208227,600;-13330,590;982322,100
15,08;-0,019;1,960;0,585;0,027;0,057;0,271;0,001;0,004;0,001;0,887;12,372;-206186,800;-79548,520;-886762,100;-55272,340;18413,450;-954787,400;309484,100;-68222,770;-825363,100;309473,900;-22519,950;918678,600;-55267,080;72616,990;860828,400;-206168,600;-10660,630;981419,600
15,10;-0,019;1,960;0,585;0,027;0,057;0,271;0,001;0,004;0,001;0,887;12,372;-206019,300;-79546,680;-886904,400;-55456,350;18383,840;-954695,000;309635,800;-68178,020;-825279,700;309625,700;-22484,460;918512,900;-55451,160;72566,490;860819,000;-206001,200;-10580,030;981480,200
15,12;-0,019;1,960;0,585;0,027;0,057;0,271;0,001;0,004;0,001;0,887;12,372;-205887,300;-79830,800;-886709,200;-55601,190;18650,180;-954906,700;309755,100;-68432,980;-824905,300;309745,100;-22745,600;918665,300;-55595,940;72814,510;860504,300;-205869,200;-10806,000;981814,300
15,14;-0,019;1,960;0,585;0,027;0,057;0,271;0,001;0,004;0,001;0,887;12,372;-205549,700;-79727,180;-887102,600;-55971,430;18488,930;-954620,100;310060,000;-68241,490;-824844,900;310049,900;-22572,450;918231,600;-55966,180;72611,580;860592,900;-205531,500;-10541,990;981835,200
15,16;-0,019;1,962;0,595;0,005;0,030;0,236;-0,001;0,010;0,002;0,887;12,372;-205411,400;-82013,020;-884782,500;-56125,500;20790,560;-956805,600;310188,100;-70529,370;-822288,400;310178,800;-24858,890;920318,400;-56124,550;74858,460;858116,200;-205387,000;-12797,530;984212,900
15,18;-0,019;1,962;0,595;0,005;0,030;0,236;-0,001;0,010;0,002;0,887;12,372;-203416,600;-79902,090;-888707,400;-58300,870;18314,250;-953611,800;311977,000;-67876,770;-823551,700;311967,700;-22310,490;916265,300;-58299,960;72147,080;860250,400;-203392,300;-9712,727;982815,300
15,20;-0,019;1,962;0,595;0,005;0,030;0,236;-0,001;0,010;0,002;0,887;12,372;-203233,200;-79959,470;-888796,900;-58499,990;18341,530;-953567,900;312140,500;-67888,760;-823395,400;312131,300;-22330,180;916141,100;-58499,060;72150,980;860175,600;-203208,800;-9683,740;982937,800
15,22;-0,019;1,962;0,595;0,005;0,030;0,236;-0,001;0,010;0,002;0,887;12,372;-202997,800;-79923,480;-889029,300;-58755,290;18265,180;-953402,300;312350,100;-67792,660;-823313,400;312340,800;-22244,510;915872,900;-58754,310;72045,520;860197,400;-202973,300;-9535,411;982984,400
15,24;-0,019;1,962;0,600;-0,004;0,022;0,223;-0,014;0,004;0,008;0,887;12,372;-202815,700;-81710,450;-887271,300;-58958,720;20055,960;-955071,800;312523,700;-69570,400;-821267,600;312500,600;-24028,350;917439,300;-58960,230;73798,380;858246,100;-202786,800;-11266,770;984867,200
15,26;-0,019;1,962;0,600;-0,004;0,022;0,223;-0,014;0,004;0,008;0,887;12,372;-201145,800;-79485,090;-891029,600;-60761,130;17513,120;-951925,800;314001,700;-66886,340;-822815,400;313978,600;-21418,500;913577,700;-60762,610;71061,700;860519,600;-201117,000;-8212,397;983205,900
15,28;-0,019;1,962;0,600;-0,004;0,022;0,223;-0,014;0,004;0,008;0,887;12,372;-200985,300;-79387,420;-891264,900;-60933,750;17386,760;-951738,900;314143,100;-66746,810;-822838,100;314119,900;-21284,990;913321,300;-60935,330;70915,840;860612,600;-200956,500;-8036,745;983162,000
15,30;-0,019;1,962;0,604;-0,012;0,006;0,217;-0,020;0,004;0,006;0,887;12,372;-200897,300;-79577,950;-891150,400;-61027,330;17575,510;-951865,900;314231,600;-66931,820;-822564,100;314197,300;-21475,880;913395,200;-61037,410;71084,540;860382,100;-200867,400;-8203,478;983405,800
15,32;-0,019;1,962;0,604;-0,012;0,006;0,217;-0,020;0,004;0,006;0,887;12,372;-200573,900;-79320,630;-891689,300;-61374,540;17258,960;-951428,100;314515,900;-66589,150;-822674,900;314481,600;-21145,190;912817,900;-61384,580;70729,290;860634,600;-200544,100;-7787,498;983255,400
15,34;-0,020;1,961;0,609;-0,017;-0,007;0,208;-0,009;0,009;0,010;0,887;12,372;-200376,600;-81128,280;-889910,400;-61580,080;19066,290;-953111,700;314691,700;-68382,400;-820615,400;314657,800;-22930,400;914397,500;-61589,480;72500,850;858661,900;-200350,800;-9536,988;985145,000
15,36;-0,020;1,961;0,609;-0,017;-0,007;0,208;-0,009;0,009;0,010;0,887;12,372;-198646,300;-78115,490;-894541,600;-63428,280;15709,480;-949128,800;316202,800;-64884,970;-822975,500;316169,000;-19497,210;909677,400;-63437,630;68947,040;861768,900;-198620,500;-5649,338;982678,400
15,38;-0,020;1,961;0,609;-0,017;-0,007;0,208;-0,009;0,009;0,010;0,887;12,372;-198494,700;-77926,380;-894866,000;-63589,530;15491,170;-948853,800;316334,600;-64654,720;-823101,000;316300,700;-19271,850;909337,500;-63598,880;68711,070;861960,200;-198468,900;-5384,341;982536,200
15,40;-0,020;1,961;0,613;-0,028;-0,027;0,194;-0,017;0,003;0,004;0,887;12,372;-198435,800;-78045,750;-894803,100;-63660,630;15612,450;-948918,100;316390,400;-64765,140;-822929,000;316352,200;-19402,540;909357,800;-63670,300;68810,810;861818,300;-198403,900;-5483,487;982680,300
15,42;-0,021;1,960;0,616;-0,031;-0,030;0,173;-0,010;0,014;0,006;0,887;12,372;-198191,700;-79585,020;-893341,300;-63907,270;17142,620;-950311,500;316600,200;-66286,550;-821134,600;316563,500;-20909,060;910637,100;-63923,200;70305,750;860128,300;-198164,700;-6937,927;984307,100
15,44;-0,021;1,960;0,616;-0,031;-0,030;0,173;-0,010;0,014;0,006;0,887;12,372;-196553,900;-75911,250;-898585,500;-65640,950;13127,700;-945701,600;318014,300;-62142,000;-824245,000;317977,500;-16816,240;905333,600;-65656,840;66107,910;863940,700;-196526,900;-2421,466;981112,200
15,46;-0,021;1,960;0,616;-0,031;-0,030;0,173;-0,010;0,014;0,006;0,887;12,372;-196037,300;-75792,820;-899050,900;-66170,720;12927,510;-945362,600;318414,000;-61915,540;-824051,400;318377,300;-16599,230;904686,800;-66186,630;65864,880;864057,400;-196010,300;-2093,463;981123,800
15,48;-0,021;1,960;0,616;-0,031;-0,030;0,173;-0,010;0,014;0,006;0,887;12,372;-195945,700;-75862,910;-899047,900;-66267,210;12982,410;-945380,200;318492,500;-61964,510;-823927,800;318455,900;-16649,150;904664,100;-66283,190;65908,190;863974,800;-195918,600;-2120,130;981222,600
15,50;-0,023;1,958;0,622;-0,056;-0,040;0,134;-0,019;0,011;0,003;0,887;12,372;-195752,800;-76770,050;-898260,900;-66487,600;13906,040;-946145,600;318686,900;-62879,290;-822797,100;318635,700;-17559,940;905314,300;-66502,410;66778,620;862940,900;-195706,000;-2980,926;982221,100
15,52;-0,023;1,958;0,622;-0,056;-0,040;0,134;-0,019;0,011;0,003;0,887;12,372;-194484,500;-73236,520;-903037,100;-67817,540;10096,710;-941869,400;319768,200;-58971,790;-825932,900;319717,000;-13684,970;900501,600;-67832,250;62830,210;866618,100;-194437,700;1213,983;979022,400
15,54;-0,023;1,958;0,622;-0,056;-0,040;0,134;-0,019;0,011;0,003;0,887;12,372;-194340,800;-72872,190;-903538,700;-67967,780;9701,601;-941420,100;319890,300;-58565,950;-826248,300;319839,100;-13282,050;899991,300;-67982,520;62419,110;866995,200;-194294,000;1652,756;978695,100
15,56;-0,023;1,958;0,622;-0,056;-0,040;0,134;-0,019;0,011;0,003;0,887;12,372;-194264,300;-72909,610;-903558,300;-68047,720;9725,811;-941413,300;319955,200;-58585,410;-826167,900;319904,000;-13301,930;899950,800;-68062,350;62433,930;866948,600;-194217,400;1652,190;978755,300
15,58;-0,024;1,957;0,624;-0,073;-0,066;0,104;-0,028;0,003;-0,013;0,887;12,372;-194055,900;-73412,780;-903209,200;-68275,060;10214,830;-941770,600;320140,700;-59063,570;-825501,000;320082,000;-13802,500;900199,100;-68293,410;62869,780;866378,800;-194001,000;1229,366;979321,300
15,60;-0,024;1,957;0,624;-0,073;-0,066;0,104;-0,028;0,003;-0,013;0,887;12,372;-193025,400;-69693,270;-907979,300;-69348,570;6258,729;-937427,500;321012,000;-55027,210;-828944,900;320953,300;-9789,695;895422,600;-69366,890;58802,820;870258,900;-192970,500;5495,235;975840,900
15,62;-0,024;1,957;0,624;-0,073;-0,066;0,104;-0,028;0,003;-0,013;0,887;12,372;-192453,800;-69458,480;-908589,600;-69925,850;5931,804;-936947,100;321442,200;-54675,710;-828832,900;321383,500;-9440,451;894595,100;-69944,040;58430,230;870496,500;-192398,900;5960,300;975733,400
15,64;-0,027;1,955;0,626;-0,100;-0,104;0,065;-0,043;-0,001;-0,017;0,887;12,372;-192429,900;-69470,220;-908628,100;-69958,590;5975,591;-936907,100;321476,500;-54712,680;-828758,800;321409,600;-9485,121;894524,100;-69981,150;58424,330;870463,400;-192365,900;5929,885;975741,300
15,66;-0,027;1,955;0,626;-0,100;-0,104;0,065;-0,043;-0,001;-0,017;0,887;12,372;-192223,800;-68786,800;-909514,400;-70172,120;5245,923;-936097,500;321649,400;-53967,660;-829380,100;321582,600;-8743,438;893627,100;-70194,660;57672,200;871172,400;-192160,000;6721,140;975103,600
15,68;-0,029;1,953;0,627;-0,124;-0,106;0,039;-0,043;0,001;-0,003;0,887;12,372;-187537,600;-70083,860;-910919,300;-74831,020;5887,813;-935495,100;325064,200;-54480,780;-824855,100;324987,500;-9160,542;890018,100;-74859,200;57953,150;869671,600;-187476,300;7163,469;977397,700
15,70;-0,029;1,953;0,627;-0,124;-0,106;0,039;-0,043;0,001;-0,003;0,887;12,372;-186572,000;-65765,770;-916224,700;-75811,450;1336,832;-930567,000;325848,000;-49863,180;-828936,300;325771,300;-4543,499;884668,800;-75839,660;53301,790;874171,400;-186510,700;11991,960;973234,600
15,72;-0,029;1,953;0,627;-0,124;-0,106;0,039;-0,043;0,001;-0,003;0,887;12,372;-186473,600;-65353,460;-916734,600;-75911,110;901,436;-930092,000;325927,700;-49421,130;-829321,300;325851,000;-4101,159;884150,700;-75939,270;52856,010;874599,300;-186412,300;12455,390;972837,700
15,74;-0,029;1,953;0,627;-0,124;-0,106;0,039;-0,043;0,001;-0,003;0,887;12,372;-186391,000;-65031,220;-917137,300;-75994,750;560,054;-929717,200;325994,500;-49074,430;-829618,800;325917,800;-3753,860;883739,600;-76023,010;52505,750;874933,200;-186329,800;12820,560;972528,600
15,76;-0,032;1,951;0,628;-0,160;-0,112;0,058;-0,069;-0,027;-0,014;0,887;12,372;-186361,200;-64581,230;-917698,700;-76036,970;133,556;-929197,300;326051,900;-48665,270;-829997,700;325936,800;-3369,936;883187,900;-76089,870;52047,770;875359,300;-186288,400;13253,120;972093,600
15,78;-0,036;1,948;0,630;-0,172;-0,106;0,099;-0,051;-0,020;-0,010;0,887;12,372;-182864,000;-65626,370;-918608,900;-79436,850;689,322;-928796,600;328520,600;-49188,270;-826482,400;328406,300;-3719,680;880530,800;-79508,100;52334,990;874120,100;-182802,800;13480,250;973809,300
15,80;-0,036;1,948;0,630;-0,172;-0,106;0,099;-0,051;-0,020;-0,010;0,887;12,372;-182086,700;-61012,300;-924050,900;-80212,200;-4125,839;-923656,300;329134,300;-44321,440;-830946,700;329020,100;1158,099;875043,400;-80283,490;47441,570;878923,800;-182025,500;18505,400;969257,600
15,82;-0,036;1,948;0,630;-0,172;-0,106;0,099;-0,051;-0,020;-0,010;0,887;12,372;-182017,800;-60584,560;-924551,900;-80280,830;-4571,361;-923180,800;329188,600;-43871,030;-831361,100;329074,400;1609,457;874536,900;-80352,090;46988,840;879368,100;-181956,600;18969,430;968834,000
15,84;-0,036;1,948;0,630;-0,172;-0,106;0,099;-0,051;-0,020;-0,010;0,887;12,372;-181973,200;-60389,730;-924789,600;-80325,280;-4776,767;-922956,300;329223,800;-43663,400;-831542,000;329109,400;1818,426;874292,400;-80396,530;46778,890;879568,900;-181911,900;19186,920;968644,100
15,86;-0,036;1,948;0,630;-0,172;-0,106;0,099;-0,051;-0,020;-0,010;0,887;12,372;-181857,900;-59647,540;-925655,400;-80439,980;-5548,871;-922133,200;329314,600;-42883,190;-832262,500;329200,200;2600,428;873417,400;-80511,160;45994,640;880340,000;-181796,700;19989,770;967907,700
15,88;-0,040;1,945;0,634;-0,182;-0,198;0,190;-0,032;-0,057;-0,086;0,887;12,372;-180500,200;-59900,520;-926423,200;-81739,380;-5609,708;-921654,900;330261,900;-42908,320;-831109,600;330112,700;2613,658;872206,100;-81810,450;45816,510;880109,400;-180461,100;20281,790;968297,700
15,90;-0,043;1,941;0,641;-0,152;-0,160;0,352;-0,022;-0,090;-0,014;0,887;12,372;-179989,500;-55106,180;-931931,100;-82253,660;-10613,070;-916339,900;330633,000;-37863,040;-835966,100;330527,400;7791,061;866704,600;-82322,300;40726,840;885164,300;-179954,900;25461,190;963357,200
15,92;-0,043;1,941;0,641;-0,152;-0,160;0,352;-0,022;-0,090;-0,014;0,887;12,372;-179940,200;-54600,420;-932497,600;-82302,380;-11133,500;-915793,900;330671,400;-37338,520;-836470,000;330565,700;8316,459;866136,200;-82371,010;40201,470;885689,300;-179905,600;25993,200;962846,500
15,94;-0,043;1,941;0,641;-0,152;-0,160;0,352;-0,022;-0,090;-0,014;0,887;12,372;-179906,900;-54362,380;-932771,300;-82335,350;-11380,420;-915530,800;330697,300;-37089,500;-836701,100;330591,600;8566,628;865857,400;-82404,090;39951,150;885935,300;-179872,300;26248,460;962608,100
15,96;-0,046;1,938;0,649;-0,142;-0,182;0,421;0,020;-0,095;-0,078;0,887;12,372;-179133,000;-53325,400;-934349,400;-83061,780;-12571,760;-914032,400;331210,400;-35879,190;-837351,400;331118,200;9758,865;863960,400;-83128,170;38641,600;887034,900;-179106,500;27625,890;961623,400
15,98;-0,046;1,938;0,649;-0,142;-0,182;0,421;0,020;-0,095;-0,078;0,887;12,372;-178812,200;-47809,880;-940351,400;-83377,590;-18204,640;-908186,600;331458,700;-30211,790;-842939,700;331366,700;15432,490;857965,800;-83443,840;32977,540;892756,800;-178785,700;33314,440;955991,400
16,00;-0,048;1,932;0,658;-0,115;-0,265;0,454;0,078;-0,121;-0,118;0,887;12,372;-178800,400;-47299,050;-941011,400;-83384,300;-18723,200;-907541,900;331428,100;-29659,390;-843542,800;331365,500;15959,170;857437,900;-83453,980;32333,930;893374,000;-178736,500;33920,590;955367,800
16,02;-0,048;1,932;0,658;-0,115;-0,265;0,454;0,078;-0,121;-0,118;0,887;12,372;-178786,800;-46977,950;-941356,300;-83397,640;-19049,830;-907203,900;331438,600;-29330,800;-843869,700;331376,000;16287,880;857093,300;-83467,530;32005,880;893706,500;-178723,000;34248,740;955038,400
16,04;-0,051;1,928;0,666;-0,110;-0,195;0,397;0,118;-0,068;-0,062;0,887;12,372;-178168,200;-46025,540;-942748,700;-84038,280;-20101,900;-905844,300;331908,100;-28158,940;-844499,100;331868,500;17536,930;855312,800;-84141,920;30796,180;894735,200;-178010,200;35553,150;954065,100
16,06;-0,051;1,928;0,666;-0,110;-0,195;0,397;0,118;-0,068;-0,062;0,887;12,372;-178094,800;-40330,000;-948728,300;-84110,340;-25862,760;-899928,900;331964,600;-22372,390;-850364,500;331925,000;23324,890;849356,400;-84214,060;25028,290;900624,100;-177936,700;41288,630;948170,900
16,08;-0,051;1,928;0,666;-0,110;-0,195;0,397;0,118;-0,068;-0,062;0,887;12,372;-178096,500;-39779,490;-949298,600;-84108,590;-26417,410;-899361,300;331963,300;-21815,550;-850934,300;331923,700;23881,550;848788,800;-84212,360;24473,680;901192,200;-177938,400;41838,090;947598,700
16,10;-0,051;1,928;0,666;-0,110;-0,195;0,397;0,118;-0,068;-0,062;0,887;12,372;-176905,000;-39528,690;-950195,000;-85248,430;-26847,120;-898598,200;332770,100;-21381,350;-850358,400;332730,600;24399,560;847240,000;-85352,130;23954,990;901400,000;-176746,900;42527,420;947518,100
16,12;-0,053;1,926;0,672;-0,102;-0,118;0,276;0,076;-0,054;-0,007;0,887;12,372;-176936,600;-38277,610;-951475,000;-85218,340;-28004,040;-897291,800;332717,600;-20145,790;-851581,200;332697,500;25524,060;846043,100;-85325,340;22685,410;902693,600;-176765,500;43811,790;946174,600
16,14;-0,055;1,926;0,676;-0,137;-0,027;0,198;0,062;-0,026;0,001;0,887;12,372;-175900,200;-37702,670;-952624,800;-86201,730;-28691,960;-896265,600;333391,200;-19451,090;-851366,300;333388,100;26324,850;844392,300;-86301,130;21882,320;903227,900;-175727,500;44752,550;945736,000
16,16;-0,055;1,926;0,676;-0,137;-0,027;0,198;0,062;-0,026;0,001;0,887;12,372;-176101,000;-31336,190;-959066,300;-86006,240;-35068,360;-889781,100;333238,500;-13055,980;-858019,100;333235,400;32715,280;837985,300;-86105,690;15524,770;909780,800;-175928,400;51009,100;939061,300
16,18;-0,055;1,926;0,676;-0,137;-0,027;0,198;0,062;-0,026;0,001;0,887;12,372;-175038,800;-30921,860;-960047,700;-87016,230;-35641,810;-888901,500;333948,500;-12483,370;-857688,100;333945,300;33374,190;836395,800;-87115,700;14872,740;910155,100;-174866,100;51806,910;938779,400
16,20;-0,055;1,926;0,676;-0,137;-0,027;0,198;0,062;-0,026;0,001;0,887;12,372;-175058,400;-30478,760;-960490,800;-86997,230;-36084,140;-888452,400;333933,700;-12039,960;-858152,300;333930,600;33817,190;835954,500;-87096,660;14432,080;910610,000;-174885,600;52239,120;938312,900
16,22;-0,058;1,925;0,678;-0,164;-0,085;0,097;0,059;-0,067;0,074;0,887;12,372;-173768,300;-29163,620;-962508,700;-88227,980;-37469,180;-886535,800;334757,800;-10648,410;-858425,600;334760,400;35279,300;833320,300;-88277,370;12943,490;911979,600;-173621,700;54030,360;937108,000
16,24;-0,063;1,924;0,678;-0,261;-0,086;0,032;0,124;-0,087;0,011;0,887;12,372;-174206,600;-22931,430;-968646,200;-87785,390;-43684,970;-880269,400;334421,800;-4476,461;-865030,400;334400,200;41469,900;827302,100;-87798,650;6892,043;918377,200;-174115,800;60061,970;930430,400
16,26;-0,063;1,924;0,678;-0,261;-0,086;0,032;0,124;-0,087;0,011;0,887;12,372;-172868,400;-22567,910;-969703,400;-89050,440;-44246,080;-879321,200;335306,100;-3924,788;-864436,500;335284,400;42146,300;825451,400;-89063,660;6232,427;918676,800;-172777,500;60901,960;930228,100
16,28;-0,063;1,924;0,678;-0,261;-0,086;0,032;0,124;-0,087;0,011;0,887;12,372;-172913,400;-21970,000;-970284,800;-89007,080;-44838,750;-878722,400;335272,600;-3331,264;-865068,100;335250,900;42738,900;824871,300;-89020,330;5643,765;919287,400;-172822,500;61474,700;929592,800
16,30;-0,063;1,924;0,678;-0,261;-0,086;0,032;0,124;-0,087;0,011;0,887;12,372;-173022,200;-20734,710;-971474,500;-88902,230;-46059,700;-877494,300;335191,300;-2108,516;-866380,900;335169,600;43958,230;823689,300;-88915,470;4432,579;920549,400;-172931,300;62650,360;928277,300
16,32;-0,070;1,923;0,677;-0,343;-0,042;-0,040;0,165;-0,089;0,012;0,887;12,372;-170469,200;-19982,160;-973590,800;-91276,660;-47241,420;-875638,300;336855,900;-1081,075;-865265,400;336826,000;45198,930;820187,600;-91264,170;3199,821;921186,400;-170462,600;64302,010;927755,700
16,34;-0,070;1,923;0,677;-0,343;-0,042;-0,040;0,165;-0,089;0,012;0,887;12,372;-169113,000;-13951,610;-980306,200;-92534,450;-53467,600;-868829,200;337682,000;5119,902;-870254,000;337652,100;51597,090;812298,400;-92521,980;-3115,001;927212,100;-169106,300;70687,050;921549,600
16,36;-0,070;1,923;0,677;-0,343;-0,042;-0,040;0,165;-0,089;0,012;0,887;12,372;-169214,500;-13112,010;-981092,700;-92437,810;-54291,460;-868005,800;337607,800;5944,949;-871156,300;337577,900;52417,760;811519,200;-92425,430;-3929,867;928066,000;-169207,800;71471,660;920648,400
16,38;-0,078;1,923;0,676;-0,377;-0,047;-0,034;0,227;-0,057;-0,014;0,887;12,372;-169329,400;-12681,940;-981857,900;-92316,030;-54980,240;-867388,100;337532,800;6461,724;-871776,000;337433,000;52894,640;811034,700;-92288,660;-4450,999;928770,900;-169347,200;72025,840;919932,900
16,40;-0,078;1,923;0,676;-0,377;-0,047;-0,034;0,227;-0,057;-0,014;0,887;12,372;-169452,800;-11657,410;-982816,400;-92198,530;-55985,020;-866382,100;337442,600;7467,820;-872874,300;337342,900;53896,220;810081,900;-92171,230;-5445,100;929811,100;-169470,500;72982,790;918832,600
16,42;-0,084;1,927;0,676;-0,330;0,211;-0,026;0,065;0,009;0,014;0,887;12,372;-166537,800;-10558,060;-985570,600;-94938,430;-57614,390;-863875,400;339314,600;9015,744;-871925,400;339222,300;56036,920;805451,500;-94866,820;-7295,149;930927,800;-166496,700;75198,350;917863,600
16,44;-0,084;1,927;0,676;-0,330;0,211;-0,026;0,065;0,009;0,014;0,887;12,372;-167622,800;-3623,249;-991880,200;-93913,300;-64365,810;-857186,600;338532,500;15777,980;-879479,200;338440,100;62740,790;799246,300;-93841,670;-13951,340;937964,600;-167581,700;81554,910;910365,700
16,46;-0,084;1,927;0,676;-0,330;0,211;-0,026;0,065;0,009;0,014;0,887;12,372;-167746,000;-2857,628;-992571,600;-93796,620;-65109,640;-856448,500;338443,400;16522,590;-880311,600;338351,100;63479,670;798562,800;-93725,090;-14684,720;938738,800;-167705,000;82253,930;909536,200
16,48;-0,084;1,927;0,676;-0,330;0,211;-0,026;0,065;0,009;0,014;0,887;12,372;-167817,300;-2225,332;-993161,200;-93729,120;-65729,730;-855819,900;338391,900;17142,850;-880979,300;338299,500;64098,920;797963,800;-93657,590;-15299,070;939373,800;-167776,200;82844,900;908854,900
16,50;-0,094;1,941;0,668;-0,205;0,372;-0,230;-0,036;0,042;0,028;0,887;12,372;-166946,500;-29,594;-995939,700;-94521,510;-67955,690;-853260,600;338923,200;19446,790;-882468,300;338876,900;66305,180;794602,400;-94492,480;-17677,340;941664,900;-166903,700;85349,750;906430,200
16,52;-0,094;1,941;0,668;-0,205;0,372;-0,230;-0,036;0,042;0,028;0,887;12,372;-168296,700;7011,639;-1002120,000;-93243,050;-74748,480;-846567,800;337948,500;26244,340;-890204,300;337902,200;73033,330;788519,400;-93214,030;-24353,030;948761,700;-168254,000;91670,280;898746,300
16,54;-0,094;1,941;0,668;-0,205;0,372;-0,230;-0,036;0,042;0,028;0,887;12,372;-168444,800;7798,666;-1002809,000;-93102,420;-75507,480;-845816,100;337841,200;27003,210;-891063,100;337794,900;73786,090;787833,800;-93073,410;-25099,470;949551,300;-168402,000;92377,130;897885,900
16,56;-0,094;1,941;0,668;-0,205;0,372;-0,230;-0,036;0,042;0,028;0,887;12,372;-168545,100;8491,317;-1003434,000;-93007,200;-76180,450;-845136,400;337768,500;27676,110;-891799,400;337722,300;74457,040;787196,900;-92978,200;-25764,480;950241,400;-168502,400;93011,920;897133,400
16,58;-0,094;1,941;0,668;-0,205;0,372;-0,230;-0,036;0,042;0,028;0,887;12,372;-168816,500;9930,358;-1004691,000;-92749,160;-77567,300;-843760,800;337571,600;29063,030;-893367,500;337525,300;75832,870;785942,400;-92720,130;-27128,630;951682,600;-168773,800;94303,020;895559,300
16,60;-0,097;1,949;0,663;-0,173;0,380;-0,306;-0,105;0,031;0,014;0,887;12,372;-168032,200;11870,280;-1007083,000;-93467,660;-79622,640;-841374,600;338061,700;31080,400;-894722,200;338036,900;77807,300;782956,500;-93470,160;-29222,950;953641,200;-167976,800;96536,770;893461,700
16,62;-0,100;1,955;0,657;-0,131;0,333;-0,325;-0,100;0,031;0,035;0,887;12,372;-169689,700;19059,110;-1013231,000;-91875,410;-86481,410;-834664,000;336856,800;37945,070;-902782,100;336834,300;84665,190;777010,900;-91900,100;-35931,730;960928,100;-169640,900;102919,400;885432,200
16,64;-0,100;1,955;0,657;-0,131;0,333;-0,325;-0,100;0,031;0,035;0,887;12,372;-169868,800;19893,280;-1013937,000;-91704,460;-87279,300;-833873,800;336726,300;38742,160;-903694,600;336703,800;85455,630;776301,500;-91729,200;-36714,750;961756,900;-169820,100;103655,900;884512,300
16,66;-0,100;1,955;0,657;-0,131;0,333;-0,325;-0,100;0,031;0,035;0,887;12,372;-170001,500;20707,120;-1014652,000;-91577,750;-88065,060;-833077,600;336629,600;39526,660;-904557,100;336607,200;86239,300;775561,600;-91602,500;-37490,570;962559,300;-169952,600;104392,500;883620,600
16,68;-0,100;1,955;0,657;-0,131;0,333;-0,325;-0,100;0,031;0,035;0,887;12,372;-170348,000;22257,390;-1015953,000;-91246,540;-89544,720;-831615,100;336376,700;41004,460;-906257,600;336354,200;87704,330;774255,900;-91271,320;-38941,510;964098,400;-170299,200;105754,300;881906,800
16,70;-0,102;1,961;0,651;-0,108;0,317;-0,334;-0,148;0,030;0,026;0,887;12,372;-169947,200;24333,820;-1018272,000;-91600,460;-91683,630;-829213,400;336621,600;43100,310;-908073,500;336607,800;89789,270;771548,400;-91641,740;-41085,790;966205,400;-169905,400;108020,800;879568,600
16,72;-0,102;1,961;0,651;-0,108;0,317;-0,334;-0,148;0,030;0,026;0,887;12,372;-171870,000;31726,480;-1024253,000;-89757,290;-98680,780;-822367,800;335213,900;50083,080;-916297,900;335200,100;96693,340;765588,100;-89798,600;-47921,390;973528,400;-171828,100;114385,400;871329,100
16,74;-0,102;1,961;0,651;-0,108;0,317;-0,334;-0,148;0,030;0,026;0,887;12,372;-172081,700;32753,740;-1025115,000;-89553,480;-99661,800;-821380,800;335058,100;51061,470;-917400,400;335044,300;97668,770;764694,500;-89594,750;-48886,240;974534,100;-172039,900;115292,600;870189,900
16,76;-0,103;1,969;0,645;-0,056;0,408;-0,297;-0,140;0,022;0,009;0,887;12,372;-172380,400;33948,090;-1026236,000;-89240,980;-100854,000;-820207,100;334836,000;52197,700;-918925,400;334806,800;98671,890;763720,900;-89304,330;-49997,040;975884,700;-172364,100;116447,700;868694,100
16,78;-0,103;1,969;0,645;-0,056;0,408;-0,297;-0,140;0,022;0,009;0,887;12,372;-172627,700;35055,750;-1027150,000;-89002,480;-101907,700;-819152,300;334653,500;53248,240;-920123,000;334624,300;99717,970;762776,700;-89065,800;-51031,800;976969,100;-172611,400;117417,100;867461,300
16,80;-0,104;1,977;0,641;-0,023;0,432;-0,200;-0,092;-0,018;0,004;0,887;12,372;-172920,900;37726,320;-1029658,000;-88717,500;-104506,400;-816419,400;334438,500;55846,810;-922940,600;334452,300;102690,400;760161,300;-88806,100;-53630,170;979664,300;-172924,000;119917,000;864491,300
16,82;-0,104;1,977;0,641;-0,023;0,432;-0,200;-0,092;-0,018;0,004;0,887;12,372;-175144,200;45346,920;-1035546,000;-86561,750;-111651,400;-809435,800;332786,300;62961,620;-931448,200;332800,100;109733,900;754208,600;-86650,340;-60591,810;987133,800;-175147,300;126349,300;855889,800
16,84;-0,104;1,977;0,641;-0,023;0,432;-0,200;-0,092;-0,018;0,004;0,887;12,372;-175359,200;46165,430;-1036190,000;-86352,300;-112422,400;-808669,100;332625,600;63728,790;-932342,800;332639,400;110497,400;753539,800;-86440,990;-61345,750;987929,300;-175362,300;127049,800;854967,200
16,86;-0,104;1,977;0,641;-0,023;0,432;-0,200;-0,092;-0,018;0,004;0,887;12,372;-175518,400;46962,520;-1036848,000;-86197,160;-113182,100;-807892,500;332506,600;64484,810;-933181,800;332520,200;111255,300;752831,800;-86285,720;-62094,330;988697,300;-175521,600;127753,500;854076,600
16,88;-0,104;1,987;0,640;-0,013;0,493;-0,089;-0,066;-0,021;-0,058;0,887;12,372;-175831,500;48148,140;-1037897,000;-85890,770;-114351,800;-806744,300;332277,300;65592,400;-934641,700;332301,300;112355,700;751902,400;-85973,940;-63206,120;989993,600;-175863,800;128760,700;852700,600
16,90;-0,105;1,997;0,640;-0,020;0,526;0,019;-0,064;-0,039;-0,066;0,887;12,372;-176097,800;50931,160;-1040455,000;-85656,650;-117035,600;-803892,100;332084,400;68265,170;-937463,400;332109,300;115192,200;749093,400;-85719,890;-65897,700;992712,200;-176119,800;131256,800;849703,200
16,92;-0,105;1,997;0,640;-0,020;0,526;0,019;-0,064;-0,039;-0,066;0,887;12,372;-178572,000;58662,860;-1046158,000;-83228,290;-124223,500;-796862,400;330216,300;75406,100;-946115,400;330241,000;122274,900;743219,200;-83291,420;-72885,480;1000210,000;-178594,000;137671,800;840859,900
16,94;-0,105;1,997;0,640;-0,020;0,526;0,019;-0,064;-0,039;-0,066;0,887;12,372;-178816,300;59542,730;-1046827,000;-82987,300;-125047,700;-796037,500;330030,600;76224,280;-947072,100;330055,300;123091,700;742505,900;-83050,460;-73690,880;1001055,000;-178838,300;138417,300;839856,700
16,96;-0,105;1,997;0,640;-0,020;0,526;0,019;-0,064;-0,039;-0,066;0,887;12,372;-179016,600;60525,410;-1047621,000;-82789,600;-125980,200;-795073,700;329878,200;77151,160;-948093,800;329902,900;124024,300;741627,400;-82852,830;-74610,450;1001988,000;-179038,500;139280,400;838749,400
16,98;-0,105;1,997;0,640;-0,020;0,526;0,019;-0,064;-0,039;-0,066;0,887;12,372;-179496,500;62185,090;-1048865,000;-82315,210;-127530,300;-793526,800;329512,400;78689,560;-949906,600;329537,200;125559,500;740300,600;-82378,460;-76123,840;1003581,000;-179518,500;140677,900;836850,900
17,00;-0,107;2,019;0,646;-0,051;0,554;0,164;-0,048;-0,033;-0,084;0,887;12,372;-179753,500;65074,550;-1051589,000;-82080,280;-130382,300;-790491,900;329323,700;81463,520;-952951,300;329337,000;128399,500;737351,900;-82112,150;-78905,050;1006510,000;-179781,200;143203,100;833725,300
17,02;-0,107;2,019;0,646;-0,051;0,554;0,164;-0,048;-0,033;-0,084;0,887;12,372;-182081,000;72694,050;-1057103,000;-79757,840;-137456,000;-783472,100;327508,200;88470,620;-961257,300;327521,600;135398,700;731350,600;-79789,770;-85791,470;1013799,000;-182108,700;149532,900;824927,300
17,04;-0,107;2,019;0,646;-0,051;0,554;0,164;-0,048;-0,033;-0,084;0,887;12,372;-182427,300;73848,360;-1057943,000;-79411,720;-138529,400;-782392,900;327240,400;89534,210;-962511,300;327253,900;136463,300;730430,600;-79443,570;-86839,360;1014894,000;-182455,000;150498,500;823592,900
17,06;-0,107;2,019;0,646;-0,051;0,554;0,164;-0,048;-0,033;-0,084;0,887;12,372;-182703,000;74921,420;-1058753,000;-79135,720;-139535,100;-781362,300;327026,900;90531,130;-963646,700;327040,300;137465,700;729522,900;-79167,700;-87826,390;1015905,000;-182730,800;151415,300;822360,500
17,08;-0,107;2,019;0,646;-0,051;0,554;0,164;-0,048;-0,033;-0,084;0,887;12,372;-183109,100;76245,230;-1059706,000;-78728,810;-140764,200;-780127,200;326711,900;91748,490;-965087,500;326725,300;138684,200;728475,400;-78760,840;-89025,630;1017159,000;-183136,900;152518,900;820825,400
17,10;-0,108;2,029;0,649;-0,066;0,549;0,196;-0,017;-0,022;-0,095;0,887;12,372;-181008,800;78863,580;-1063343,000;-80756,050;-143702,700;-776335,100;328138,900;94598,660;-966037,600;328146,600;141682,200;723156,700;-80794,230;-92056,120;1019583,000;-181050,300;155671,100;818261,300
17,12;-0,108;2,029;0,649;-0,066;0,549;0,196;-0,017;-0,022;-0,095;0,887;12,372;-183999,500;86492,140;-1068358,000;-77761,920;-150664,800;-769547,100;325828,800;101488,900;-974710,800;325836,600;148521,000;717810,900;-77800,090;-98786,360;1026836,000;-184040,900;161761,600;809259,000
17,14;-0,108;2,029;0,649;-0,066;0,549;0,196;-0,017;-0,022;-0,095;0,887;12,372;-184308,300;87420,440;-1068999,000;-77450,770;-151521,200;-768686,100;325588,300;102336,200;-975726,900;325596,100;149369,000;717095,300;-77488,930;-99620,380;1027707,000;-184349,800;162525,700;808169,900
17,16;-0,110;2,041;0,654;-0,093;0,615;0,251;0,015;-0,021;-0,074;0,887;12,372;-184507,200;88199,910;-1069750,000;-77248,910;-152341,400;-767851,300;325436,400;103080,400;-976756,600;325439,000;150122,600;716432,300;-77291,810;-100340,300;1028628,000;-184555,600;163180,800;807229,700
17,18;-0,110;2,041;0,654;-0,093;0,615;0,251;0,015;-0,021;-0,074;0,887;12,372;-185040,400;89791,520;-1070843,000;-76710,550;-153808,900;-766373,800;325019,800;104531,500;-978497,600;325022,500;151576,100;715206,000;-76753,480;-101769,500;1030120,000;-185088,900;164489,500;805357,800
17,20;-0,113;2,054;0,660;-0,129;0,617;0,294;0,024;-0,015;-0,041;0,887;12,372;-180953,700;92472,630;-1075586,000;-80752,220;-156982,200;-761805,400;327837,000;107657,100;-977893,800;327837,200;155358,200;707449,300;-80768,070;-105270,000;1032433,000;-180985,100;168282,200;803128,300
17,22;-0,113;2,054;0,660;-0,129;0,617;0,294;0,024;-0,015;-0,041;0,887;12,372;-184395,900;100144,200;-1080259,000;-77300,830;-163901,400;-755126,600;325187,800;114506,500;-986822,100;325187,900;162114,300;702489,600;-77316,660;-111926,700;1039681,000;-184427,300;174245,600;793921,100
17,24;-0,113;2,054;0,660;-0,129;0,617;0,294;0,024;-0,015;-0,041;0,887;12,372;-184788,000;101143,200;-1080898,000;-76904,910;-164811,700;-754221,100;324883,300;115406,800;-987943,800;324883,400;163010,800;701776,100;-76920,660;-112809,000;1040614,000;-184819,400;175045,300;792727,400
17,26;-0,113;2,054;0,660;-0,129;0,617;0,294;0,024;-0,015;-0,041;0,887;12,372;-185028,600;102048,300;-1081553,000;-76661,760;-165656,200;-753335,100;324696,100;116242,500;-988884,300;324696,200;163855,100;700999,200;-76677,620;-113639,100;1041444,000;-185059,900;175815,500;791669,300
17,28;-0,116;2,065;0,666;-0,141;0,568;0,299;0,067;-0,010;-0,013;0,887;12,372;-185534,400;103382,000;-1082534,000;-76149,230;-166877,400;-752121,200;324302,900;117448,100;-990496,700;324295,600;164954,400;700047,000;-76164,190;-114819,200;1042809,000;-185561,900;176854,300;790097,600
17,30;-0,119;2,075;0,672;-0,161;0,486;0,320;0,085;-0,016;0,015;0,887;12,372;-180801,500;106732,200;-1088549,000;-80874,770;-170867,800;-746030,600;327790,900;121392,100;-990141,600;327790,200;169701,300;690729,600;-80883,450;-119274,700;1045386,000;-180802,500;181716,500;787267,700
17,32;-0,119;2,075;0,672;-0,161;0,486;0,320;0,085;-0,016;0,015;0,887;12,372;-185508,500;115728,800;-1093462,000;-76145,280;-178856,500;-738465,400;324167,700;129304,700;-1000951,000;324167,000;177431,300;685581,900;-76154,080;-126907,500;1053855,000;-185509,500;188459,600;776237,200
17,34;-0,119;2,075;0,672;-0,161;0,486;0,320;0,085;-0,016;0,015;0,887;12,372;-185995,000;116891,900;-1094168,000;-75651,910;-179910,100;-737412,000;323788,400;130346,100;-1002261,000;323787,900;178467,400;684770,800;-75660,670;-127927,100;1054928,000;-185996,000;189380,600;774826,400
17,36;-0,126;2,090;0,685;-0,182;0,347;0,349;0,149;-0,006;0,041;0,887;12,372;-184472,500;120083,300;-1097845,000;-77111,400;-183222,600;-733396,600;324724,400;133539,600;-1003881,000;324727,200;182004,700;679251,500;-77125,790;-131301,100;1057937,000;-184477,500;192737,100;771447,500
17,38;-0,126;2,090;0,685;-0,182;0,347;0,349;0,149;-0,006;0,041;0,887;12,372;-188621,500;127334,800;-1101448,000;-72889,700;-189607,300;-727374,800;321488,600;139853,100;-1012769,000;321491,300;188162,800;675421,000;-72904,110;-137380,700;1064715,000;-188626,400;198076,800;762346,500
17,40;-0,126;2,090;0,685;-0,182;0,347;0,349;0,149;-0,006;0,041;0,887;12,372;-189107,400;128458,300;-1102104,000;-72391,200;-190623,300;-726349,500;321105,300;140856,000;-1014037,000;321108,000;189162,900;674642,900;-72405,570;-138364,200;1065741,000;-189112,300;198965,700;760962,400
17,42;-0,126;2,090;0,685;-0,182;0,347;0,349;0,149;-0,006;0,041;0,887;12,372;-189572,900;129709,600;-1102884,000;-71912,850;-191767,200;-725165,500;320737,300;141984,900;-1015396,000;320740,000;190297,300;673689,600;-71927,300;-139478,900;1066872,000;-189577,900;199984,600;759436,800
17,44;-0,126;2,090;0,685;-0,182;0,347;0,349;0,149;-0,006;0,041;0,887;12,372;-190223,300;131436,900;-1103847,000;-71222,830;-193325,600;-723654,100;320157,000;143509,500;-1017205,000;320159,800;191833,700;672369,700;-71237,230;-140971,300;1068493,000;-190228,100;201333,200;757288,400
17,46;-0,129;2,097;0,692;-0,186;0,312;0,391;0,151;0,010;0,004;0,887;12,372;-190974,100;135917,300;-1107273,000;-70388,950;-197654,500;-718907,800;319507,700;147685,300;-1021577,000;319525,800;195966,600;667904,900;-70429,340;-145177,300;1072594,000;-191008,800;205298,000;751932,700
17,48;-0,134;2,103;0,701;-0,209;0,341;0,460;0,145;-0,001;0,020;0,887;12,372;-195439,100;142964,300;-1110373,000;-65735,630;-203860,100;-713070,600;315918,300;153735,200;-1030555,000;315936,400;201976,100;664510,200;-65787,540;-151012,900;1079241,000;-195474,300;210384,700;742716,400
17,50;-0,134;2,103;0,701;-0,209;0,341;0,460;0,145;-0,001;0,020;0,887;12,372;-195934,500;143934,300;-1110859,000;-65214,660;-204726,700;-712204,600;315514,600;154586,800;-1031689,000;315532,800;202826,300;663905,900;-65266,420;-151847,200;1080120,000;-195969,600;211133,000;741471,200
17,52;-0,134;2,103;0,701;-0,209;0,341;0,460;0,145;-0,001;0,020;0,887;12,372;-196247,800;144994,900;-1111517,000;-64876,800;-205705,100;-711178,600;315236,300;155545,600;-1032751,000;315254,400;203805,600;662984,400;-64928,650;-152801,100;1081076,000;-196283,100;212016,100;740157,700
17,54;-0,138;2,111;0,711;-0,226;0,369;0,535;0,119;0,007;0,001;0,887;12,372;-196927,600;149660,200;-1115098,000;-64127,040;-210181,300;-706131,600;314657,900;159920,500;-1037196,000;314682,400;208291,400;658146,300;-64200,630;-157221,500;1085232,000;-196975,000;216181,300;734598,500
17,56;-0,138;2,111;0,711;-0,226;0,369;0,535;0,119;0,007;0,001;0,887;12,372;-201795,000;156749,400;-1117630,000;-58937,680;-216333,500;-700330,000;310618,100;165935,300;-1046272,000;310642,500;214230,200;655026,400;-59011,300;-163042,600;1091740,000;-201842,300;221263,000;724963,000
17,58;-0,138;2,111;0,711;-0,226;0,369;0,535;0,119;0,007;0,001;0,887;12,372;-202194,000;157544,600;-1117991,000;-58502,770;-217044,200;-699625,100;310267,700;166628,300;-1047174,000;310292,200;214930,000;654504,900;-58576,370;-163723,500;1092464,000;-202241,300;221876,900;723907,100
17,60;-0,142;2,120;0,723;-0,209;0,500;0,619;0,045;0,043;-0,023;0,887;12,372;-202407,700;158672,400;-1118872,000;-58229,130;-218165,700;-698392,900;310083,300;167674,800;-1048462,000;310063,000;215892,100;653395,800;-58320,930;-164781,200;1093603,000;-202445,600;222856,700;722486,800
17,62;-0,146;2,130;0,737;-0,193;0,512;0,691;0,053;-0,006;0,011;0,887;12,372;-203512,900;164029,400;-1122657,000;-57095,320;-223167,900;-692736,100;309145,800;172658,100;-1053647,000;309134,800;221210,800;648103,400;-57165,590;-169802,700;1098309,000;-203514,300;227536,900;715995,400
17,64;-0,146;2,130;0,737;-0,193;0,512;0,691;0,053;-0,006;0,011;0,887;12,372;-208588,200;170805,700;-1124534,000;-51548,700;-229027,000;-687194,100;304785,800;178344,300;-1062548,000;304774,900;226880,600;645410,100;-51619,090;-175334,300;1104483,000;-208589,700;232374,400;706304,300
17,66;-0,146;2,130;0,737;-0,193;0,512;0,691;0,053;-0,006;0,011;0,887;12,372;-209115,000;171829,900;-1124989,000;-50967,140;-229950,500;-686232,200;304326,800;179244,500;-1063729,000;304315,800;227797,000;644732,700;-51037,420;-176228,800;1105387,000;-209116,400;233190,500;704909,600
17,68;-0,146;2,130;0,737;-0,193;0,512;0,691;0,053;-0,006;0,011;0,887;12,372;-209613,800;172878,600;-1125485,000;-50415,390;-230903,100;-685225,300;303890,800;180173,700;-1064911,000;303879,800;228745,700;643993,100;-50485,660;-177154,700;1106307,000;-209615,200;234041,100;703492,900
17,70;-0,152;2,151;0,766;-0,130;0,498;0,757;0,058;-0,022;0,014;0,887;12,372;-210052,700;177084,100;-1128782,000;-49965,630;-234919,400;-680503,100;303506,200;184172,400;-1068882,000;303485,200;232937,700;639317,300;-50001,980;-181230,500;1110058,000;-210030,500;237841,300;698403,600
17,72;-0,152;2,151;0,766;-0,130;0,498;0,757;0,058;-0,022;0,014;0,887;12,372;-214781,600;182747,100;-1129775,000;-44673,100;-239794,200;-675913,800;299303,300;188860,500;-1076614,000;299282,300;237662,900;637428,800;-44709,380;-185815,100;1115204,000;-214759,400;241856,500;689792,300
17,74;-0,152;2,151;0,766;-0,130;0,498;0,757;0,058;-0,022;0,014;0,887;12,372;-215253,900;183625,600;-1130126,000;-44139,500;-240589,900;-675074,600;298877,800;189632,900;-1077636,000;298856,600;238455,400;636848,900;-44175,810;-186586,500;1115973,000;-215231,700;242566,100;688549,000
17,76;-0,152;2,151;0,766;-0,130;0,498;0,757;0,058;-0,022;0,014;0,887;12,372;-215719,300;184742,800;-1130680,000;-43612,660;-241620,900;-673945,800;298457,300;190637,500;-1078844,000;298436,200;239491,100;635967,000;-43649,080;-187596,600;1116937,000;-215697,100;243510,300;687023,200
17,78;-0,154;2,161;0,782;-0,086;0,489;0,768;0,020;0,006;-0,021;0,887;12,372;-216388,900;189438,900;-1134035,000;-42819,940;-246141,700;-668643,800;297826,900;195060,700;-1083195,000;297790,100;243962,100;630896,100;-42848,970;-192112,100;1120972,000;-216361,000;247800,900;681166,100
17,80;-0,155;2,170;0,796;-0,047;0,467;0,730;0,035;-0,010;-0,013;0,887;12,372;-221243,200;194459,800;-1134260,000;-37275,120;-250450,600;-664647,800;293369,200;199139,900;-1090608,000;293319,500;248196,900;629699,600;-37291,160;-196139,700;1125661,000;-221206,200;251277,000;672922,400
17,82;-0,155;2,170;0,796;-0,047;0,467;0,730;0,035;-0,010;-0,013;0,887;12,372;-221697,800;195191,200;-1134482,000;-36748,740;-251112,100;-663952,300;292944,900;199776,900;-1091497,000;292895,200;248856,100;629260,800;-36764,790;-196778,800;1126301,000;-221660,800;251867,600;671819,300
17,84;-0,155;2,170;0,796;-0,047;0,467;0,730;0,035;-0,010;-0,013;0,887;12,372;-222078,100;196280,800;-1135057,000;-36307,770;-252135,700;-662792,300;292589,200;200775,000;-1092620,000;292539,400;249891,900;628299,600;-36323,870;-197789,400;1127225,000;-222041,300;252829,500;670320,400
17,86;-0,155;2,178;0,810;-0,018;0,402;0,696;0,013;-0,013;-0,002;0,887;12,372;-222893,800;200962,700;-1138232,000;-35354,550;-256644,900;-657452,700;291818,700;205199,500;-1097029,000;291792,100;254553,100;623324,300;-35371,190;-202295,600;1131209,000;-222865,500;257164,300;664275,100
17,88;-0,155;2,178;0,810;-0,018;0,402;0,696;0,013;-0,013;-0,002;0,887;12,372;-227646,400;205326,100;-1137732,000;-29772,450;-260384,100;-653996,700;287288,300;208700,300;-1103718,000;287261,800;258200,500;622682,600;-29789,040;-205778,700;1135197,000;-227618,200;260255,800;656416,900
17,90;-0,155;2,178;0,810;-0,018;0,402;0,696;0,013;-0,013;-0,002;0,887;12,372;-228180,100;206136,700;-1137927,000;-29139,380;-261123,900;-653208,200;286772,100;209408,500;-1104723,000;286745,500;258941,400;622200,600;-29155,980;-206494,600;1135903,000;-228152,000;260926,800;655126,600
17,92;-0,155;2,186;0,824;0,013;0,410;0,692;-0,020;0,018;-0,023;0,887;12,372;-228542,100;206937,700;-1138283,000;-28663,940;-261920,500;-652323,900;286407,300;210134,500;-1105806,000;286376,700;259590,200;621576,000;-28692,880;-207230,900;1136712,000;-228529,600;261640,700;653872,700
17,94;-0,154;2,193;0,838;0,033;0,357;0,688;-0,006;-0,028;0,034;0,887;12,372;-229214,100;211609,100;-1141517,000;-27907,620;-266409,800;-646878,200;285770,100;214605,500;-1110027,000;285737,500;264421,300;616371,300;-27935,240;-211779,300;1140620,000;-229190,300;266100,800;647773,400
17,96;-0,154;2,193;0,838;0,033;0,357;0,688;-0,006;-0,028;0,034;0,887;12,372;-234116,100;215501,600;-1140304,000;-22007,930;-269758,900;-643807,100;280925,000;217680,600;-1116454,000;280892,400;267711,800;616250,400;-22035,460;-214885,900;1144207,000;-234092,400;268908,500;639949,500
17,98;-0,154;2,193;0,838;0,033;0,357;0,688;-0,006;-0,028;0,034;0,887;12,372;-234866,800;216353,200;-1140310,000;-21094,740;-270531,100;-643006,400;280171,200;218405,700;-1117640,000;280138,600;268485,600;615894,900;-21122,500;-215625,600;1144960,000;-234843,100;269606,400;638406,300
18,00;-0,154;2,193;0,838;0,033;0,357;0,688;-0,006;-0,028;0,034;0,887;12,372;-235338,000;217461,300;-1140772,000;-20520,420;-271585,900;-641793,100;279696,400;219426,000;-1118836,000;279663,900;269556,100;614944,600;-20548,040;-216666,700;1145894,000;-235314,300;270618,600;636722,100
18,02;-0,152;2,206;0,866;0,070;0,322;0,696;0,007;-0,030;0,032;0,887;12,372;-236173,500;222400,200;-1143999,000;-19511,320;-276391,000;-635942,100;278854,200;224167,400;-1123513,000;278825,300;274531,100;609483,400;-19530,180;-221512,700;1150091,000;-236153,900;275386,400;629993,300
18,04;-0,152;2,206;0,866;0,070;0,322;0,696;0,007;-0,030;0,032;0,887;12,372;-241351,300;225312,300;-1141523,000;-13108,670;-278858,600;-633874,800;273523,500;226314,300;-1129381,000;273494,700;276971,300;610599,500;-13127,600;-223747,000;1152887,000;-241331,700;277439,700;622641,200
18,06;-0,152;2,206;0,866;0,070;0,322;0,696;0,007;-0,030;0,032;0,887;12,372;-241913,700;226354,300;-1141821,000;-12405,690;-279856,200;-632731,300;272935,000;227269,500;-1130590,000;272906,000;277985,300;609783,500;-12424,590;-224728,200;1153772,000;-241894,000;278406,700;620903,400
18,08;-0,148;2,218;0,894;0,095;0,263;0,694;0,015;-0,026;0,029;0,887;12,372;-242719,700;231494,700;-1145137,000;-11405,670;-284914,800;-626499,600;272089,700;232260,200;-1135381,000;272069,100;283269,200;603956,600;-11414,540;-229823,800;1158083,000;-242705,800;283475,900;613773,100
18,10;-0,148;2,218;0,894;0,095;0,263;0,694;0,015;-0,026;0,029;0,887;12,372;-248171,200;233437,100;-1141410,000;-4489,827;-286520,800;-625410,100;266253,200;233493,900;-1140710,000;266232,600;284890,200;606278,400;-4498,768;-231211,400;1160108,000;-248157,400;284810,700;606842,600
18,12;-0,148;2,218;0,894;0,095;0,263;0,694;0,015;-0,026;0,029;0,887;12,372;-248726,400;233996,600;-1141305,000;-3777,479;-287053,400;-624828,600;265648,300;233983,700;-1141539,000;265627,700;285434,900;606036,800;-3786,244;-231726,700;1160602,000;-248712,700;285329,200;605646,300
18,14;-0,146;2,223;0,908;0,101;0,282;0,705;0,005;0,011;-0,016;0,887;12,372;-249135,000;238182,200;-1144156,000;-3204,996;-291271,100;-619579,100;265183,600;238124,700;-1145254,000;265161,500;289583,700;601012,900;-3223,461;-235949,900;1164054,000;-249137,800;289585,800;599843,100
18,16;-0,146;2,223;0,908;0,101;0,282;0,705;0,005;0,011;-0,016;0,887;12,372;-253650,700;239268,000;-1140487,000;2655,809;-292177,700;-619093,100;260174,800;238691,500;-1149285,000;260152,800;290547,300;603383,900;2637,257;-236700,500;1165301,000;-253653,500;290398,900;594300,500
18,18;-0,146;2,223;0,908;0,101;0,282;0,705;0,005;0,011;-0,016;0,887;12,372;-254494,300;239744,400;-1140001,000;3761,852;-292631,400;-618633,800;259224,200;239076,800;-1150254,000;259202,100;291021,500;603453,700;3743,336;-237129,800;1165751,000;-254497,000;290852,800;592870,400
18,20;-0,144;2,229;0,923;0,101;0,320;0,752;0,003;0,015;-0,020;0,887;12,372;-254924,600;239996,300;-1139741,000;4355,834;-292923,100;-618326,400;258729,900;239302,900;-1150924,000;258728,400;291229,000;603457,900;4317,724;-237368,000;1166085,000;-254943,000;291109,100;592062,500
18,22;-0,142;2,235;0,938;0,099;0,263;0,779;0,010;-0,021;0,039;0,887;12,372;-255321,200;244339,800;-1142734,000;4814,627;-297241,800;-612882,600;258300,900;243638,100;-1154672,000;258286,100;295879,700;598139,000;4792,077;-241758,300;1169630,000;-255319,800;295595,000;586035,800
18,24;-0,142;2,235;0,938;0,099;0,263;0,779;0,010;-0,021;0,039;0,887;12,372;-259959,100;244012,800;-1137652,000;10980,760;-296828,800;-613950,500;252957,600;242842,300;-1157706,000;252942,900;295565,800;602187,400;10958,340;-241207,100;1169746,000;-259957,700;295211,300;581693,300
18,26;-0,142;2,235;0,938;0,099;0,263;0,779;0,010;-0,021;0,039;0,887;12,372;-260413,300;244173,900;-1137297,000;11590,440;-296988,900;-613796,100;252426,200;242962,300;-1158156,000;252411,500;295741,300;602321,900;11567,960;-241356,600;1169911,000;-260411,900;295386,400;580991,800
18,28;-0,142;2,235;0,938;0,099;0,263;0,779;0,010;-0,021;0,039;0,887;12,372;-260704,700;244809,800;-1137483,000;11982,140;-297634,600;-613009,300;252084,500;243581,500;-1158867,000;252069,800;296403,300;601713,300;11959,680;-242000,200;1170443,000;-260703,200;296061,100;579829,700
18,30;-0,138;2,243;0,970;0,082;0,174;0,800;0,024;-0,031;0,027;0,887;12,372;-261351,700;248699,200;-1139773,000;12825,340;-301554,800;-608063,900;251333,800;247470,100;-1162535,000;251333,100;300557,700;597123,200;12813,370;-245997,300;1173676,000;-261342,400;300167,800;573940,600
18,32;-0,138;2,243;0,970;0,082;0,174;0,800;0,024;-0,031;0,027;0,887;12,372;-265671,800;247483,600;-1134165,000;18699,790;-300344,400;-609986,600;246173,900;245866,500;-1164664,000;246173,000;299489,300;601847,600;18687,880;-244683,100;1173043,000;-265662,300;299101,900;570624,600
18,34;-0,138;2,243;0,970;0,082;0,174;0,800;0,024;-0,031;0,027;0,887;12,372;-266207,500;247379,800;-1133497,000;19435,110;-300247,100;-610151,600;245524,300;245717,700;-1164965,000;245523,600;299414,000;602359,300;19423,110;-244574,700;1173000,000;-266198,200;299031,200;570126,400
18,36;-0,138;2,243;0,970;0,082;0,174;0,800;0,024;-0,031;0,027;0,887;12,372;-266729,600;247107,000;-1132711,000;20153,010;-299977,200;-610533,100;244889,400;245396,900;-1165121,000;244888,600;299164,800;603080,300;20141,010;-244293,000;1172821,000;-266720,300;298781,000;569868,900
18,38;-0,136;2,245;0,986;0,070;0,147;0,796;0,013;-0,004;-0,001;0,887;12,372;-267797,500;246443,200;-1130939,000;21651,760;-299315,200;-611441,300;243568,700;244623,900;-1165433,000;243579,300;298489,100;604684,500;21644,310;-243625,000;1172388,000;-267799,200;298154,700;569447,600
18,40;-0,135;2,247;1,002;0,061;0,075;0,773;0,017;-0,022;0,012;0,887;12,372;-271941,400;243645,400;-1124065,000;27391,730;-296547,900;-615171,100;238431,800;241432,900;-1166171,000;238435,300;296087,300;611084,900;27398,970;-240794,000;1170424,000;-271927,100;295589,200;568035,300
18,42;-0,135;2,247;1,002;0,061;0,075;0,773;0,017;-0,022;0,012;0,887;12,372;-272537,600;243184,000;-1123025,000;28229,950;-296097,800;-615767,200;237679,900;240914,700;-1166225,000;237683,300;295672,000;612067,400;28237,230;-240332,500;1170091,000;-272523,400;295170,600;567883,400
18,44;-0,135;2,247;1,002;0,061;0,075;0,773;0,017;-0,022;0,012;0,887;12,372;-273228,400;242629,500;-1121801,000;29203,450;-295557,300;-616479,100;236805,200;240294,100;-1166270,000;236808,600;295173,400;613227,000;29210,740;-239779,300;1169687,000;-273214,100;294667,700;567727,000
18,46;-0,134;2,246;1,017;0,050;-0,027;0,764;0,000;-0,008;0,014;0,887;12,372;-273855,600;242095,000;-1120538,000;30095,050;-294985,000;-617174,300;235999,300;239691,600;-1166302,000;236036,000;294751,300;614320,400;30109,430;-239239,800;1169262,000;-273854,200;294169,800;567614,900
18,48;-0,134;2,246;1,017;0,050;-0,027;0,764;0,000;-0,008;0,014;0,887;12,372;-277768,200;238413,300;-1113091,000;35671,760;-291408,500;-621786,800;230951,100;235623,300;-1166097,000;230987,700;291452,200;621461,700;35686,090;-235597,300;1166505,000;-277766,800;290832,900;567253,800
18,50;-0,134;2,246;1,017;0,050;-0,027;0,764;0,000;-0,008;0,014;0,887;12,372;-278193,200;237969,700;-1112240,000;36282,310;-290978,300;-622334,600;230395,300;235136,500;-1166037,000;230432,000;291055,300;622283,800;36296,810;-235160,200;1166167,000;-278191,800;290430,300;567257,800
18,52;-0,133;2,244;1,033;0,045;-0,106;0,779;-0,047;0,014;0,024;0,887;12,372;-278369,300;237777,000;-1111695,000;36552,640;-290731,400;-622567,000;230153,100;234919,500;-1166000,000;230160,200;290822,300;622632,100;36572,830;-234959,800;1165950,000;-278372,200;290265,800;567235,600
18,54;-0,133;2,244;1,033;0,045;-0,106;0,779;-0,047;0,014;0,024;0,887;12,372;-279088,400;236996,700;-1110228,000;37589,190;-289974,700;-623526,100;229207,600;234065,400;-1165873,000;229214,600;290124,400;624054,700;37609,330;-234192,300;1165353,000;-279091,300;289557,600;567271,300
18,56;-0,132;2,241;1,047;0,039;-0,146;0,745;0,000;-0,006;-0,009;0,887;12,372;-279846,500;236149,600;-1108572,000;38664,760;-289167,600;-624557,800;228224,300;233159,800;-1165695,000;228219,000;289441,300;625599,900;38674,190;-233381,000;1164658,000;-279835,800;288788,600;567347,300
18,58;-0,132;2,241;1,047;0,039;-0,146;0,745;0,000;-0,006;-0,009;0,887;12,372;-283403,500;231760,200;-1100805,000;43848,590;-284916,500;-629870,400;223459,900;228388,900;-1164600,000;223454,400;285520,900;633196,400;43857,910;-229080,800;1161232,000;-283392,800;284795,200;568051,900
18,60;-0,132;2,241;1,047;0,039;-0,146;0,745;0,000;-0,006;-0,009;0,887;12,372;-283938,000;231042,800;-1099582,000;44633,480;-284222,000;-630730,800;222734,600;227612,400;-1164384,000;222729,200;284880,700;634398,800;44642,820;-228379,700;1160666,000;-283927,400;284141,300;568215,900
18,62;-0,131;2,236;1,063;0,024;-0,214;0,754;-0,016;-0,002;-0,011;0,887;12,372;-284657,600;230040,200;-1097768,000;45695,010;-283259,200;-631933,300;221750,700;226529,200;-1164042,000;221761,700;284093,200;636066,900;45702,180;-227405,100;1159812,000;-284642,400;283224,900;568461,600
18,64;-0,131;2,232;1,077;0,020;-0,214;0,713;0,024;-0,005;-0,016;0,887;12,372;-285097,400;229425,900;-1096646,000;46321,410;-282695,500;-632644,200;221154,900;225867,100;-1163822,000;221132,600;283637,800;637067,200;46348,340;-226808,800;1159279,000;-285069,200;282646,800;568640,200
18,66;-0,131;2,232;1,077;0,020;-0,214;0,713;0,024;-0,005;-0,016;0,887;12,372;-288723,200;223881,300;-1087699,000;51712,380;-277328,900;-639208,100;216128,700;219896,300;-1161750,000;216106,500;278688,300;645940,700;51739,330;-221401,100;1154826,000;-288695,100;277570,200;570442,000
18,68;-0,131;2,232;1,077;0,020;-0,214;0,713;0,024;-0,005;-0,016;0,887;12,372;-289102,700;223256,100;-1086719,000;52280,920;-276723,900;-639943,100;215595,800;219224,700;-1161492,000;215573,500;278130,200;646916,600;52307,930;-220792,000;1154320,000;-289074,600;276996,100;570676,500
18,70;-0,131;2,232;1,077;0,020;-0,214;0,713;0,024;-0,005;-0,016;0,887;12,372;-289438,400;222695,800;-1085845,000;52784,510;-276181,500;-640601,100;215123,300;218623,100;-1161257,000;215101,000;277629,900;647787,700;52811,480;-220246,100;1153865,000;-289410,400;276481,600;570891,300
18,72;-0,131;2,232;1,077;0,020;-0,214;0,713;0,024;-0,005;-0,016;0,887;12,372;-289897,700;221918,300;-1084639,000;53474,340;-275428,700;-641513,300;214475,300;217788,700;-1160926,000;214453,000;276935,300;648991,300;53501,420;-219488,600;1153232,000;-289869,600;275766,700;571197,000
18,74;-0,131;2,221;1,104;0,009;-0,247;0,654;0,035;-0,002;-0,013;0,887;12,372;-290196,800;221395,500;-1083581,000;53928,370;-274935,800;-642123,900;214045,400;217235,400;-1160634,000;214010,000;276542,600;649774,400;53961,720;-218957,400;1152671,000;-290165,600;275264,100;571412,200
18,76;-0,131;2,221;1,104;0,009;-0,247;0,654;0,035;-0,002;-0,013;0,887;12,372;-293614,400;215100,500;-1074112,000;59106,540;-268839,600;-649455,900;209149,900;210497,800;-1157703,000;209114,500;270916,300;659264,500;59139,940;-212828,800;1147497,000;-293583,300;269456,300;574211,400
18,78;-0,131;2,221;1,104;0,009;-0,247;0,654;0,035;-0,002;-0,013;0,887;12,372;-293980,200;214380,600;-1073053,000;59664,710;-268142,400;-650289,800;208619,400;209728,800;-1157346,000;208584,100;270272,800;660328,400;59698,050;-212128,300;1146901,000;-293949,200;268790,300;574558,800
18,80;-0,131;2,221;1,104;0,009;-0,247;0,654;0,035;-0,002;-0,013;0,887;12,372;-294240,500;213863,000;-1072295,000;60062,180;-267641,000;-650888,800;208241,300;209176,000;-1157088,000;208205,900;269809,600;661091,600;60095,510;-211624,500;1146471,000;-294209,300;268311,000;574811,600
18,82;-0,131;2,221;1,104;0,009;-0,247;0,654;0,035;-0,002;-0,013;0,887;12,372;-294731,600;212873,200;-1070851,000;60813,420;-266681,900;-652033,500;207525,900;208119,300;-1156587,000;207490,400;268924,100;662544,700;60846,850;-210661,200;1145649,000;-294700,400;267394,200;575302,300
18,84;-0,131;2,215;1,117;0,003;-0,293;0,641;-0,006;-0,001;0,007;0,887;12,372;-295172,000;211961,000;-1069378,000;61500,360;-265782,800;-653105,000;206875,200;207132,200;-1156063,000;206874,000;268099,300;663911,100;61527,040;-209767,200;1144809,000;-295142,300;266539,800;575756,500
18,86;-0,131;2,215;1,117;0,003;-0,293;0,641;-0,006;-0,001;0,007;0,887;12,372;-298323,400;205080,500;-1059596,000;66361,700;-259112,500;-661013,800;202215,300;199802,800;-1152355,000;202214,100;261935,500;673791,800;66388,370;-203071,400;1139040,000;-298293,600;260140,300;579459,600
18,88;-0,131;2,208;1,130;0,003;-0,363;0,642;-0,024;-0,003;0,022;0,887;12,372;-298595,500;204455,200;-1058519,000;66788,460;-258469,200;-661770,800;201804,800;199120,300;-1151921,000;201789,000;261442,000;674685,200;66810,390;-202461,200;1138392,000;-298569,900;259557,600;579789,500
18,90;-0,131;2,208;1,130;0,003;-0,363;0,642;-0,024;-0,003;0,022;0,887;12,372;-298814,600;203943,200;-1057806,000;67128,820;-257972,400;-662356,600;201476,600;198575,700;-1151631,000;201460,800;260982,800;675407,300;67150,840;-201962,800;1137959,000;-298788,900;259079,600;580082,600
18,92;-0,130;2,201;1,143;0,016;-0,345;0,620;0,036;0,001;-0,015;0,887;12,372;-299497,100;202295,900;-1055419,000;68197,070;-256417,100;-664200,600;200450,900;196863,400;-1150654,000;200406,400;259518,500;677684,800;68217,570;-200359,000;1136486,000;-299472,400;257539,900;581033,800
18,94;-0,130;2,201;1,143;0,016;-0,345;0,620;0,036;0,001;-0,015;0,887;12,372;-303046,600;193223,600;-1043102,000;73765,510;-247609,800;-674513,200;195041,200;187238,800;-1145218,000;194996,800;251364,900;690198,900;73786,050;-191526,000;1128741,000;-303022,100;249033,200;586596,100
18,96;-0,130;2,194;1,155;0,028;-0,391;0,623;-0,002;0,002;0,012;0,887;12,372;-303330,800;192432,800;-1041877,000;74225,450;-246829,000;-675423,900;194594,800;186390,300;-1144642,000;194582,800;250739,300;691308,100;74240,060;-190749,400;1127957,000;-303309,800;248279,000;587102,100
18,98;-0,130;2,194;1,155;0,028;-0,391;0,623;-0,002;0,002;0,012;0,887;12,372;-303579,300;191747,900;-1040965,000;74618,470;-246163,600;-676198,600;194210,500;185665,000;-1144213,000;194198,500;250122,400;692236,400;74633,130;-190082,300;1127367,000;-303558,100;247634,100;587544,400
19,00;-0,129;2,186;1,168;0,037;-0,367;0,616;0,042;0,002;-0,014;0,887;12,372;-304054,300;190419,000;-1039087,000;75359,520;-244902,600;-677669,800;193478,500;184276,100;-1143326,000;193433,800;248925,400;693997,600;75385,940;-188789,000;1126145,000;-304025,500;246375,000;588415,800
19,02;-0,129;2,186;1,168;0,037;-0,367;0,616;0,042;0,002;-0,014;0,887;12,372;-306845,500;182165,700;-1028293,000;79806,010;-236878,400;-686962,100;189103,700;175554,300;-1137970,000;189059,100;241479,300;705007,200;79832,590;-180746,100;1118985,000;-306816,600;238576,700;593974,000
19,04;-0,129;2,186;1,168;0,037;-0,367;0,616;0,042;0,002;-0,014;0,887;12,372;-307123,200;181299,600;-1027175,000;80250,920;-236035,900;-687933,900;188663,900;174640,400;-1137393,000;188619,400;240696,800;706149,400;80277,410;-179901,600;1118229,000;-307094,300;237756,300;594574,400
19,06;-0,129;2,186;1,168;0,037;-0,367;0,616;0,042;0,002;-0,014;0,887;12,372;-307336,800;180627,800;-1026309,000;80593,450;-235382,200;-688687,400;188325,100;173931,600;-1136944,000;188280,400;240089,600;707033,900;80619,950;-179246,800;1117643,000;-307307,900;237119,300;595042,400
19,08;-0,128;2,178;1,180;0,042;-0,421;0,600;0,007;-0,005;0,021;0,887;12,372;-307841,900;179013,500;-1024059,000;81409,210;-233782,700;-690526,400;187517,100;172216,800;-1135763,000;187506,800;238726,500;709176,400;81427,340;-177657,700;1116112,000;-307823,100;235575,800;596179,100
19,10;-0,127;2,170;1,191;0,052;-0,393;0,588;0,045;0,003;-0,011;0,887;12,372;-308188,600;177879,300;-1022489,000;81960,450;-232709,900;-691763,300;186966,700;171031,500;-1134934,000;186927,400;237685,100;710623,900;81990,700;-176562,600;1115039,000;-308164,200;234493,400;596988,500
19,12;-0,127;2,170;1,191;0,052;-0,393;0,588;0,045;0,003;-0,011;0,887;12,372;-310744,900;169143,400;-1011431,000;86092,800;-224203,500;-701510,000;182850,200;161837,500;-1128874,000;182810,900;229768,300;721932,700;86123,030;-168039,200;1107343,000;-310720,600;226178,100;603326,500
19,14;-0,127;2,170;1,191;0,052;-0,393;0,588;0,045;0,003;-0,011;0,887;12,372;-311033,500;168104,700;-1010130,000;86561,770;-223191,400;-702665,600;182381,000;160746,100;-1128138,000;182341,800;228825,300;723264,000;86592,020;-167025,400;1106423,000;-311009,200;225186,800;604097,800
19,16;-0,127;2,170;1,191;0,052;-0,393;0,588;0,045;0,003;-0,011;0,887;12,372;-311213,700;167450,600;-1009312,000;86854,690;-222554,200;-703392,600;182087,700;160059,100;-1127673,000;182048,500;228231,400;724100,800;86884,990;-166386,900;1105843,000;-311189,300;224562,500;604585,100
19,18;-0,125;2,153;1,213;0,062;-0,387;0,542;0,053;0,007;-0,019;0,887;12,372;-311814,600;165216,700;-1006258,000;87832,100;-220393,300;-705853,800;181105,700;157713,800;-1125921,000;181064,700;226230,100;726920,400;87866,180;-164214,100;1103670,000;-311789,800;222414,800;606272,600
19,20;-0,125;2,153;1,213;0,062;-0,387;0,542;0,053;0,007;-0,019;0,887;12,372;-314413,400;155009,800;-993686,400;92088,470;-210439,600;-717147,400;176816,600;147018,500;-1118448,000;176775,600;216935,300;739793,700;92122,520;-154242,900;1094550,000;-314388,400;212634,100;614121,000
19,22;-0,125;2,153;1,213;0,062;-0,387;0,542;0,053;0,007;-0,019;0,887;12,372;-314720,000;153735,100;-992132,300;92593,270;-209195,600;-718553,500;176305,600;145685,400;-1117496,000;176264,500;215771,800;741385,900;92627,290;-152996,900;1093405,000;-314695,000;211409,300;615121,600
19,24;-0,125;2,153;1,213;0,062;-0,387;0,542;0,053;0,007;-0,019;0,887;12,372;-314930,500;152850,800;-991056,100;92940,150;-208332,600;-719528,200;175954,300;144760,800;-1116833,000;175913,200;214964,600;742488,300;92974,210;-152132,600;1092609,000;-314905,800;210559,500;615818,100
19,26;-0,124;2,144;1,224;0,065;-0,453;0,499;-0,013;-0,006;0,029;0,887;12,372;-315295,100;151308,000;-988986,000;93543,530;-206765,000;-721289,900;175340,200;143126,500;-1115545,000;175358,100;213639,600;744404,300;93564,700;-150605,900;1091074,000;-315285,900;209077,600;617032,100
19,28;-0,124;2,144;1,224;0,065;-0,453;0,499;-0,013;-0,006;0,029;0,887;12,372;-317724,200;140335,100;-975791,300;97570,160;-196049,200;-733334,100;171238,500;131683,100;-1107127,000;171256,400;203594,500;757920,500;97591,300;-139872,800;1081138,000;-317715,000;198498,500;625882,100
19,30;-0,124;2,144;1,224;0,065;-0,453;0,499;-0,013;-0,006;0,029;0,887;12,372;-317925,600;139371,900;-974643,200;97905,590;-195108,000;-734388,100;170895,400;130680,600;-1106376,000;170913,300;202710,800;759096,300;97926,630;-138930,400;1080261,000;-317916,400;197567,800;626672,100
19,32;-0,122;2,133;1,234;0,074;-0,559;0,496;-0,095;0,004;0,067;0,887;12,372;-318004,500;138988,100;-973876,000;98063,030;-194597,600;-734848,800;170746,700;130258,700;-1105879,000;170751,200;202380,800;759610,300;98072,450;-138518,500;1079673,000;-318002,100;197197,600;626996,500
19,34;-0,121;2,122;1,244;0,084;-0,517;0,484;0,014;0,007;-0,033;0,887;12,372;-318542,600;136293,800;-970556,000;98958,590;-192052,500;-737703,600;169836,100;127500,400;-1103684,000;169802,500;199812,500;762842,100;98973,890;-135944,700;1077129,000;-318531,400;194608,100;629214,100
19,36;-0,121;2,122;1,244;0,084;-0,517;0,484;0,014;0,007;-0,033;0,887;12,372;-320667,500;125199,300;-957498,000;102520,000;-181203,000;-749785,000;166171,100;115989,900;-1094816,000;166137,600;189598,500;776210,100;102535,300;-125079,100;1066952,000;-320656,300;183851,900;638531,200
19,38;-0,121;2,122;1,244;0,084;-0,517;0,484;0,014;0,007;-0,033;0,887;12,372;-320893,300;123949,600;-956038,700;102900,000;-179980,600;-751141,400;165778,500;114696,100;-1093802,000;165745,000;188445,600;777703,300;102915,400;-123854,700;1065800,000;-320882,200;182638,100;639595,400
19,40;-0,119;2,111;1,253;0,081;-0,582;0,463;-0,017;-0,007;0,019;0,887;12,372;-321097,600;122816,600;-954527,600;103225,400;-178855,100;-752400,100;165429,200;113524,700;-1092741,000;165427,000;187550,600;779091,600;103243,200;-122732,000;1064595,000;-321096,300;181530,400;640569,800
19,42;-0,118;2,100;1,262;0,083;-0,525;0,460;0,040;0,011;-0,033;0,887;12,372;-321377,500;121195,000;-952515,800;103708,300;-177328,500;-754095,900;164938,300;111859,100;-1091337,000;164899,300;185990,000;780986,400;103727,700;-121154,300;1063003,000;-321365,600;179953,400;641960,100
19,44;-0,118;2,100;1,262;0,083;-0,525;0,460;0,040;0,011;-0,033;0,887;12,372;-323326,500;109406,800;-938898,600;107006,500;-165786,300;-766835,100;161513,200;99694,700;-1081573,000;161474,300;175074,100;794908,100;107025,900;-109596,300;1052059,000;-323314,600;168468,700;652196,800
19,46;-0,118;2,100;1,262;0,083;-0,525;0,460;0,040;0,011;-0,033;0,887;12,372;-323542,100;108018,300;-937306,100;107372,600;-164426,300;-768330,800;161131,600;98265,140;-1080407,000;161092,700;173785,300;796534,900;107392,100;-108234,200;1050763,000;-323530,200;167113,600;653417,400
19,48;-0,118;2,100;1,262;0,083;-0,525;0,460;0,040;0,011;-0,033;0,887;12,372;-323659,400;107254,800;-936431,400;107572,000;-163678,300;-769152,900;160923,700;97479,390;-1079765,000;160884,900;173076,300;797428,400;107591,400;-107485,300;1050050,000;-323647,500;166368,000;654090,300
19,50;-0,115;2,078;1,279;0,076;-0,495;0,408;0,035;0,009;-0,037;0,887;12,372;-323953,300;105324,500;-933897,800;108060,300;-161798,900;-771219,300;160404,200;95481,750;-1077894,000;160379,300;171243,300;799651,800;108087,700;-105589,300;1047984,000;-323936,700;164455,900;655823,400
19,52;-0,115;2,078;1,279;0,076;-0,495;0,408;0,035;0,009;-0,037;0,887;12,372;-325574,300;93898,730;-920916,900;110826,400;-150598,500;-783475,500;157508,400;83757,050;-1068129,000;157483,500;160600,000;812896,800;110853,700;-94374,860;1037255,000;-325557,600;153276,400;666031,100
19,54;-0,115;2,078;1,279;0,076;-0,495;0,408;0,035;0,009;-0,037;0,887;12,372;-325738,300;92667,520;-919526,600;111107,200;-149391,000;-784792,600;157213,600;82496,340;-1067064,000;157188,700;159450,300;814314,100;111134,400;-93165,780;1036093,000;-325721,600;152069,800;667142,100
19,56;-0,115;2,078;1,279;0,076;-0,495;0,408;0,035;0,009;-0,037;0,887;12,372;-325842,500;91877,600;-918635,400;111285,500;-148616,200;-785637,100;157026,300;81687,910;-1066380,000;157001,400;158712,600;815222,300;111312,800;-92390,050;1035348,000;-325825,800;151295,600;667856,000
19,58;-0,113;2,067;1,286;0,065;-0,549;0,358;-0,002;-0,002;0,026;0,887;12,372;-326099,800;89889,550;-916201,000;111724,100;-146618,000;-787809,800;156560,200;79646,180;-1064504,000;156565,900;156995,000;817545,500;111748,700;-90415,300;1033302,000;-326094,400;149362,800;669640,100
19,60;-0,113;2,067;1,286;0,065;-0,549;0,358;-0,002;-0,002;0,026;0,887;12,372;-327563,500;77773,020;-902638,000;114239,500;-134727,800;-800714,400;153908,400;67282,320;-1053857,000;153914,200;145640,600;831350,500;114264,200;-78511,460;1021803,000;-327558,200;137463,300;680729,100
19,62;-0,112;2,054;1,293;0,066;-0,657;0,345;-0,048;0,011;0,052;0,887;12,372;-327670,200;76762,820;-901226,800;114446,000;-133634,000;-801850,900;153701,800;66243,270;-1052738,000;153692,800;144764,800;832519,200;114467,800;-77496,480;1020595,000;-327672,600;136481,400;681657,600
19,64;-0,112;2,054;1,293;0,066;-0,657;0,345;-0,048;0,011;0,052;0,887;12,372;-327875,800;74904,020;-899160,900;114800,500;-131808,900;-803823,400;153327,000;64352,210;-1051082,000;153317,900;143017,500;834619,000;114822,200;-75669,610;1018822,000;-327878,200;134652,700;683378,000
19,66;-0,111;2,041;1,299;0,065;-0,664;0,318;0,008;0,008;-0,010;0,887;12,372;-328209,700;71811,210;-895574,000;115368,600;-128835,000;-807035,100;152728,100;61224,450;-1048183,000;152713,000;140093,300;838063,800;115386,000;-72665,060;1015732,000;-328201,800;131587,000;686280,100
19,68;-0,111;2,041;1,299;0,065;-0,664;0,318;0,008;0,008;-0,010;0,887;12,372;-329393,900;59809,920;-882346,400;117417,400;-117044,000;-819714,900;150553,700;49057,220;-1037330,000;150538,600;128768,000;851483,300;117434,900;-60862,640;1004208,000;-329386,000;119756,500;697530,600
19,70;-0,111;2,041;1,299;0,065;-0,664;0,318;0,008;0,008;-0,010;0,887;12,372;-329514,500;58486,110;-880894,900;117626,500;-115742,900;-821109,600;150331,300;47718,190;-1036121,000;150316,200;127515,600;852953,800;117644,000;-59560,160;1002932,000;-329506,800;118449,900;698781,500
19,72;-0,110;2,026;1,305;0,046;-0,745;0,272;-0,017;-0,001;0,039;0,887;12,372;-329562,400;57959,070;-880139,800;117697,400;-115195,000;-821691,900;150245,700;47187,700;-1035456,000;150251,300;127202,100;853561,100;117715,800;-59024,070;1002223,000;-329564,700;117927,300;699287,900
19,74;-0,110;2,026;1,305;0,046;-0,745;0,272;-0,017;-0,001;0,039;0,887;12,372;-329759,100;55731,600;-877702,400;118038,700;-113005,000;-824036,400;149882,400;44936,480;-1033415,000;149888,000;125092,500;856029,600;118057,100;-56832,420;1000072,000;-329761,400;115727,700;701398,800
19,76;-0,109;2,012;1,310;0,045;-0,673;0,276;0,030;0,015;-0,030;0,887;12,372;-329921,300;53799,570;-875502,600;118335,100;-111173,200;-826006,400;149579,300;42989,950;-1031515,000;149551,900;123131,100;858130,200;118350,300;-54954,880;998078,300;-329911,800;113839,800;703207,100
19,78;-0,109;2,012;1,310;0,045;-0,673;0,276;0,030;0,015;-0,030;0,887;12,372;-330872,000;41650,040;-862300,500;119988,700;-99223,520;-838742,400;147814,600;30751,190;-1020240,000;147787,000;111585,100;871473,400;120004,000;-42995,140;986283,100;-330862,500;101824,300;714837,400
19,80;-0,109;2,012;1,310;0,045;-0,673;0,276;0,030;0,015;-0,030;0,887;12,372;-330958,100;40439,660;-860991,600;120138,800;-98032,630;-840007,600;147654,200;29534,770;-1019107,000;147626,700;110431,700;872794,400;120154,000;-41803,330;985103,400;-330948,600;100625,900;716004,400
19,82;-0,109;1,998;1,315;0,013;-0,700;0,225;0,004;0,007;0,013;0,887;12,372;-331003,300;39838,100;-860351,300;120214,100;-97396,660;-840684,100;147571,500;28890,590;-1018337,000;147556,600;109922,500;873494,900;120227,400;-41169,800;984302,900;-330994,900;99996,930;716613,900
19,84;-0,108;1,986;1,320;0,033;-0,581;0,253;0,045;0,019;-0,042;0,887;12,372;-331197,400;36926,520;-857229,900;120561,400;-94627,790;-843637,300;147204,100;26008,940;-1015533,000;147174,300;107003,000;876595,200;120577,200;-38347,170;981388,300;-331175,600;97133,230;719404,900
19,86;-0,108;1,986;1,320;0,033;-0,581;0,253;0,045;0,019;-0,042;0,887;12,372;-331976,900;23912,350;-843267,400;121922,800;-81814,410;-857179,300;145745,300;12978,080;-1003176,000;145715,400;94549,930;890652,000;121938,700;-25525,340;968625,300;-331955,200;84226,800;732088,600
19,88;-0,108;1,986;1,320;0,033;-0,581;0,253;0,045;0,019;-0,042;0,887;12,372;-332066,400;22206,510;-841446,800;122079,300;-80133,980;-858949,100;145577,400;11274,430;-1001542,000;145547,500;92912,860;892482,000;122095,200;-23844,260;966945,600;-332044,500;82533,330;733762,800
19,90;-0,107;1,965;1,326;0,052;-0,486;0,146;-0,036;0,013;-0,060;0,887;12,372;-332169,100;20188,960;-839320,100;122238,500;-78149,310;-861055,100;145389,400;9245,086;-999295,800;145384,900;90597,670;894760,600;122265,000;-21862,290;964655,300;-332167,600;80497,910;735802,500
19,92;-0,107;1,965;1,326;0,052;-0,486;0,146;-0,036;0,013;-0,060;0,887;12,372;-332759,500;6279,381;-824577,300;123272,700;-64440,110;-875424,300;144277,800;-4600,713;-985804,600;144273,300;77195,060;909541,700;123299,200;-8146,650;950880,500;-332757,900;66668,680;749582,400
19,94;-0,107;1,965;1,326;0,052;-0,486;0,146;-0,036;0,013;-0,060;0,887;12,372;-332819,700;4554,133;-822758,400;123378,100;-62738,910;-877200,900;144164,400;-6313,637;-984115,800;144160,000;75527,460;911361,900;123404,500;-6444,882;949164,800;-332818,200;64951,590;751303,600
19,96;-0,107;1,965;1,326;0,052;-0,486;0,146;-0,036;0,013;-0,060;0,887;12,372;-332850,600;3629,261;-821784,300;123432,500;-61826,720;-878152,700;144105,900;-7231,411;-983209,300;144101,500;74632,840;912336,600;123459,000;-5532,341;948244,200;-332849,100;64030,630;752227,600
19,98;-0,105;1,957;1,327;0,084;-0,392;0,002;-0,140;0,012;-0,096;0,887;12,372;-332910,600;1830,711;-819908,800;123515,300;-59998,770;-880081,700;144003,700;-9059,646;-981222,300;144034,400;72321,910;914459,800;123552,600;-3771,152;946257,600;-332905,800;62242,790;754012,500
20,00;-0,105;1,957;1,327;0,084;-0,392;0,002;-0,140;0,012;-0,096;0,887;12,372;-333224,500;-10645,880;-806844,100;124066,300;-47688,420;-892876,100;143410,300;-21406,520;-968868,900;143440,900;60212,290;927500,000;124103,500;8542,587;933780,900;-333219,800;49808,450;766567,100
20,02;-0,103;1,949;1,325;0,131;-0,361;-0,097;-0,133;0,024;-0,069;0,887;12,372;-333233,500;-11930,880;-805514,600;124108,200;-46295,780;-894329,900;143374,800;-22666,130;-967314,800;143399,300;58705,840;929138,400;124138,200;9829,331;932205,000;-333249,500;48523,820;767852,400
20,04;-0,103;1,949;1,325;0,131;-0,361;-0,097;-0,133;0,024;-0,069;0,887;12,372;-333248,800;-12821,290;-804587,400;124135,200;-45417,000;-895239,500;143345,700;-23544,850;-966425,100;143370,200;57839,040;930061,500;124165,200;10708,420;931310,500;-333264,900;47635,720;768754,500
20,06;-0,103;1,949;1,325;0,131;-0,361;-0,097;-0,133;0,024;-0,069;0,887;12,372;-333282,200;-14927,450;-802396,500;124193,900;-43337,500;-897390,900;143282,400;-25622,750;-964316,800;143306,900;55786,350;932243,000;124223,800;12788,110;929193,300;-333298,300;45533,910;770891,400
20,08;-0,100;1,942;1,323;0,150;-0,332;-0,129;-0,115;0,031;-0,061;0,887;12,372;-333320,400;-17793,450;-799400,600;124272,000;-40507,630;-900315,100;143208,500;-28395,370;-961288,600;143220,800;52878,270;935344,400;124289,400;15605,390;926143,900;-333340,000;42677,370;773817,200
20,10;-0,097;1,937;1,321;0,135;-0,234;-0,159;-0,101;0,026;0,001;0,887;12,372;-333400,000;-31275,130;-785458,300;124403,600;-27204,860;-913989,800;143057,400;-41652,660;-947596,100;143091,400;39697,670;949217,000;124420,800;28922,580;912449,900;-333417,600;29204,700;787633,900
20,12;-0,097;1,937;1,321;0,135;-0,234;-0,159;-0,101;0,026;0,001;0,887;12,372;-333396,700;-33184,840;-783496,500;124397,800;-25316,930;-915925,800;143063,700;-43525,820;-945645,400;143097,600;37821,860;951160,700;124415,100;30810,310;910510,900;-333414,300;27294,360;789601,200
20,14;-0,096;1,936;1,316;0,068;-0,091;-0,235;-0,114;0,010;0,113;0,887;12,372;-333393,500;-35018,740;-781625,000;124381,500;-23232,780;-918019,300;143060,000;-45444,720;-943640,400;143125,200;35919,340;953235,300;124398,000;32681,910;908455,100;-333409,600;25444,970;791485,900
20,16;-0,096;1,936;1,316;0,068;-0,091;-0,235;-0,114;0,010;0,113;0,887;12,372;-333250,000;-48252,740;-768120,100;124129,400;-10142,110;-931380,800;143331,800;-58389,010;-929982,300;143397,100;22866,130;966579,300;124145,800;45770,960;894948,100;-333266,200;12191,630;805223,800
20,18;-0,096;1,936;1,316;0,068;-0,091;-0,235;-0,114;0,010;0,113;0,887;12,372;-333224,900;-49660,270;-766691,100;124085,300;-8749,198;-932797,500;143379,300;-59762,650;-928518,300;143444,600;21473,360;967988,300;124101,900;47163,710;893505,900;-333241,100;10780,790;806693,400
20,20;-0,096;1,936;1,316;0,068;-0,091;-0,235;-0,114;0,010;0,113;0,887;12,372;-333207,400;-50586,020;-765752,100;124054,500;-7832,752;-933729,100;143412,500;-60666,090;-927554,000;143477,800;20556,520;968914,300;124071,000;48079,780;892556,800;-333223,300;9852,567;807661,100
20,22;-0,095;1,933;1,304;0,038;-0,074;-0,348;-0,116;-0,011;0,078;0,887;12,372;-333141,700;-52194,180;-764091,900;124022,400;-6194,125;-935927,100;143480,000;-62678,800;-925387,800;143532,100;18507,770;970912,600;124004,000;49885,160;890609,400;-333184,300;8287,683;809293,000
20,24;-0,095;1,933;1,304;0,038;-0,074;-0,348;-0,116;-0,011;0,078;0,887;12,372;-332799,200;-64726,390;-751458,000;123421,400;6218,561;-948490,900;144127,100;-74876,410;-912214,700;144179,300;6051,352;983336,400;123403,000;62294,250;877699,300;-332841,800;-4290,605;822483,400
20,26;-0,095;1,933;1,304;0,038;-0,074;-0,348;-0,116;-0,011;0,078;0,887;12,372;-332755,800;-66001,430;-750179,300;123345,300;7482,373;-949765,600;144209,000;-76114,910;-910864,800;144261,100;4779,991;984591,600;123326,800;63557,370;876380,700;-332798,300;-5571,677;823833,100
20,28;-0,095;1,933;1,304;0,038;-0,074;-0,348;-0,116;-0,011;0,078;0,887;12,372;-332728,700;-66772,990;-749405,900;123297,900;8246,933;-950536,500;144260,100;-76864,200;-910046,700;144312,200;4010,455;985350,300;123279,500;64321,750;875582,500;-332771,300;-6346,835;824650,400
20,30;-0,095;1,933;1,304;0,038;-0,074;-0,348;-0,116;-0,011;0,078;0,887;12,372;-332660,300;-68655,950;-747520,400;123177,900;10113,460;-952417,300;144389,100;-78692,130;-908048,100;144441,400;2130,770;987199,600;123159,500;66187,270;873633,100;-332702,800;-8239,099;826647,200
20,32;-0,094;1,935;1,297;-0,012;0,108;-0,417;-0,208;-0,044;0,211;0,887;12,372;-332612,400;-69687,440;-746449,500;123095,200;11086,070;-953574,400;144434,100;-79834,740;-906731,600;144480,700;1723,993;988472,000;123096,700;67524,980;872324,900;-332667,500;-9262,145;827738,800
20,34;-0,093;1,939;1,289;0,032;0,194;-0,398;-0,113;0,006;0,091;0,887;12,372;-332073,600;-81941,950;-734292,800;122150,700;23239,250;-965932,300;145499,700;-91790,210;-893474,900;145519,200;-10696,040;1000558,000;122102,600;79822,450;859455,800;-332099,700;-21665,110;840889,400
20,36;-0,093;1,939;1,289;0,032;0,194;-0,398;-0,113;0,006;0,091;0,887;12,372;-332000,800;-83350,530;-732898,900;122023,400;24637,650;-967330,300;145636,400;-93152,270;-891954,700;145656,000;-12112,490;1001919,000;121975,300;81219,910;857984,900;-332026,900;-23083,790;842402,400
20,38;-0,093;1,939;1,289;0,032;0,194;-0,398;-0,113;0,006;0,091;0,887;12,372;-331935,200;-84587,690;-731676,000;121908,600;25865,630;-968557,100;145759,500;-94347,850;-890617,900;145779,000;-13356,980;1003113,000;121860,500;82447,230;856692,100;-331961,400;-24329,870;843732,600
20,40;-0,092;1,945;1,282;0,098;0,365;-0,415;-0,215;-0,014;0,006;0,887;12,372;-331830,700;-86422,530;-729868,100;121719,000;27689,470;-970568,400;145947,800;-96299,520;-888425,900;145966,400;-15191,110;1005061,000;121688,700;84334,660;854700,000;-331855,200;-26199,340;845713,900
20,42;-0,092;1,945;1,282;0,098;0,365;-0,415;-0,215;-0,014;0,006;0,887;12,372;-331095,100;-98302,290;-718207,300;120434,700;39493,100;-982308,900;147323,600;-107757,800;-875466,400;147342,300;-27193,900;1016416,000;120404,400;96130,390;842224,800;-331119,600;-38180,690;858581,600
20,44;-0,092;1,945;1,282;0,098;0,365;-0,415;-0,215;-0,014;0,006;0,887;12,372;-331007,800;-99570,160;-716969,800;120282,500;40753,720;-983558,400;147486,400;-108978,600;-874073,300;147505,000;-28479,090;1017619,000;120252,200;97390,090;840888,400;-331032,300;-39460,670;859962,800
20,46;-0,092;1,945;1,282;0,098;0,365;-0,415;-0,215;-0,014;0,006;0,887;12,372;-330943,800;-100484,400;-716078,400;120170,800;41663,020;-984459,200;147605,800;-109858,700;-873067,600;147624,500;-29406,520;1018485,000;120140,500;98298,400;839924,100;-330968,200;-40384,040;860960,100
20,48;-0,089;1,957;1,274;0,143;0,652;-0,423;-0,244;0,001;-0,049;0,887;12,372;-330809,700;-102394,200;-714218,900;119922,800;43594,910;-986625,600;147881,300;-111930,800;-870691,400;147890,300;-31357,490;1020568,000;119890,800;100250,700;837837,100;-330821,100;-42330,160;863051,600
20,50;-0,086;1,971;1,268;0,175;0,720;-0,337;-0,150;0,023;-0,078;0,887;12,372;-330693,600;-103991,200;-712681,500;119723,500;45152,120;-988315,900;148128,500;-113469,600;-868915,800;148117,600;-33000,160;1022182,000;119665,200;101674,600;836315,400;-330700,200;-43926,780;864800,600
20,52;-0,086;1,971;1,268;0,175;0,720;-0,337;-0,150;0,023;-0,078;0,887;12,372;-329694,100;-116246,700;-700842,400;117985,900;57353,270;-1000335,000;149981,700;-125240,600;-855272,300;149970,600;-45497,340;1033653,000;117927,700;113865,700;823308,300;-329700,700;-56323,250;878293,400
20,54;-0,086;1,971;1,268;0,175;0,720;-0,337;-0,150;0,023;-0,078;0,887;12,372;-329590,200;-117412,100;-699723,700;117805,600;58514,590;-1001475,000;150173,600;-126358,400;-853964,600;150162,700;-46689,900;1034734,000;117747,400;115026,000;822066,300;-329596,700;-57503,540;879584,600
20,56;-0,086;1,971;1,268;0,175;0,720;-0,337;-0,150;0,023;-0,078;0,887;12,372;-329520,300;-118186,400;-698981,300;117684,400;59286,450;-1002232,000;150302,600;-127100,900;-853095,100;150291,700;-47482,800;1035453,000;117626,200;115796,900;821240,700;-329526,800;-58287,920;880443,400
20,58;-0,086;1,971;1,268;0,175;0,720;-0,337;-0,150;0,023;-0,078;0,887;12,372;-329324,900;-120312,000;-696945,600;117345,600;61404,750;-1004308,000;150663,000;-129138,500;-850703,400;150652,000;-49660,680;1037420,000;117287,300;117913,600;818972,300;-329331,400;-60441,260;882803,800
20,60;-0,080;2,005;1,260;0,148;0,842;-0,143;-0,037;0,014;0,004;0,887;12,372;-329270,800;-121140,000;-696185,600;117204,000;62218,700;-1005404,000;150844,800;-129810,800;-849825,200;150793,600;-50474,870;1038460,000;117176,500;118566,500;818251,600;-329260,800;-61225,230;883698,400
20,62;-0,080;2,005;1,260;0,148;0,842;-0,143;-0,037;0,014;0,004;0,887;12,372;-327810,300;-135317,000;-682737,700;114679,200;76367,050;-1019199,000;153522,100;-143376,100;-833697,400;153470,800;-65074,980;1051424,000;114651,700;132700,800;803033,400;-327800,200;-75613,690;899588,600
20,64;-0,080;2,005;1,260;0,148;0,842;-0,143;-0,037;0,014;0,004;0,887;12,372;-327656,100;-136685,900;-681450,100;114413,400;77734,650;-1020527,000;153803,200;-144683,900;-832125,400;153752,000;-66490,740;1052662,000;114385,800;134066,700;801557,100;-327646,000;-77005,010;901135,200
20,66;-0,077;2,022;1,259;0,138;0,869;-0,068;-0,088;0,007;0,078;0,887;12,372;-327584,100;-137353,700;-680830,100;114268,600;78436,170;-1021370,000;153938,600;-145285,000;-831330,400;153897,900;-67141,960;1053453,000;114242,500;134781,500;800816,100;-327565,900;-77708,720;902113,900
20,68;-0,077;2,022;1,259;0,138;0,869;-0,068;-0,088;0,007;0,078;0,887;12,372;-326190,100;-148769,900;-670182,900;111872,300;89855,410;-1032406,000;156465,400;-156179,500;-818097,600;156424,800;-78999,270;1063678,000;111846,200;146187,600;788441,300;-326172,000;-89331,530;915116,400
20,70;-0,074;2,040;1,260;0,131;0,912;0,012;-0,067;0,010;0,111;0,887;12,372;-326073,100;-149583,500;-669434,100;111680,600;90683,520;-1033431,000;156672,400;-156924,100;-817099,900;156626,500;-79881,700;1064623,000;111644,600;147098,000;787496,300;-326055,500;-90172,440;916350,500
20,72;-0,074;2,040;1,260;0,131;0,912;0,012;-0,067;0,010;0,111;0,887;12,372;-325985,700;-150246,900;-668820,800;111530,900;91347,970;-1034070,000;156829,900;-157556,700;-816323,700;156783,900;-80573,690;1065211,000;111494,700;147761,700;786773,600;-325968,200;-90849,130;917112,400
20,74;-0,071;2,056;1,261;0,131;0,807;0,070;0,010;-0,004;0,102;0,887;12,372;-325590,300;-153224,100;-666064,100;110858,900;94273,840;-1037015,000;157520,300;-160184,500;-812995,000;157490,200;-83688,700;1067900,000;110842,800;150654,700;783610,900;-325582,200;-93835,340;920633,800
20,76;-0,071;2,056;1,261;0,131;0,807;0,070;0,010;-0,004;0,102;0,887;12,372;-324018,300;-164109,400;-656119,600;108176,000;105192,600;-1047464,000;160329,400;-170548,300;-800105,800;160299,300;-95102,150;1077415,000;108160,000;161559,800;771680,400;-324010,300;-104959,600;933266,900
20,78;-0,071;2,056;1,261;0,131;0,807;0,070;0,010;-0,004;0,102;0,887;12,372;-323740,800;-165912,400;-654487,400;107703,600;107003,200;-1049190,000;160822,500;-172263,600;-797951,800;160792,400;-97000,000;1078974,000;107687,700;163368,200;769695,100;-323732,700;-106804,900;935376,100
20,80;-0,067;2,072;1,263;0,149;0,801;0,100;-0,047;-0,004;0,121;0,887;12,372;-323617,600;-166695,500;-653798,700;107487,700;107810,800;-1050117,000;161030,800;-172957,900;-796993,400;161014,400;-97787,190;1079820,000;107463,000;164231,200;768785,900;-323604,100;-107619,100;936521,600
20,82;-0,067;2,072;1,263;0,149;0,801;0,100;-0,047;-0,004;0,121;0,887;12,372;-323442,700;-167803,400;-652799,400;107190,500;108924,200;-1051177,000;161340,500;-174011,700;-795664,800;161324,300;-98955,460;1080774,000;107165,900;165343,200;767563,500;-323429,200;-108754,100;937822,200
20,84;-0,064;2,085;1,266;0,163;0,678;0,139;-0,015;-0,004;0,095;0,887;12,372;-323214,500;-169200,400;-651535,700;106816,100;110311,800;-1052619,000;161730,300;-175234,200;-794042,600;161722,200;-100468,300;1082065,000;106790,600;166733,800;766070,900;-323206,600;-110163,600;939589,600
20,86;-0,064;2,085;1,266;0,163;0,678;0,139;-0,015;-0,004;0,095;0,887;12,372;-321407,600;-179831,800;-642061,900;103758,700;121011,600;-1062749,000;164905,100;-185338,800;-781152,300;164897,000;-111729,800;1091101,000;103733,300;177418,800;754276,900;-321399,800;-121076,300;952197,600
20,88;-0,064;2,085;1,266;0,163;0,678;0,139;-0,015;-0,004;0,095;0,887;12,372;-321241,700;-180753,900;-641248,300;103478,900;121940,600;-1063625,000;165194,700;-186214,700;-780024,200;165186,600;-112710,200;1091876,000;103453,500;178346,700;753249,300;-321233,800;-122024,500;953300,400
20,90;-0,064;2,085;1,266;0,163;0,678;0,139;-0,015;-0,004;0,095;0,887;12,372;-321125,700;-181393,400;-640685,100;103283,400;122585,300;-1064233,000;165397,000;-186822,300;-779240,800;165388,900;-113390,500;1092413,000;103257,900;178990,400;752536,100;-321117,900;-122682,300;954066,300
20,92;-0,064;2,085;1,266;0,163;0,678;0,139;-0,015;-0,004;0,095;0,887;12,372;-320771,200;-183323,600;-638988,800;102686,300;124531,600;-1066066,000;166014,200;-188655,800;-776871,300;166006,100;-115445,900;1094029,000;102660,900;180933,800;750381,300;-320763,400;-124668,400;956382,200
20,94;-0,056;2,110;1,273;0,192;0,573;0,199;0,009;0,008;0,064;0,887;12,372;-320544,400;-184503,500;-637959,000;102316,300;125717,900;-1067453,000;166388,000;-189669,500;-775405,300;166392,700;-116704,600;1095247,000;102283,400;182186,000;749052,200;-320539,300;-125887,900;958140,000
20,96;-0,056;2,110;1,273;0,192;0,573;0,199;0,009;0,008;0,064;0,887;12,372;-318626,600;-194212,600;-629548,800;99101,830;135525,600;-1076640,000;169696,000;-198889,100;-763338,900;169700,500;-127094,400;1103252,000;99069,080;191979,100;738147,000;-318621,500;-135902,300;969926,500
20,98;-0,056;2,110;1,273;0,192;0,573;0,199;0,009;0,008;0,064;0,887;12,372;-318401,100;-195294,900;-628622,100;98725,270;136620,400;-1077661,000;170082,200;-199916,700;-761980,900;170086,800;-128256,900;1104133,000;98692,490;193072,300;736925,700;-318395,900;-137020,600;971252,300
21,00;-0,056;2,110;1,273;0,192;0,573;0,199;0,009;0,008;0,064;0,887;12,372;-318277,900;-195881,000;-628121,100;98519,710;137213,500;-1078214,000;170292,800;-200473,100;-761244,600;170297,500;-128886,700;1104610,000;98486,930;193664,400;736263,900;-318272,700;-137626,400;971971,400
21,02;-0,056;2,110;1,273;0,192;0,573;0,199;0,009;0,008;0,064;0,887;12,372;-317765,300;-198284,000;-626074,300;97665,200;139646,000;-1080479,000;171167,800;-202754,500;-758216,800;171172,500;-131472,300;1106556,000;97632,440;196093,300;733546,400;-317760,200;-140111,800;974927,600
21,04;-0,052;2,122;1,278;0,202;0,600;0,229;-0,023;0,015;0,076;0,887;12,372;-317548,700;-199282,400;-625242,400;97294,090;140682,000;-1081584,000;171548,800;-203708,400;-756875,400;171544,000;-132507,200;1107511,000;97258,530;197193,300;732347,300;-317534,000;-141172,500;976388,200
21,06;-0,047;2,132;1,283;0,208;0,520;0,261;0,030;0,026;0,047;0,887;12,372;-315329,100;-208910,700;-617179,300;93632,280;150432,100;-1090718,000;175299,600;-212769,700;-744620,800;175284,600;-142963,000;1115245,000;93589,020;206935,400;721425,400;-315323,100;-151144,200;988514,100
21,08;-0,047;2,132;1,283;0,208;0,520;0,261;0,030;0,026;0,047;0,887;12,372;-315045,200;-210080,000;-616215,600;93163,620;151620,500;-1091813,000;175775,100;-213880,000;-743110,300;175760,100;-144233,100;1116162,000;93120,270;208121,800;720087,000;-315039,100;-152359,500;989988,500
21,10;-0,047;2,132;1,283;0,208;0,520;0,261;0,030;0,026;0,047;0,887;12,372;-314779,900;-211159,000;-615329,400;92726,260;152717,900;-1092823,000;176218,400;-214905,000;-741712,800;176203,500;-145406,500;1117005,000;92683,020;209217,100;718850,600;-314773,800;-153482,200;991353,000
21,12;-0,047;2,132;1,283;0,208;0,520;0,261;0,030;0,026;0,047;0,887;12,372;-314552,000;-212076,700;-614577,800;92350,850;153651,200;-1093682,000;176598,700;-215776,800;-740521,700;176583,800;-146404,700;1117720,000;92307,530;210149,100;717797,800;-314546,000;-154436,900;992515,400
21,14;-0,043;2,143;1,289;0,218;0,545;0,305;0,010;0,027;0,056;0,887;12,372;-314369,400;-212818,900;-613981,600;92033,290;154424,000;-1094526,000;176914,700;-216474,300;-739498,800;176894,400;-147181,300;1118425,000;91990,070;210971,600;716895,300;-314353,500;-155227,100;993665,800
21,16;-0,043;2,143;1,289;0,218;0,545;0,305;0,010;0,027;0,056;0,887;12,372;-311997,900;-221786,100;-606775,300;88147,520;163564,600;-1102889,000;180831,700;-224995,900;-727707,800;180811,400;-156983,700;1125286,000;88104,330;220096,100;706545,400;-311982,000;-164583,400;1005180,000
21,18;-0,043;2,143;1,289;0,218;0,545;0,305;0,010;0,027;0,056;0,887;12,372;-311738,100;-222717,900;-606039,300;87723,630;164515,900;-1103755,000;181257,300;-225881,800;-726468,400;181237,100;-158006,200;1125988,000;87680,380;221045,900;705464,300;-311722,000;-165557,600;1006390,000
21,20;-0,038;2,155;1,297;0,233;0,622;0,368;0,008;0,033;0,055;0,887;12,372;-311606,200;-223148,000;-605707,000;87506,150;164971,300;-1104349,000;181484,800;-226301,700;-725811,100;181453,600;-158507,800;1126470,000;87452,590;221576,700;704889,800;-311585,400;-166028,800;1007229,000
21,22;-0,038;2,155;1,297;0,233;0,622;0,368;0,008;0,033;0,055;0,887;12,372;-311142,700;-224774,300;-604432,100;86751,610;166633,500;-1105860,000;182241,000;-227848,200;-723637,500;182209,800;-160295,600;1127686,000;86698,070;223235,700;702998,500;-311121,800;-167731,100;1009353,000
21,24;-0,033;2,167;1,305;0,242;0,582;0,416;0,058;0,039;0,034;0,887;12,372;-310697,600;-226299,000;-603223,500;86044,620;168165,800;-1107363,000;182955,100;-229178,600;-721683,700;182928,800;-161990,300;1128881,000;85989,340;224743,700;701301,600;-310686,800;-169303,100;1011466,000
21,26;-0,033;2,167;1,305;0,242;0,582;0,416;0,058;0,039;0,034;0,887;12,372;-308156,000;-234566,800;-596921,400;81936,130;176640,400;-1115015,000;187047,900;-237050,200;-710439,800;187021,600;-171131,500;1134906,000;81880,820;233201,600;691610,500;-308145,300;-177989,000;1022461,000
21,28;-0,033;2,167;1,305;0,242;0,582;0,416;0,058;0,039;0,034;0,887;12,372;-307877,400;-235425,700;-596281,200;81488,020;177522,700;-1115808,000;187492,300;-237868,600;-709256,600;187466,000;-172085,000;1135519,000;81432,820;234081,900;690597,900;-307866,800;-178893,700;1023619,000
21,30;-0,033;2,167;1,305;0,242;0,582;0,416;0,058;0,039;0,034;0,887;12,372;-307707,400;-235945,400;-595894,900;81214,740;178056,900;-1116287,000;187763,200;-238364,000;-708539,100;187736,800;-172662,500;1135890,000;81159,510;234615,000;689984,600;-307696,700;-179441,500;1024321,000
21,32;-0,028;2,178;1,314;0,255;0,591;0,471;0,029;0,034;0,049;0,887;12,372;-307158,200;-237609,300;-594676,200;80318,130;179782,300;-1117949,000;188648,900;-239903,400;-706216,900;188613,300;-174480,400;1137172,000;80268,090;236357,100;688004,500;-307139,900;-181202,200;1026771,000
21,34;-0,023;2,188;1,324;0,253;0,481;0,504;0,062;0,043;0,005;0,887;12,372;-306838,600;-238545,500;-593990,300;79822,890;180726,100;-1118883,000;189130,900;-240722,200;-704967,100;189114,600;-175529,700;1137880,000;79783,150;237267,900;686967,000;-306828,300;-182171,800;1028142,000
21,36;-0,023;2,188;1,324;0,253;0,481;0,504;0,062;0,043;0,005;0,887;12,372;-303885,100;-246784,900;-588122,100;75118,410;189224,900;-1126449,000;193758,900;-248589,700;-693330,100;193742,600;-184746,500;1143537,000;75078,680;245746,800;677147,300;-303874,700;-190892,800;1039551,000
21,38;-0,023;2,188;1,324;0,253;0,481;0,504;0,062;0,043;0,005;0,887;12,372;-303520,800;-247741,500;-587461,800;74541,690;190213,900;-1127324,000;194323,400;-249504,200;-691957,800;194307,200;-185821,100;1144175,000;74501,780;246733,500;675999,600;-303510,600;-191908,100;1040898,000
21,40;-0,023;2,188;1,324;0,253;0,481;0,504;0,062;0,043;0,005;0,887;12,372;-303313,900;-248279,100;-587093,000;74214,360;190770,200;-1127815,000;194643,500;-250018,600;-691184,000;194627,300;-186425,900;1144533,000;74174,630;247288,200;675353,900;-303303,700;-192479,400;1041658,000
21,42;-0,013;2,204;1,346;0,239;0,344;0,574;0,078;0,039;-0,028;0,887;12,372;-302756,800;-249708,300;-586131,500;73334,560;192241,700;-1129292,000;195501,600;-251325,800;-689110,700;195486,300;-188031,300;1145598,000;73308,910;248754,400;673663,400;-302747,300;-193990,400;1043946,000
21,44;-0,013;2,204;1,346;0,239;0,344;0,574;0,078;0,039;-0,028;0,887;12,372;-299707,600;-257019,200;-581349,400;68550,880;199832,600;-1135949,000;200149,100;-258333,000;-678357,100;200133,800;-196302,500;1150270,000;68525,090;256323,400;664801,100;-299698,200;-201786,900;1054530,000
21,46;-0,013;2,204;1,346;0,239;0,344;0,574;0,078;0,039;-0,028;0,887;12,372;-299318,600;-257895,900;-580799,300;67944,390;200745,400;-1136744,000;200735,500;-259174,800;-677044,700;200720,000;-197298,900;1150812,000;67918,650;257233,400;663730,600;-299309,200;-202724,600;1055825,000
21,48;-0,013;2,204;1,346;0,239;0,344;0,574;0,078;0,039;-0,028;0,887;12,372;-299042,700;-258510,400;-580417,100;67514,700;201385,500;-1137301,000;201150,400;-259765,000;-676121,600;201134,900;-197998,100;1151189,000;67488,960;257871,500;662979,300;-299033,200;-203382,400;1056735,000
21,50;-0,013;2,204;1,346;0,239;0,344;0,574;0,078;0,039;-0,028;0,887;12,372;-298666,100;-259339,400;-579905,600;66928,860;202249,800;-1138052,000;201715,600;-260561,500;-674871,900;201700,300;-198942,100;1151694,000;66903,150;258732,800;661964,400;-298656,600;-204270,300;1057969,000
21,52;-0,008;2,211;1,358;0,240;0,369;0,621;0,060;0,027;0,014;0,887;12,372;-298203,900;-260332,500;-579318,300;66196,950;203310,500;-1139065,000;202421,500;-261540,200;-673285,800;202387,000;-200029,900;1152377,000;66164,770;259833,200;660677,600;-298186,500;-205354,500;1059660,000
21,54;-0,008;2,211;1,358;0,240;0,369;0,621;0,060;0,027;0,014;0,887;12,372;-294885,300;-267046,500;-575445,500;61079,710;210336,900;-1145117,000;207325,200;-268007,700;-662907,600;207290,700;-207721,800;1156258,000;61047,580;266832,500;652376,600;-294868,000;-212574,500;1069936,000
21,56;-0,004;2,220;1,372;0,243;0,437;0,691;0,064;0,028;0,018;0,887;12,372;-294630,400;-267485,300;-575216,300;60692,850;210815,100;-1145659,000;207711,400;-268442,600;-662125,800;207661,300;-208269,300;1156593,000;60635,800;267372,400;651747,100;-294608,300;-213068,900;1070890,000
21,58;-0,004;2,220;1,372;0,243;0,437;0,691;0,064;0,028;0,018;0,887;12,372;-294430,600;-267860,300;-575014,500;60386,900;211209,000;-1145995,000;208002,800;-268804,800;-661532,200;207952,700;-208701,400;1156799,000;60329,770;267764,600;651279,100;-294408,300;-213473,600;1071479,000
21,60;0,001;2,227;1,386;0,216;0,367;0,738;0,107;0,039;-0,043;0,887;12,372;-293529,300;-269526,400;-574119,300;59023,790;212928,600;-1147548,000;209299,400;-270342,000;-658947,400;209267,000;-210649,800;1157723,000;58975,840;269425,100;649289,900;-293513,700;-215253,500;1074196,000
21,62;0,001;2,227;1,386;0,216;0,367;0,738;0,107;0,039;-0,043;0,887;12,372;-289958,300;-275571,400;-571219,600;53615,310;219308,800;-1152931,000;214411,200;-276198,700;-649057,000;214378,900;-217664,500;1160764,000;53567,390;275771,300;641654,800;-289942,600;-221806,800;1084067,000
21,64;0,001;2,227;1,386;0,216;0,367;0,738;0,107;0,039;-0,043;0,887;12,372;-289632,800;-276083,400;-570997,300;53125,960;219851,000;-1153384,000;214871,200;-276695,900;-648198,300;214838,800;-218261,800;1161004,000;53078,010;276310,300;641002,300;-289617,200;-222363,600;1084927,000
21,66;0,005;2,234;1,402;0,206;0,361;0,804;0,076;0,026;-0,023;0,887;12,372;-289083,800;-276937,200;-570649,300;52282,940;220766,600;-1154220,000;215659,500;-277523,000;-646727,900;215614,400;-219222,700;1161442,000;52237,830;277209,200;639903,200;-289058,300;-223292,500;1086539,000
21,68;0,008;2,239;1,418;0,171;0,262;0,843;0,115;0,030;-0,073;0,887;12,372;-288466,700;-277866,200;-570270,000;51370,880;221741,100;-1155088,000;216511,200;-278400,600;-645181,100;216478,900;-220328,700;1161879,000;51346,010;278124,200;638768,400;-288451,800;-224292,600;1088206,000
21,70;0,008;2,239;1,418;0,171;0,262;0,843;0,115;0,030;-0,073;0,887;12,372;-284664,000;-283131,000;-568444,500;45722,790;227352,300;-1159701,000;221773,000;-283535,200;-635940,900;221740,700;-226525,800;1163996,000;45697,940;283691,700;631951,700;-284649,100;-230044,900;1097530,000
21,72;0,008;2,239;1,418;0,171;0,262;0,843;0,115;0,030;-0,073;0,887;12,372;-284240,300;-283669,700;-568292,600;45098,540;227928,700;-1160169,000;222351,300;-284062,100;-634964,800;222319,100;-227163,600;1164186,000;45073,550;284263,000;631246,600;-284225,400;-230634,900;1098519,000
21,74;0,008;2,239;1,418;0,171;0,262;0,843;0,115;0,030;-0,073;0,887;12,372;-283998,000;-283973,600;-568210,200;44741,870;228254,300;-1160432,000;222681,400;-284359,500;-634411,300;222649,000;-227524,000;1164291,000;44716,980;284585,500;630847,900;-283983,200;-230968,100;1099081,000
21,76;0,013;2,247;1,454;0,113;0,142;0,936;0,150;0,015;-0,096;0,887;12,372;-283521,600;-284555,200;-568071,300;44046,050;228876,200;-1161039,000;223324,100;-284925,200;-633345,900;223290,000;-228205,600;1164525,000;44033,520;285147,500;630097,300;-283512,800;-231601,500;1100385,000
21,78;0,013;2,247;1,454;0,113;0,142;0,936;0,150;0,015;-0,096;0,887;12,372;-279591,400;-288967,700;-567292,500;38318,410;233627,700;-1164823,000;228588,500;-289257,000;-624952,300;228554,300;-233477,100;1165735,000;38305,740;289844,800;624227,100;-279582,600;-236451,600;1108968,000
21,80;0,013;2,247;1,454;0,113;0,142;0,936;0,150;0,015;-0,096;0,887;12,372;-279122,300;-289445,400;-567252,300;37640,310;234144,400;-1165228,000;229208,200;-289727,200;-624006,300;229174,100;-234052,100;1165834,000;37627,640;290354,800;623583,000;-279113,400;-236977,800;1109942,000
21,82;0,013;2,247;1,454;0,113;0,142;0,936;0,150;0,015;-0,096;0,887;12,372;-278866,200;-289701,800;-567235,100;37270,700;234422,100;-1165445,000;229545,700;-289979,700;-623494,900;229511,600;-234361,000;1165883,000;37258,010;290628,600;623236,700;-278857,300;-237260,300;1110469,000
21,84;0,014;2,249;1,473;0,100;0,122;0,990;0,138;-0,003;-0,073;0,887;12,372;-278287,800;-290267,700;-567223,700;36421,460;235045,800;-1165974,000;230316,000;-290559,300;-622317,800;230268,900;-235019,000;1165995,000;36397,720;291236,000;622434,400;-278268,300;-237888,500;1111786,000
21,86;0,014;2,249;1,473;0,100;0,122;0,990;0,138;-0,003;-0,073;0,887;12,372;-274334,500;-293745,900;-567474,000;30773,630;238836,700;-1168861,000;235436,800;-293995,400;-614978,400;235389,800;-239249,100;1166304,000;30749,890;294961,400;617648,700;-274315,200;-241725,000;1119422,000
21,88;0,016;2,252;1,494;0,096;0,143;1,062;0,132;-0,007;-0,068;0,887;12,372;-273960,600;-294009,700;-567552,100;30245,300;239142,000;-1169147,000;235923,400;-294285,100;-614311,300;235867,200;-239599,800;1166298,000;30196,990;295268,600;617218,200;-273934,000;-242027,400;1120250,000
21,90;0,016;2,252;1,494;0,096;0,143;1,062;0,132;-0,007;-0,068;0,887;12,372;-273706,900;-294205,300;-567597,800;29886,450;239356,800;-1169306,000;236246,800;-294478,800;-613872,600;236190,500;-239840,100;1166292,000;29838,100;295478,700;616943,600;-273680,300;-242243,300;1120711,000
21,92;0,017;2,253;1,516;0,070;0,084;1,107;0,180;-0,009;-0,110;0,887;12,372;-272844,400;-294847,400;-567766,100;28688,240;240048,500;-1169856,000;237329,900;-295091,900;-612459,400;237283,400;-240646,800;1166251,000;28652,460;296101,100;616073,400;-272831,600;-242953,000;1122320,000
21,94;0,017;2,253;1,516;0,070;0,084;1,107;0,180;-0,009;-0,110;0,887;12,372;-268818,000;-297467,100;-569012,700;23055,470;242947,900;-1171910,000;242366,700;-297694,100;-606069,900;242320,200;-243911,000;1165695,000;23019,770;298920,600;612297,100;-268805,400;-245837,500;1129122,000
21,96;0,017;2,253;1,516;0,070;0,084;1,107;0,180;-0,009;-0,110;0,887;12,372;-268313,400;-297751,700;-569215,900;22355,450;243265,600;-1172125,000;242989,300;-297977,300;-605321,400;242942,800;-244270,400;1165584,000;22319,700;299227,400;611876,300;-268300,600;-246150,000;1129928,000
21,98;0,017;2,253;1,516;0,070;0,084;1,107;0,180;-0,009;-0,110;0,887;12,372;-268021,400;-297911,900;-569338,100;21951,110;243444,700;-1172245,000;243348,500;-298136,700;-604893,800;243302,000;-244473,000;1165516,000;21915,280;299400,200;611638,300;-268008,600;-246325,800;1130390,000
22,00;0,019;2,256;1,560;0,059;0,094;1,121;0,175;0,007;-0,042;0,887;12,372;-267315,400;-298370,600;-569599,900;20924,690;243924,700;-1172587,000;244256,900;-298469,400;-603884,700;244228,600;-244953,600;1165301,000;20897,970;299766,800;611056,400;-267265,900;-246747,300;1131729,000
22,02;0,019;2,256;1,560;0,059;0,094;1,121;0,175;0,007;-0,042;0,887;12,372;-263091,200;-300215,400;-571875,600;15142,550;246013,500;-1173868,000;249356,500;-300305,300;-598272,300;249328,200;-247343,200;1163868,000;15115,870;301756,000;608190,900;-263041,700;-248748,400;1137893,000
22,04;0,019;2,256;1,560;0,059;0,094;1,121;0,175;0,007;-0,042;0,887;12,372;-262497,900;-300424,800;-572248,300;14337,780;246254,000;-1173999,000;250062,300;-300513,200;-597545,200;250034,000;-247621,500;1163620,000;14311,060;301981,600;607849,600;-262448,400;-248972,200;1138704,000
22,06;0,019;2,256;1,560;0,059;0,094;1,121;0,175;0,007;-0,042;0,887;12,372;-262118,100;-300552,500;-572493,600;13823,600;246401,400;-1174077,000;250512,800;-300640,300;-597087,100;250484,400;-247792,300;1163455,000;13796,900;302119,300;607638,700;-262068,600;-249108,300;1139217,000
22,08;0,019;2,256;1,560;0,059;0,094;1,121;0,175;0,007;-0,042;0,887;12,372;-261565,400;-300730,100;-572859,600;13076,600;246606,400;-1174182,000;251166,500;-300816,200;-596431,700;251138,000;-248030,900;1163207,000;13049,830;302310,000;607342,800;-261515,900;-249296,100;1139953,000
22,10;0,022;2,261;1,601;0,055;0,125;0,978;0,083;0,040;-0,002;0,887;12,372;-261028,100;-300923,100;-573197,900;12343,370;246809,900;-1174297,000;251789,900;-300921,700;-595841,200;251779,600;-248251,000;1162893,000;12351,330;302465,100;607066,900;-260976,900;-249463,700;1140826,000
22,12;0,022;2,261;1,601;0,055;0,125;0,978;0,083;0,040;-0,002;0,887;12,372;-256491,800;-301904,400;-576708,300;6286,158;247983,800;-1174697,000;257052,400;-301884,100;-591054,300;257042,000;-249658,700;1160415,000;6294,076;303511,800;605227,800;-256440,700;-250449,500;1146344,000
22,14;0,022;2,261;1,601;0,055;0,125;0,978;0,083;0,040;-0,002;0,887;12,372;-256063,600;-301963,400;-577075,300;5719,706;248058,400;-1174702,000;257541,700;-301940,500;-590644,900;257531,300;-249752,400;1160149,000;5727,669;303573,700;605096,200;-256012,500;-250502,800;1146827,000
22,16;0,022;2,261;1,601;0,055;0,125;0,978;0,083;0,040;-0,002;0,887;12,372;-255763,600;-302001,500;-577336,100;5323,373;248106,900;-1174702,000;257883,900;-301976,700;-590362,300;257873,500;-249814,100;1159960,000;5331,307;303613,300;605008,400;-255712,600;-250536,200;1147162,000
22,18;0,022;2,263;1,619;0,051;0,100;0,899;0,036;0,034;-0,006;0,887;12,372;-255068,500;-302069,500;-577977,800;4402,727;248189,700;-1174688,000;258658,800;-302034,000;-589726,500;258642,500;-249939,800;1159467,000;4424,535;303668,600;604830,700;-255021,900;-250596,200;1147999,000
22,20;0,022;2,263;1,619;0,051;0,100;0,899;0,036;0,034;-0,006;0,887;12,372;-250713,500;-302217,600;-582190,400;-1283,453;248455,700;-1174290,000;263534,800;-302139,100;-586142,600;263518,500;-250362,300;1156341,000;-1261,745;303794,400;604066,800;-250667,000;-250595,700;1152400,000
22,22;0,022;2,263;1,619;0,051;0,100;0,899;0,036;0,034;-0,006;0,887;12,372;-250281,600;-302201,800;-582640,200;-1842,229;248449,100;-1174220,000;264011,500;-302117,900;-585826,400;263995,200;-250368,700;1156003,000;-1820,460;303773,100;604029,400;-250235,100;-250559,200;1152801,000
22,24;0,023;2,264;1,636;0,048;0,054;0,849;0,002;0,030;-0,027;0,887;12,372;-250072,300;-302177,300;-582912,900;-2110,375;248412,200;-1174167,000;264233,300;-302080,300;-585703,900;264213,300;-250362,700;1155768,000;-2094,221;303722,900;604027,900;-250029,200;-250523,900;1153073,000
22,26;0,023;2,264;1,636;0,048;0,054;0,849;0,002;0,030;-0,027;0,887;12,372;-249112,600;-302115,600;-583940,800;-3347,558;248367,600;-1173986,000;265286,700;-302004,700;-585036,600;265266,700;-250345,000;1154991,000;-3331,404;303645,200;603979,800;-249069,400;-250409,400;1153934,000
22,28;0,024;2,264;1,652;0,044;0,026;0,784;0,017;0,038;-0,023;0,887;12,372;-248588,000;-302078,600;-584506,800;-4006,396;248331,200;-1173870,000;265852,200;-301946,900;-584720,800;265844,400;-250308,300;1154516,000;-3981,658;303566,400;603971,400;-248558,800;-250335,200;1154434,000
22,30;0,024;2,264;1,652;0,044;0,026;0,784;0,017;0,038;-0,023;0,887;12,372;-244268,300;-301414,500;-589540,100;-9507,781;247705,300;-1172667,000;270504,700;-301197,700;-582223,900;270496,900;-249772,400;1150653,000;-9483,001;302781,800;604250,600;-244239,000;-249346,600;1157862,000
22,32;0,024;2,264;1,652;0,044;0,026;0,784;0,017;0,038;-0,023;0,887;12,372;-243836,100;-301320,100;-590073,100;-10053,380;247611,700;-1172518,000;270963,900;-301093,000;-582010,900;270956,100;-249685,600;1150240,000;-10028,660;302671,700;604314,600;-243806,800;-249213,100;1158172,000
22,34;0,024;2,264;1,652;0,044;0,026;0,784;0,017;0,038;-0,023;0,887;12,372;-243320,100;-301200,900;-590716,300;-10703,450;247492,900;-1172335,000;271510,500;-300960,900;-581765,600;271502,600;-249574,400;1149741,000;-10678,560;302532,800;604399,500;-243290,900;-249045,700;1158535,000
22,36;0,024;2,264;1,652;0,044;0,026;0,784;0,017;0,038;-0,023;0,887;12,372;-242707,700;-301050,100;-591489,400;-11473,440;247341,400;-1172107,000;272157,100;-300794,200;-581486,800;272149,400;-249431,500;1149140,000;-11448,580;302357,400;604512,100;-242678,400;-248835,600;1158954,000
22,38;0,025;2,263;1,681;0,042;-0,014;0,698;0,028;0,025;-0,003;0,887;12,372;-242362,000;-300969,700;-591939,300;-11894,780;247254,600;-1171929,000;272512,700;-300699,100;-581325,100;272503,700;-249331,700;1148686,000;-11864,970;302220,000;604585,400;-242346,900;-248707,800;1159261,000
22,40;0,025;2,263;1,681;0,042;-0,014;0,698;0,028;0,025;-0,003;0,887;12,372;-237049,100;-299188,500;-599139,600;-18489,150;245414,000;-1169477,000;278013,500;-298740,400;-579541,500;278004,700;-247530,600;1143024,000;-18459,330;300159,400;606177,400;-237033,900;-246291,900;1162333,000
22,42;0,025;2,263;1,681;0,042;-0,014;0,698;0,028;0,025;-0,003;0,887;12,372;-236595,500;-299003,100;-599789,100;-19045,940;245219,400;-1169234,000;278475,400;-298536,800;-579434,400;278466,500;-247337,500;1142509,000;-19016,090;299945,500;606356,800;-236580,400;-246043,600;1162555,000
22,44;0,025;2,263;1,681;0,042;-0,014;0,698;0,028;0,025;-0,003;0,887;12,372;-236307,100;-298882,300;-600204,900;-19399,580;245092,700;-1169076,000;278768,500;-298404,300;-579370,000;278759,600;-247211,100;1142179,000;-19369,730;299806,100;606474,400;-236292,000;-245882,200;1162693,000
22,46;0,026;2,262;1,694;0,038;-0,062;0,670;-0,004;0,006;-0,015;0,887;12,372;-235482,900;-298522,400;-601442,600;-20418,890;244702,900;-1168568,000;279611,500;-298008,600;-579185,100;279582,100;-246845,700;1141132,000;-20399,210;299366,600;606839,600;-235458,200;-245391,400;1163108,000
22,48;0,027;2,261;1,707;0,036;-0,055;0,624;0,013;0,014;0,004;0,887;12,372;-230920,900;-296240,400;-608400,000;-25927,160;242279,600;-1165665,000;284147,200;-295489,400;-578695,400;284134,500;-244386,000;1135505,000;-25904,670;296730,800;609182,600;-230904,800;-242363,800;1164840,000
22,50;0,027;2,261;1,707;0,036;-0,055;0,624;0,013;0,014;0,004;0,887;12,372;-230435,500;-295966,500;-609173,400;-26509,490;241986,800;-1165328,000;284624,500;-295188,400;-578683,600;284612,100;-244089,800;1134882,000;-26486,820;296415,300;609472,600;-230419,200;-242002,600;1164986,000
22,52;0,027;2,261;1,707;0,036;-0,055;0,624;0,013;0,014;0,004;0,887;12,372;-230097,400;-295772,500;-609715,200;-26914,290;241779,300;-1165089,000;284956,100;-294975,200;-578679,900;284943,600;-243879,600;1134445,000;-26891,610;296191,600;609679,100;-230081,100;-241746,600;1165084,000
22,54;0,027;2,261;1,707;0,036;-0,055;0,624;0,013;0,014;0,004;0,887;12,372;-229170,500;-295226,200;-611215,900;-28021,470;241194,000;-1164421,000;285862,100;-294374,400;-578689,500;285849,500;-243286,400;1133234,000;-27998,910;295561,900;610263,800;-229154,500;-241026,900;1165333,000
22,56;0,027;2,258;1,719;0,033;-0,111;0,616;-0,016;-0,007;-0,015;0,887;12,372;-228639,300;-294894,100;-612137,700;-28667,690;240823,400;-1163963,000;286391,900;-294019,500;-578682,300;286358,700;-242942,000;1132418,000;-28654,410;295154,400;610635,200;-228611,300;-240584,500;1165485,000
22,58;0,027;2,258;1,719;0,033;-0,111;0,616;-0,016;-0,007;-0,015;0,887;12,372;-223950,300;-291744,800;-620127,400;-34198,380;237426,900;-1160182,000;290889,600;-290549,500;-579262,200;290856,400;-239484,300;1125921,000;-34185,170;291523,400;614095,700;-223922,300;-236449,700;1166267,000
22,60;0,028;2,255;1,732;0,031;-0,163;0,645;-0,031;-0,015;-0,015;0,887;12,372;-223591,200;-291475,900;-620806,300;-34616,090;237122,700;-1159788,000;291244,200;-290278,700;-579287,600;291196,000;-239180,500;1125272,000;-34623,070;291183,400;614414,900;-223558,100;-236092,700;1166308,000
22,62;0,028;2,255;1,732;0,031;-0,163;0,645;-0,031;-0,015;-0,015;0,887;12,372;-223136,200;-291137,500;-621615,400;-35146,670;236756,200;-1159387,000;291673,400;-289905,300;-579388,900;291625,200;-238806,200;1124610,000;-35153,710;290793,200;614793,300;-223103,200;-235649,400;1166342,000
22,64;0,028;2,255;1,732;0,031;-0,163;0,645;-0,031;-0,015;-0,015;0,887;12,372;-222520,500;-290671,500;-622718,600;-35863,440;236251,100;-1158836,000;292252,600;-289390,800;-579537,400;292204,400;-238290,500;1123707,000;-35870,510;290255,900;615315,900;-222487,400;-235039,700;1166380,000
22,66;0,028;2,252;1,745;0,024;-0,148;0,652;-0,001;-0,002;0,018;0,887;12,372;-222076,200;-290340,800;-623500,800;-36356,990;235900,500;-1158393,000;292651,700;-289011,400;-579659,500;292623,900;-237896,600;1122983,000;-36366,900;289884,300;615674,600;-222056,900;-234608,200;1166401,000
22,68;0,028;2,252;1,745;0,024;-0,148;0,652;-0,001;-0,002;0,018;0,887;12,372;-217311,700;-286377,500;-632403,400;-41837,920;231586,000;-1153756,000;297057,100;-284626,400;-581302,200;297029,300;-233483,900;1115647,000;-41847,860;285314,400;620181,300;-217292,300;-229429,600;1166240,000
22,70;0,028;2,252;1,745;0,024;-0,148;0,652;-0,001;-0,002;0,018;0,887;12,372;-216742,900;-285868,300;-633503,300;-42485,870;231030,100;-1153164,000;297575,500;-284062,100;-581548,000;297547,800;-232914,800;1114737,000;-42495,810;284727,200;620765,900;-216723,600;-228765,300;1166175,000
22,72;0,029;2,248;1,759;0,014;-0,198;0,680;-0,002;-0,009;-0,007;0,887;12,372;-216500,300;-285652,400;-634002,900;-42769,860;230771,000;-1152824,000;297793,500;-283798,800;-581655,400;297762,100;-232681,400;1114214,000;-42782,190;284440,200;621036,900;-216474,200;-228465,500;1166134,000
22,74;0,029;2,248;1,759;0,014;-0,198;0,680;-0,002;-0,009;-0,007;0,887;12,372;-215771,800;-284983,600;-635428,400;-43596,680;230040,200;-1152049,000;298454,100;-283057,200;-581993,300;298422,600;-231932,800;1113031,000;-43609,090;283669,000;621807,100;-215745,600;-227593,200;1166030,000
22,76;0,029;2,244;1,773;0,007;-0,167;0,673;0,015;0,007;0,030;0,887;12,372;-215202,300;-284461,400;-636532,400;-44231,620;229475,800;-1151390,000;298955,300;-282449,000;-582292,900;298944,300;-231319,300;1112029,000;-44233,250;283080,300;622397,400;-215184,000;-226908,000;1165932,000
22,78;0,029;2,244;1,773;0,007;-0,167;0,673;0,015;0,007;0,030;0,887;12,372;-210676,200;-279955,600;-645747,800;-49307,820;224539,700;-1146207,000;302989,200;-277443,700;-584873,500;302978,300;-226261,100;1104342,000;-49309,300;277886,200;627630,800;-210657,800;-221044,000;1164844,000
22,80;0,029;2,244;1,773;0,007;-0,167;0,673;0,015;0,007;0,030;0,887;12,372;-210162,800;-279413,400;-646824,800;-49878,280;223944,700;-1145586,000;303440,700;-276840,600;-585208,900;303429,800;-225651,300;1103440,000;-49879,730;277261,500;628263,800;-210144,500;-220339,500;1164681,000
22,82;0,029;2,244;1,773;0,007;-0,167;0,673;0,015;0,007;0,030;0,887;12,372;-209878,200;-279109,800;-647425,200;-50194,170;223611,600;-1145239,000;303690,500;-276503,000;-585398,600;303679,500;-225309,900;1102937,000;-50195,650;276911,700;628618,600;-209859,700;-219945,400;1164587,000
22,84;0,029;2,244;1,773;0,007;-0,167;0,673;0,015;0,007;0,030;0,887;12,372;-209006,000;-278168,100;-649275,900;-51159,810;222577,500;-1144163,000;304453,600;-275455,000;-585996,500;304442,700;-224249,900;1101384,000;-51161,350;275826,700;629720,300;-208987,600;-218722,500;1164284,000
22,86;0,029;2,235;1,799;0,004;-0,189;0,649;0,021;0,012;0,037;0,887;12,372;-208489,000;-277612,700;-650379,600;-51732,080;221951,300;-1143358,000;304900,000;-274775,200;-586401,400;304893,700;-223592,000;1100226,000;-51717,710;275151,900;630386,900;-208474,100;-217973,800;1164048,000
22,88;0,029;2,235;1,799;0,004;-0,189;0,649;0,021;0,012;0,037;0,887;12,372;-204175,300;-272610,800;-659884,800;-56452,270;216450,400;-1137671,000;308611,400;-269201,000;-589825,800;308604,900;-217953,000;1092209,000;-56437,930;269392,300;636270,100;-204160,400;-211493,600;1162116,000
22,90;0,029;2,235;1,799;0,004;-0,189;0,649;0,021;0,012;0,037;0,887;12,372;-203709,100;-272042,500;-660940,400;-56957,980;215824,500;-1137027,000;309007,600;-268567,100;-590233,300;309001,100;-217311,700;1091315,000;-56943,670;268738,200;636940,800;-203694,200;-210758,500;1161871,000
22,92;0,029;2,235;1,799;0,004;-0,189;0,649;0,021;0,012;0,037;0,887;12,372;-203419,100;-271686,200;-661599,900;-57272,100;215432,200;-1136623,000;309253,500;-268169,600;-590490,700;309247,200;-216909,500;1090757,000;-57257,750;268328,300;637361,200;-203404,100;-210297,900;1161716,000
22,94;0,029;2,235;1,799;0,004;-0,189;0,649;0,021;0,012;0,037;0,887;12,372;-202330,500;-270329,300;-664095,000;-58448,380;213938,000;-1135088,000;310173,500;-266655,800;-591482,300;310167,100;-215378,100;1088641,000;-58434,020;266767,300;638964,000;-202315,600;-208544,800;1161109,000
22,96;0,029;2,229;1,812;0,000;-0,293;0,648;-0,005;-0,002;-0,029;0,887;12,372;-201789,100;-269630,600;-665417,900;-59053,630;213132,400;-1134179,000;310637,800;-265858,300;-592028,900;310617,600;-214619,900;1087392,000;-59040,120;265901,300;639836,400;-201756,800;-207615,700;1160737,000
22,98;0,029;2,224;1,824;0,006;-0,251;0,604;0,008;0,014;0,020;0,887;12,372;-197254,700;-263599,400;-676181,200;-63869,400;206488,400;-1127301,000;314389,500;-259106,600;-596693,500;314383,900;-207755,200;1078110,000;-63847,700;258980,700;646971,700;-197240,900;-199837,800;1157674,000
23,00;0,029;2,224;1,824;0,006;-0,251;0,604;0,008;0,014;0,020;0,887;12,372;-196789,600;-262946,700;-677321,800;-64361,150;205768,600;-1126567,000;314770,800;-258377,200;-597214,300;314765,100;-207018,000;1077134,000;-64339,520;258231,500;647746,300;-196775,900;-198999,300;1157322,000
23,02;0,029;2,224;1,824;0,006;-0,251;0,604;0,008;0,014;0,020;0,887;12,372;-196469,800;-262494,500;-678109,400;-64698,870;205269,800;-1126059,000;315032,400;-257871,800;-597576,800;315026,800;-206507,100;1076459,000;-64677,160;257712,500;648283,000;-196456,000;-198418,200;1157077,000
23,04;0,029;2,224;1,824;0,006;-0,251;0,604;0,008;0,014;0,020;0,887;12,372;-195709,400;-261407,700;-679994,100;-65500,310;204071,000;-1124839,000;315652,900;-256657,000;-598454,100;315647,300;-205279,700;1074843,000;-65478,680;256465,400;649573,300;-195695,600;-197023,500;1156478,000
23,06;0,029;2,217;1,836;0,008;-0,341;0,595;-0,010;-0,004;-0,027;0,887;12,372;-195353,700;-260883,700;-680937,300;-65893,470;203463,300;-1124123,000;315948,100;-256052,300;-598907,000;315931,500;-204708,500;1073895,000;-65873,380;255808,600;650236,600;-195327,800;-196328,300;1156123,000
23,08;0,029;2,217;1,836;0,008;-0,341;0,595;-0,010;-0,004;-0,027;0,887;12,372;-191152,500;-254532,600;-691704,900;-70275,190;196456,900;-1117012,000;319326,800;-248951,900;-604204,800;319310,300;-197537,500;1064620,000;-70255,090;248532,100;657783,400;-191126,500;-188205,500;1152384,000
23,10;0,029;2,217;1,836;0,008;-0,341;0,595;-0,010;-0,004;-0,027;0,887;12,372;-190689,600;-253801,000;-692923,800;-70754,000;195650,100;-1116195,000;319694,800;-248134,100;-604829,400;319678,300;-196712,100;1063567,000;-70733,850;247695,300;658652,800;-190663,600;-187273,000;1151933,000
23,12;0,029;2,208;1,849;0,017;-0,430;0,599;-0,032;-0,008;-0,022;0,887;12,372;-190477,800;-253457,400;-693502,900;-70977,890;195261,100;-1115655,000;319885,000;-247763,300;-605094,700;319853,500;-196304,300;1062867,000;-70965,840;247245,800;659101,300;-190442,500;-186820,700;1151631,000
23,14;0,029;2,208;1,849;0,017;-0,430;0,599;-0,032;-0,008;-0,022;0,887;12,372;-189802,600;-252373,100;-695298,500;-71673,980;194065,100;-1114444,000;320419,400;-246550,900;-606028,200;320387,800;-195080,900;1061313,000;-71662,010;246005,800;660390,200;-189767,500;-185439,700;1150952,000
23,16;0,030;2,201;1,860;0,016;-0,377;0,577;-0,003;0,010;0,024;0,887;12,372;-189074,100;-251233,800;-697176,400;-72384,630;192817,300;-1113069,000;320966,500;-245274,000;-607008,200;320954,000;-193755,900;1059568,000;-72377,320;244746,200;661703,800;-189066,200;-183992,200;1150171,000
23,18;0,030;2,201;1,860;0,016;-0,377;0,577;-0,003;0,010;0,024;0,887;12,372;-185086,500;-244442,700;-708177,800;-76451,660;185329,400;-1105508,000;324075,700;-237683,100;-613012,000;324063,300;-186101,800;1049998,000;-76444,340;236996,000;669772,600;-185078,400;-175382,700;1145684,000
23,20;0,030;2,201;1,860;0,016;-0,377;0,577;-0,003;0,010;0,024;0,887;12,372;-184641,500;-243652,600;-709438,600;-76901,910;184458,600;-1104630,000;324418,900;-236800,300;-613722,500;324406,500;-185212,000;1048898,000;-76894,530;236095,600;670710,900;-184633,400;-174384,400;1145143,000
23,22;0,030;2,201;1,860;0,016;-0,377;0,577;-0,003;0,010;0,024;0,887;12,372;-184337,900;-243109,600;-710302,800;-77208,700;183860,500;-1104026,000;324652,700;-236193,600;-614212,100;324640,300;-184600,900;1048143,000;-77201,410;235477,300;671355,400;-184329,800;-173698,800;1144770,000
23,24;0,030;2,192;1,872;0,015;-0,427;0,584;-0,004;-0,008;0,001;0,887;12,372;-183455,600;-241494,900;-712887,900;-78113,290;182064,300;-1102101,000;325324,100;-234364,400;-615691,300;325310,100;-182812,800;1045736,000;-78100,800;233616,200;673287,800;-183441,900;-171654,900;1143568,000
23,26;0,030;2,185;1,883;0,015;-0,372;0,561;0,016;0,014;0,023;0,887;12,372;-182651,200;-240064,000;-715147,500;-78899,260;180464,300;-1100400,000;325925,400;-232738,000;-617017,800;325924,100;-181152,400;1043627,000;-78884,670;231997,000;674975,200;-182651,500;-169837,000;1142493,000
23,28;0,030;2,185;1,883;0,015;-0,372;0,561;0,016;0,014;0,023;0,887;12,372;-178619,700;-232278,800;-727214,700;-82917,230;171896,500;-1091778,000;328971,100;-224049,200;-624228,900;328969,700;-172407,200;1033021,000;-82902,620;223158,800;684198,900;-178620,000;-160079,000;1136845,000
23,30;0,030;2,185;1,883;0,015;-0,372;0,561;0,016;0,014;0,023;0,887;12,372;-178202,300;-231436,900;-728500,900;-83330,000;170970,800;-1090847,000;329283,000;-223110,500;-625019,100;329281,800;-171462,900;1031887,000;-83315,450;222205,000;685194,700;-178202,600;-159028,500;1136218,000
23,32;0,030;2,185;1,883;0,015;-0,372;0,561;0,016;0,014;0,023;0,887;12,372;-177932,300;-230888,500;-729336,900;-83596,720;170368,000;-1090242,000;329484,600;-222499,000;-625534,900;329483,300;-170847,900;1031149,000;-83582,180;221584,000;685843,400;-177932,600;-158344,400;1135807,000
23,34;0,030;2,185;1,883;0,015;-0,372;0,561;0,016;0,014;0,023;0,887;12,372;-177224,300;-229436,700;-731543,300;-84294,830;168772,200;-1088637,000;330011,700;-220880,700;-626903,900;330010,400;-169220,100;1029200,000;-84280,180;219940,500;687559,600;-177224,600;-156535,900;1134714,000
23,36;0,031;2,167;1,904;0,024;-0,409;0,500;0,011;0,018;0,021;0,887;12,372;-176976,500;-228917,100;-732344,700;-84548,670;168171,600;-1087786,000;330201,400;-220277,100;-627456,600;330202,600;-168589,500;1028163,000;-84527,120;219304,000;688214,200;-176966,800;-155851,000;1134129,000
23,38;0,031;2,167;1,904;0,024;-0,409;0,500;0,011;0,018;0,021;0,887;12,372;-173275,600;-220914,300;-744305,600;-88165,540;159387,700;-1078962,000;332923,800;-211367,800;-635108,600;332925,000;-159636,000;1017552,000;-88143,950;210269,000;697652,400;-173265,900;-145938,700;1127929,000
23,40;0,031;2,167;1,904;0,024;-0,409;0,500;0,011;0,018;0,021;0,887;12,372;-172817,100;-219879,000;-745832,700;-88610,380;158252,800;-1077823,000;333257,800;-210216,600;-636108,600;333258,900;-158479,800;1016192,000;-88588,890;209102,700;698870,800;-172807,400;-144662,500;1127110,000
23,42;0,031;2,167;1,904;0,024;-0,409;0,500;0,011;0,018;0,021;0,887;12,372;-172507,500;-219174,100;-746869,900;-88910,400;157480,200;-1077047,000;333482,900;-209432,900;-636790,800;333484,200;-157692,800;1015268,000;-88888,810;208309,200;699700,100;-172497,900;-143794,300;1126550,000
23,44;0,031;2,167;1,904;0,024;-0,409;0,500;0,011;0,018;0,021;0,887;12,372;-171801,300;-217548,300;-749254,700;-89593,550;155699,000;-1075259,000;333995,400;-207626,100;-638367,800;333996,500;-155878,600;1013142,000;-89572,160;206479,700;701611,600;-171791,600;-141794,800;1125252,000
23,46;0,032;2,148;1,923;0,030;-0,409;0,445;0,017;0,016;0,018;0,887;12,372;-171190,100;-216161,800;-751320,100;-90176,300;154149,000;-1073466,000;334425,500;-206059,400;-639741,100;334429,300;-154299,500;1011018,000;-90147,160;204893,900;703265,500;-171190,200;-140059,000;1123942,000
23,48;0,032;2,148;1,923;0,030;-0,409;0,445;0,017;0,016;0,018;0,887;12,372;-167395,800;-206829,900;-764750,800;-93809,530;143947,600;-1063228,000;337141,000;-195712,000;-648906,900;337144,800;-143916,600;998980,300;-93780,470;194432,500;714195,100;-167395,900;-128671,900;1116279,000
23,50;0,032;2,148;1,923;0,030;-0,409;0,445;0,017;0,016;0,018;0,887;12,372;-166967,700;-205724,100;-766321,100;-94216,540;142740,900;-1062017,000;337444,400;-194487,900;-650002,300;337448,300;-142689,100;997567,700;-94187,450;193196,400;715486,400;-166968,000;-127330,500;1115354,000
23,52;0,032;2,148;1,923;0,030;-0,409;0,445;0,017;0,016;0,018;0,887;12,372;-166583,300;-204721,700;-767741,000;-94581,480;141647,100;-1060920,000;337716,400;-193378,600;-650996,400;337720,300;-141576,500;996289,000;-94552,320;192076,500;716656,300;-166583,400;-126115,700;1114512,000
23,54;0,033;2,138;1,931;0,037;-0,499;0,428;-0,024;0,000;-0,030;0,887;12,372;-166009,600;-203169,000;-769943,500;-95137,450;139966,400;-1059089,000;338117,000;-191697,100;-652515,200;338115,200;-139949,800;994147,800;-95111,290;190313,900;718491,500;-166004,700;-124243,400;1113095,000
23,56;0,033;2,138;1,931;0,037;-0,499;0,428;-0,024;0,000;-0,030;0,887;12,372;-162616,500;-193735,400;-783086,400;-98331,260;129699,300;-1048785,000;340490,300;-181284,800;-661955,200;340488,400;-129514,100;982257,800;-98305,130;179813,500;729455,300;-162611,500;-112903,100;1105005,000
23,58;0,033;2,138;1,931;0,037;-0,499;0,428;-0,024;0,000;-0,030;0,887;12,372;-162269,500;-192722,300;-784480,900;-98655,730;128598,800;-1047680,000;340730,900;-180168,900;-662975,100;340729,000;-128396,100;980991,700;-98629,480;178689,200;730628,700;-162264,500;-111692,700;1104123,000
23,60;0,034;2,126;1,940;0,041;-0,616;0,403;-0,026;-0,001;-0,049;0,887;12,372;-162137,800;-192311,500;-785029,300;-98779,670;128142,900;-1047011,000;340829,200;-179751,600;-663392,900;340821,100;-127936,700;980220,900;-98752,590;178129,100;731151,800;-162128,400;-111227,500;1103597,000
23,62;0,034;2,126;1,940;0,041;-0,616;0,403;-0,026;-0,001;-0,049;0,887;12,372;-161599,100;-190709,900;-787224,200;-99282,340;126404,400;-1045266,000;341201,700;-177988,800;-665008,400;341193,600;-126170,700;978225,500;-99255,160;176353,600;733004,700;-161589,700;-109318,100;1102196,000
23,64;0,034;2,114;1,947;0,039;-0,597;0,371;-0,026;0,004;0,009;0,887;12,372;-161176,900;-189485,000;-788913,300;-99659,520;125062,700;-1043754,000;341488,600;-176596,400;-666284,900;341490,500;-124721,000;976521,800;-99639,210;175023,800;734398,300;-161178,300;-107828,500;1100975,000
23,66;0,034;2,114;1,947;0,039;-0,597;0,371;-0,026;0,004;0,009;0,887;12,372;-158013,100;-179413,600;-802498,600;-102589,200;114160,500;-1032805,000;343654,000;-165543,600;-676511,700;343655,900;-113654,300;964111,200;-102568,800;163903,700;745995,500;-158014,600;-95923,300;1092009,000
23,68;0,034;2,114;1,947;0,039;-0,597;0,371;-0,026;0,004;0,009;0,887;12,372;-157603,800;-178036,200;-804334,100;-102966,000;112672,800;-1031311,000;343932,000;-164035,700;-677916,900;343934,000;-112144,800;962428,100;-102945,500;162387,800;747575,500;-157605,200;-94305,960;1090767,000
23,70;0,035;2,101;1,955;0,043;-0,649;0,362;-0,030;-0,001;-0,012;0,887;12,372;-157253,100;-176796,200;-805998,900;-103295,000;111342,900;-1029805,000;344177,300;-162681,400;-679166,800;344169,300;-110851,500;960729,900;-103281,300;161033,600;748988,800;-157247,800;-92849,790;1089508,000
23,72;0,036;2,090;1,962;0,027;-0,526;0,371;0,010;0,003;0,033;0,887;12,372;-156688,000;-174927,900;-808474,300;-103799,200;109299,200;-1027642,000;344533,100;-160625,600;-681083,400;344545,700;-108722,300;958305,200;-103779,500;159007,300;751110,400;-156698,000;-90642,030;1087703,000
23,74;0,036;2,090;1,962;0,027;-0,526;0,371;0,010;0,003;0,033;0,887;12,372;-153580,300;-163398,300;-823530,700;-106633,800;96897,020;-1015171,000;346618,100;-148058,700;-692922,600;346630,800;-96149,190;944409,400;-106614,000;146390,900;764246,200;-153590,300;-77263,490;1077100,000
23,76;0,036;2,090;1,962;0,027;-0,526;0,371;0,010;0,003;0,033;0,887;12,372;-153269,800;-162167,300;-825117,700;-106915,400;95576,710;-1013842,000;346824,800;-146720,900;-694191,200;346837,500;-94811,280;942938,700;-106895,700;145049,000;765642,200;-153279,800;-75846,450;1075956,000
23,78;0,036;2,090;1,962;0,027;-0,526;0,371;0,010;0,003;0,033;0,887;12,372;-153064,500;-161345,000;-826175,800;-107101,400;94694,740;-1012955,000;346961,400;-145827,800;-695038,900;346974,100;-93917,910;941957,600;-107081,800;144153,000;766574,300;-153074,600;-74900,550;1075189,000
23,80;0,037;2,067;1,976;0,028;-0,511;0,341;0,009;0,005;0,032;0,887;12,372;-152812,300;-160297,300;-827500,000;-107333,800;93577,880;-1011535,000;347122,000;-144689,000;-696133,900;347140,900;-92791,340;940388,000;-107307,400;143026,000;767757,000;-152821,500;-73706,310;1073960,000
23,82;0,037;2,067;1,976;0,028;-0,511;0,341;0,009;0,005;0,032;0,887;12,372;-150259,600;-149242,900;-841526,400;-109634,100;81761,470;-999635,100;348807,600;-132723,000;-707569,100;348826,500;-80825,120;927320,200;-109607,700;131033,600;780220,200;-150268,800;-61104,000;1063537,000
23,84;0,037;2,067;1,976;0,028;-0,511;0,341;0,009;0,005;0,032;0,887;12,372;-150014,900;-148107,800;-842949,900;-109853,600;80551,280;-998415,600;348968,200;-131498,200;-708745,900;348987,100;-79600,260;925988,700;-109827,100;129807,100;781493,900;-150024,200;-59819,540;1062457,000
23,86;0,037;2,067;1,976;0,028;-0,511;0,341;0,009;0,005;0,032;0,887;12,372;-149863,200;-147396,900;-843840,000;-109989,500;79794,020;-997652,300;349067,600;-130731,300;-709483,400;349086,600;-78833,770;925155,900;-109963,100;129039,100;782291,300;-149872,500;-59016,300;1061780,000
23,88;0,038;2,056;1,982;0,037;-0,591;0,304;-0,010;0,004;-0,015;0,887;12,372;-149546,200;-145783,600;-845862,800;-110285,800;78089,720;-995776,900;349292,800;-129001,700;-711149,700;349296,400;-77182,360;923100,900;-110256,300;127289,600;784110,300;-149543,300;-57204,370;1060105,000
23,90;0,039;2,045;1,988;0,034;-0,513;0,290;0,010;0,003;0,016;0,887;12,372;-147340,700;-134516,700;-859768,500;-112243,300;66097,230;-983554,200;350716,200;-116865,600;-722892,300;350731,500;-64990,610;909869,900;-112213,700;115178,000;796679,200;-147347,100;-44567,880;1049124,000
23,92;0,039;2,045;1,988;0,034;-0,513;0,290;0,010;0,003;0,016;0,887;12,372;-147111,800;-133242,300;-861323,000;-112446,600;64748,020;-982191,900;350864,500;-115500,600;-724219,500;350879,800;-63626,300;908402,100;-112417,100;113813,300;798093,400;-147118,400;-43152,020;1047887,000
23,94;0,039;2,045;1,988;0,034;-0,513;0,290;0,010;0,003;0,016;0,887;12,372;-146948,600;-132320,400;-862445,300;-112591,500;63772,730;-981207,100;350970,200;-114514,000;-725179,600;350985,400;-62640,140;907342,000;-112561,800;112826,500;799115,800;-146955,200;-42129,270;1046991,000
23,96;0,039;2,033;1,993;0,042;-0,592;0,251;-0,009;0,000;-0,022;0,887;12,372;-146618,100;-130332,100;-864863,900;-112892,200;61679,060;-978930,900;351196,100;-112405,400;-727237,500;351199,900;-60585,580;904886,200;-112860,800;110680,600;801336,600;-146617,100;-39934,300;1044910,000
23,98;0,039;2,033;1,993;0,042;-0,592;0,251;-0,009;0,000;-0,022;0,887;12,372;-144724,100;-118308,100;-879277,100;-114565,800;49006,200;-966119,100;352415,100;-99592,310;-739783,700;352418,900;-47778,360;891194,000;-114534,400;97877,830;814584,600;-144723,100;-26730,290;1033106,000
24,00;0,039;2,033;1,993;0,042;-0,592;0,251;-0,009;0,000;-0,022;0,887;12,372;-144561,100;-117167,200;-880628,700;-114709,400;47807,290;-964906,000;352519,600;-98380,690;-740975,400;352523,400;-46567,380;889904,600;-114678,000;96667,930;815835,300;-144560,100;-25487,160;1031978,000
24,02;0,040;2,019;1,998;0,043;-0,714;0,242;-0,042;-0,018;-0,056;0,887;12,372;-144447,600;-116424,600;-881461,300;-114799,700;47061,020;-963903,600;352583,200;-97673,900;-741693,900;352580,200;-45847,570;888833,700;-114757,200;95814,730;816648,900;-144466,000;-24741,950;1031055,000
24,04;0,041;2,006;2,002;0,031;-0,651;0,216;-0,010;-0,014;0,011;0,887;12,372;-144194,800;-114527,600;-883699,800;-115026,400;45058,620;-961703,500;352736,100;-95603,200;-743740,100;352757,800;-43698,220;886513,400;-114992,900;93830,710;818711,300;-144203,100;-22648,520;1028995,000
24,06;0,041;2,006;2,002;0,031;-0,651;0,216;-0,010;-0,014;0,011;0,887;12,372;-142708,000;-102349,500;-897884,000;-116330,400;32323,180;-948799,300;353683,900;-82739,110;-756472,100;353705,600;-30840,540;872900,600;-116297,000;80993,520;831962,800;-142716,300;-9535,871;1016841,000
24,08;0,041;2,006;2,002;0,031;-0,651;0,216;-0,010;-0,014;0,011;0,887;12,372;-142546,200;-100846,100;-899614,200;-116472,000;30756,320;-947210,100;353786,700;-81156,890;-758044,600;353808,400;-29259,060;871232,900;-116438,600;79415,480;833590,100;-142554,500;-7930,405;1015331,000
24,10;0,041;2,006;2,002;0,031;-0,651;0,216;-0,010;-0,014;0,011;0,887;12,372;-142455,200;-99980,940;-900607,800;-116551,600;29855,060;-946295,800;353844,500;-80247,010;-758949,700;353866,300;-28349,690;870274,500;-116518,200;78508,030;834525,700;-142463,500;-7007,692;1014461,000
24,12;0,040;1,984;2,006;-0,060;-0,447;0,059;-0,092;-0,007;0,109;0,887;12,372;-142220,200;-97245,180;-903700,600;-116772,000;27270,970;-943330,300;353969,500;-77540,690;-761632,600;354023,900;-25692,130;867418,600;-116724,600;75948,380;837220,000;-142215,500;-4305,781;1011616,000
24,14;0,040;1,984;2,006;-0,060;-0,447;0,059;-0,092;-0,007;0,109;0,887;12,372;-141153,700;-84817,370;-917740,700;-117701,900;14385,880;-930241,300;354644,300;-64539,230;-774636,100;354698,600;-12696,340;853793,400;-117654,500;62990,230;850560,900;-141149,000;8797,050;999020,700
24,16;0,040;1,984;2,006;-0,060;-0,447;0,059;-0,092;-0,007;0,109;0,887;12,372;-141074,700;-83722,320;-918963,400;-117770,700;13254,660;-929091,100;354694,100;-63397,990;-775782,100;354748,500;-11555,790;852602,100;-117723,300;61853,460;851730,100;-141070,000;9942,058;997905,200
24,18;0,040;1,984;2,006;-0,060;-0,447;0,059;-0,092;-0,007;0,109;0,887;12,372;-140995,000;-82583,950;-920231,800;-117840,100;12078,910;-927895,300;354744,400;-62212,340;-776973,300;354798,800;-10370,520;851364,600;-117792,800;60672,450;852944,500;-140990,200;11131,140;996744,100
24,20;0,040;1,984;2,006;-0,060;-0,447;0,059;-0,092;-0,007;0,109;0,887;12,372;-140919,700;-81472,300;-921468,300;-117905,600;10931,670;-926728,300;354791,900;-61055,240;-778136,400;354846,300;-9214,059;850158,000;-117858,200;59519,840;854129,400;-140915,000;12290,350;995609,800
24,22;0,033;1,968;2,002;-0,236;-0,352;-0,181;-0,129;-0,005;0,065;0,887;12,372;-140884,400;-80113,340;-922984,900;-117950,100;9783,831;-925270,600;354898,000;-59973,180;-779267,500;354874,600;-8088,956;849027,400;-117919,600;58358,370;855296,100;-140848,200;13392,670;994184,300
24,24;0,033;1,968;2,002;-0,236;-0,352;-0,181;-0,129;-0,005;0,065;0,887;12,372;-140187,800;-66314,100;-938099,100;-118555,200;-4395,044;-910829,400;355336,400;-45682,680;-793703,000;355313,100;6197,377;834190,500;-118524,700;44132,040;869903,000;-140151,700;27634,770;980009,300
24,26;0,033;1,968;2,002;-0,236;-0,352;-0,181;-0,129;-0,005;0,065;0,887;12,372;-140137,800;-64917,580;-939608,600;-118598,500;-5824,122;-909372,100;355367,900;-44242,770;-795163,600;355344,600;7636,859;832701,600;-118568,100;42699,320;871372,200;-140101,700;29062,940;978567,500
24,28;0,033;1,968;2,002;-0,236;-0,352;-0,181;-0,129;-0,005;0,065;0,887;12,372;-140114,500;-64228,700;-940351,700;-118618,800;-6529,070;-908653,400;355382,500;-43532,910;-795883,900;355359,200;8346,633;831967,700;-118588,300;41992,950;872096,500;-140078,300;29766,820;977855,400
24,30;0,026;1,960;1,997;-0,330;-0,385;-0,306;-0,145;-0,010;-0,009;0,887;12,372;-140056,500;-62169,820;-942608,300;-118664,700;-8513,936;-906463,200;355440,100;-41591,070;-797857,900;355385,700;10158,820;829953,200;-118664,700;39928,670;874142,600;-140017,000;31711,380;975683,500
24,32;0,026;1,960;1,997;-0,330;-0,385;-0,306;-0,145;-0,010;-0,009;0,887;12,372;-139842,400;-50323,250;-955204,400;-118850,300;-20580,130;-894142,300;355574,600;-29443,340;-810239,500;355520,100;22305,100;817449,000;-118850,300;27847,990;886514,400;-139802,800;43694,270;963375,500
24,34;0,018;1,954;1,990;-0,401;-0,304;-0,345;-0,081;-0,037;-0,103;0,887;12,372;-139834,200;-48598,570;-957105,900;-118863,000;-22168,420;-892265,300;355573,000;-27838,720;-811875,300;355517,700;23935,620;815821,200;-118871,700;26075,120;888147,800;-139792,300;45524,970;961431,600
24,36;0,018;1,954;1,990;-0,401;-0,304;-0,345;-0,081;-0,037;-0,103;0,887;12,372;-139831,100;-47408,180;-958353,100;-118865,600;-23375,760;-891030,900;355574,900;-26624,020;-813118,700;355519,600;25150,310;814576,000;-118874,300;24867,610;889382,800;-139789,200;46717,340;960188,300
24,38;0,018;1,954;1,990;-0,401;-0,304;-0,345;-0,081;-0,037;-0,103;0,887;12,372;-139831,000;-45953,170;-959873,900;-118865,700;-24850,500;-889523,000;355575,000;-25140,510;-814638,300;355519,800;26634,140;813056,000;-118874,400;23393,190;890890,700;-139789,100;48172,480;958667,400
24,40;0,007;1,951;1,984;-0,484;-0,163;-0,339;-0,010;-0,036;-0,221;0,887;12,372;-139832,900;-44950,590;-961054,800;-118868,100;-25852,180;-888314,000;355570,100;-24088,310;-815734,900;355524,900;27759,040;811981,800;-118875,200;22230,970;891981,600;-139801,600;49307,030;957398,100
24,42;0,007;1,951;1,984;-0,484;-0,163;-0,339;-0,010;-0,036;-0,221;0,887;12,372;-140008,800;-32760,550;-973617,900;-118715,500;-38154,110;-875719,300;355459,600;-11718,120;-828457,400;355414,300;40130,430;799359,900;-118722,800;9940,997;904534,400;-139977,500;61384,850;944598,100
24,44;0,007;1,951;1,984;-0,484;-0,163;-0,339;-0,010;-0,036;-0,221;0,887;12,372;-140044,200;-31434,300;-974968,300;-118684,800;-39487,800;-874352,300;355437,400;-10377,700;-829840,700;355392,100;41471,100;797996,900;-118692,100;8609,787;905892,600;-140012,900;62688,760;943200,100
24,46;0,007;1,951;1,984;-0,484;-0,163;-0,339;-0,010;-0,036;-0,221;0,887;12,372;-140063,700;-30749,240;-975664,600;-118667,900;-40176,420;-873646,600;355425,200;-9685,659;-830555,300;355379,900;42163,190;797293,600;-118675,200;7922,547;906593,800;-140032,300;63361,300;942477,700
24,48;-0,004;1,950;1,976;-0,532;-0,074;-0,396;-0,021;-0,022;-0,232;0,887;12,372;-140131,800;-28698,780;-977872,900;-118608,800;-42101,750;-871565,600;355380,700;-7703,803;-832582,800;355351,800;44057,430;795287,600;-118621,800;5924,436;908820,400;-140104,300;65397,450;940156,400
24,50;-0,018;1,951;1,969;-0,651;0,026;-0,382;0,040;-0,015;-0,366;0,887;12,372;-140171,200;-27462,380;-979298,100;-118576,800;-43462,740;-870195,500;355357,200;-6382,211;-833967,500;355315,800;45461,180;793934,400;-118575,800;4640,426;910303,200;-140154,500;66564,800;938704,400
24,52;-0,018;1,951;1,969;-0,651;0,026;-0,382;0,040;-0,015;-0,366;0,887;12,372;-140751,200;-14992,390;-991740,300;-118073,000;-55927,960;-857399,400;354992,100;6136,744;-846959,800;354950,900;57983,810;781275,800;-118071,900;-7785,123;922961,300;-140734,500;78665,910;925480,400
24,54;-0,018;1,951;1,969;-0,651;0,026;-0,382;0,040;-0,015;-0,366;0,887;12,372;-140825,000;-13732,480;-992981,600;-118008,800;-57182,820;-856110,000;354945,600;7396,437;-848271,700;354904,300;59244,020;780006,500;-118007,800;-9035,006;924233,200;-140808,400;79879,030;924139,400
24,56;-0,018;1,951;1,969;-0,651;0,026;-0,382;0,040;-0,015;-0,366;0,887;12,372;-140885,500;-12735,930;-993961,300;-117956,300;-58174,730;-855090,600;354907,500;8392,155;-849309,400;354866,300;60239,900;779004,000;-117955,200;-10022,790;925238,300;-140868,800;80837,260;923078,000
24,58;-0,034;1,953;1,961;-0,737;0,062;-0,415;0,023;0,002;-0,327;0,887;12,372;-140969,700;-10484,120;-996596,300;-117817,000;-60670,940;-852759,500;354813,100;10566,750;-851559,500;354788,100;62314,470;776811,900;-117827,100;-12163,470;927661,600;-141014,100;82941,560;920555,800
24,60;-0,051;1,954;1,955;-0,805;0,062;-0,295;0,110;0,005;-0,359;0,887;12,372;-141902,700;1336,405;-1008540,000;-116980,600;-73126,870;-840181,300;354218,000;22717,550;-864292,500;354199,500;74594,650;764634,100;-117005,300;-24182,020;940031,600;-141954,100;94455,770;907395,900
24,62;-0,051;1,954;1,955;-0,805;0,062;-0,295;0,110;0,005;-0,359;0,887;12,372;-142017,700;2641,084;-1009784,000;-116880,200;-74414,510;-838854,800;354145,100;24008,640;-865648,900;354126,700;75886,150;763345,100;-116905,000;-25461,620;941330,800;-142069,200;95687,800;905995,100
24,64;-0,051;1,954;1,955;-0,805;0,062;-0,295;0,110;0,005;-0,359;0,887;12,372;-142201,000;4654,599;-1011699,000;-116720,100;-76399,700;-836809,300;354029,000;25998,890;-867741,500;354010,500;77877,470;761359,600;-116744,900;-27434,370;943333,200;-142252,400;97585,510;903831,400
24,66;-0,069;1,958;1,949;-0,876;0,223;-0,282;0,018;0,004;-0,154;0,887;12,372;-142328,000;5674,832;-1012975,000;-116613,700;-77801,910;-835502,100;353932,300;27226,820;-869007,400;353949,800;78978,440;760170,800;-116641,300;-28604,370;944731,400;-142363,100;98779,710;902318,000
24,68;-0,069;1,958;1,949;-0,876;0,223;-0,282;0,018;0,004;-0,154;0,887;12,372;-143638,900;18067,530;-1024565,000;-115465,800;-89963,520;-822955,800;353098,300;39411,860;-881877,500;353116,000;91169,610;748073,800;-115493,400;-40676,400;956970,700;-143673,900;110346,800;888942,900
24,70;-0,069;1,958;1,949;-0,876;0,223;-0,282;0,018;0,004;-0,154;0,887;12,372;-143803,300;19466,870;-1025856,000;-115321,400;-91331,770;-821543,100;352993,400;40781,880;-883329,800;353011,000;92540,330;746719,000;-115349,000;-42033,240;958345,100;-143838,500;111642,700;887427,400
24,72;-0,088;1,965;1,944;-0,968;0,407;-0,266;-0,041;0,007;0,004;0,887;12,372;-143993,200;20984,200;-1027479,000;-115150,000;-92902,620;-820011,300;352865,600;42251,550;-884862,400;352892,400;94011,560;745293,900;-115185,600;-43466,380;960070,900;-144019,300;113211,400;885489,400
24,74;-0,108;1,976;1,940;-1,016;0,545;-0,194;-0,029;-0,001;0,042;0,887;12,372;-144168,000;22311,510;-1028805,000;-115014,000;-94100,070;-818866,900;352763,400;43534,010;-886252,200;352782,100;95417,750;744007,500;-115043,800;-44743,250;961497,200;-144168,900;114422,900;883956,000
24,76;-0,108;1,976;1,940;-1,016;0,545;-0,194;-0,029;-0,001;0,042;0,887;12,372;-145883,500;35020,750;-1040285,000;-113501,600;-106456,600;-806089,300;351662,500;55899,110;-899434,600;351681,200;107788,900;731856,300;-113531,400;-56982,090;973878,000;-145884,500;126060,400;870118,700
24,78;-0,108;1,976;1,940;-1,016;0,545;-0,194;-0,029;-0,001;0,042;0,887;12,372;-146093,200;36447,170;-1041555,000;-113316,200;-107838,100;-804659,300;351527,400;57280,840;-900913,700;351546,100;109171,400;730504,300;-113346,000;-58349,080;975259,800;-146094,000;127356,400;868560,100
24,80;-0,108;1,976;1,940;-1,016;0,545;-0,194;-0,029;-0,001;0,042;0,887;12,372;-146222,800;37317,760;-1042328,000;-113201,500;-108680,800;-803787,000;351443,800;58123,360;-901815,900;351462,500;110014,400;729680,600;-113231,200;-59182,700;976102,100;-146223,700;128146,300;867608,100
24,82;-0,108;1,976;1,940;-1,016;0,545;-0,194;-0,029;-0,001;0,042;0,887;12,372;-146511,600;39226,460;-1044018,000;-112945,700;-110526,800;-801875,600;351257,400;59969,540;-903795,100;351276,100;111861,300;727877,400;-112975,500;-61009,010;977947,400;-146512,500;129875,700;865519,300
24,84;-0,148;2,002;1,936;-0,962;0,677;-0,038;0,067;-0,025;-0,071;0,887;12,372;-146626,600;39956,360;-1044927,000;-112836,800;-111282,900;-801291,400;351187,400;60648,080;-904915,400;351197,400;112549,800;727189,500;-112879,800;-61738,330;978946,600;-146633,500;130335,600;864639,800
24,86;-0,148;2,002;1,936;-0,962;0,677;-0,038;0,067;-0,025;-0,071;0,887;12,372;-148631,600;52104,370;-1055493,000;-111053,800;-122980,600;-789166,800;349886,200;72338,800;-917506,900;349896,200;124245,000;715833,000;-111096,800;-73298,260;990615,700;-148638,300;141245,200;851288,600
24,88;-0,148;2,002;1,936;-0,962;0,677;-0,038;0,067;-0,025;-0,071;0,887;12,372;-148872,500;53468,910;-1056663,000;-110838,800;-124289,800;-787808,800;349729,100;73646,540;-918921,200;349739,100;125552,900;714568,800;-110881,700;-74590,780;991919,500;-148879,300;142461,600;849783,400
24,90;-0,148;2,002;1,936;-0,962;0,677;-0,038;0,067;-0,025;-0,071;0,887;12,372;-149011,000;54245,180;-1057326,000;-110715,100;-125034,100;-787036,500;349638,700;74390,080;-919725,800;349648,700;126296,600;713850,500;-110758,000;-75325,640;992660,500;-149017,700;143152,800;848926,600
24,92;-0,148;2,002;1,936;-0,962;0,677;-0,038;0,067;-0,025;-0,071;0,887;12,372;-149446,900;56651,750;-1059376,000;-110325,500;-127339,600;-784643,900;349353,900;76692,620;-922220,100;349363,900;128599,800;711628,700;-110368,400;-77601,050;994954,900;-149453,700;145292,000;846267,700
24,94;-0,167;2,015;1,936;-0,919;0,666;0,017;0,125;-0,024;-0,161;0,887;12,372;-149666,000;57924,040;-1060612,000;-110097,800;-128707,100;-783378,400;349206,200;77899,810;-923760,400;349209,500;129650,200;710466,900;-110157,500;-78816,490;996352,700;-149697,700;146278,600;844837,800
24,96;-0,167;2,015;1,936;-0,919;0,666;0,017;0,125;-0,024;-0,161;0,887;12,372;-151992,400;69795,040;-1070520,000;-108006,900;-140026,800;-771619,500;347675,200;89197,970;-936067,600;347678,500;140949,100;699637,000;-108066,500;-89976,090;1007595,000;-152023,800;156733,800;831656,000
24,98;-0,185;2,028;1,938;-0,879;0,699;0,109;0,133;-0,043;-0,169;0,887;12,372;-152247,400;70968,820;-1071688,000;-107774,300;-141317,200;-770436,100;347502,000;90294,020;-937541,400;347518,000;142097,500;698600,200;-107840,700;-91051,530;1008932,000;-152288,300;157642,900;830299,800
25,00;-0,185;2,028;1,938;-0,879;0,699;0,109;0,133;-0,043;-0,169;0,887;12,372;-152412,800;71758,490;-1072335,000;-107624,900;-142067,000;-769656,500;347392,500;91041,980;-938360,400;347408,500;142845,400;697887,800;-107691,400;-91789,870;1009675,000;-152453,700;158332,600;829418,800
25,02;-0,185;2,028;1,938;-0,879;0,699;0,109;0,133;-0,043;-0,169;0,887;12,372;-152832,000;73737,580;-1073950,000;-107245,800;-143944,900;-767703,800;347114,300;92915,090;-940413,400;347130,500;144718,200;696105,600;-107312,300;-93638,920;1011537,000;-152873,000;160058,900;827208,600
25,04;-0,201;2,041;1,941;-0,817;0,656;0,193;0,087;-0,076;-0,077;0,887;12,372;-153119,900;75004,770;-1075089,000;-107028,200;-145114,500;-766526,800;346918,700;94064,340;-941843,300;346958,700;146015,300;694980,600;-107073,100;-94758,590;1012851,000;-153134,500;161018,500;825848,100
25,06;-0,201;2,041;1,941;-0,817;0,656;0,193;0,087;-0,076;-0,077;0,887;12,372;-155762,500;86680,630;-1084423,000;-104624,100;-156144,900;-755046,100;345151,700;105059,700;-953965,100;345191,700;157006,500;684594,700;-104668,900;-105606,900;1023762,000;-155777,100;171115,700;812738,300
25,08;-0,201;2,041;1,941;-0,817;0,656;0,193;0,087;-0,076;-0,077;0,887;12,372;-156091,200;88061,990;-1085509,000;-104323,500;-157445,300;-753691,700;344930,500;106355,300;-955400,400;344970,500;158301,500;683378,300;-104368,500;-106884,600;1025047,000;-156105,800;172302,200;811180,300
25,10;-0,201;2,041;1,941;-0,817;0,656;0,193;0,087;-0,076;-0,077;0,887;12,372;-156276,900;88835,920;-1086115,000;-104153,600;-158173,600;-752933,100;344805,400;107080,800;-956204,900;344845,400;159026,400;682697,900;-104198,500;-107600,000;1025766,000;-156291,500;172966,200;810306,600
25,12;-0,217;2,054;1,946;-0,758;0,610;0,245;0,088;-0,068;-0,082;0,887;12,372;-156679,100;90550,160;-1087590,000;-103784,600;-159848,900;-751282,400;344531,800;108684,800;-958172,800;344569,700;160504,100;681212,500;-103816,900;-109173,900;1027518,000;-156710,800;174376,800;808326,800
25,14;-0,230;2,065;1,952;-0,673;0,561;0,323;0,042;-0,095;0,024;0,887;12,372;-156957,000;91630,600;-1088513,000;-103562,000;-160792,500;-750238,100;344344,300;109681,700;-959399,400;344393,900;161629,500;680270,300;-103578,600;-110150,200;1028621,000;-156966,100;175249,200;807124,100
25,16;-0,230;2,065;1,952;-0,673;0,561;0,323;0,042;-0,095;0,024;0,887;12,372;-160045,400;103632,300;-1097671,000;-100713,300;-172029,100;-738523,800;342241,500;120868,100;-971896,800;342291,100;172804,200;669881,500;-100730,000;-121173,700;1039695,000;-160054,600;185448,100;793478,400
25,18;-0,230;2,065;1,952;-0,673;0,561;0,323;0,042;-0,095;0,024;0,887;12,372;-160310,200;104615,000;-1098407,000;-100467,700;-172945,900;-737567,500;342059,800;121780,400;-972921,600;342109,500;173715,200;669040,400;-100484,300;-122072,500;1040598,000;-160319,400;186277,600;792355,400
25,20;-0,230;2,065;1,952;-0,673;0,561;0,323;0,042;-0,095;0,024;0,887;12,372;-160654,100;105880,800;-1099351,000;-100148,400;-174126,200;-736336,200;341823,600;122954,800;-974242,100;341873,100;174887,900;667959,000;-100165,000;-123229,200;1041759,000;-160663,200;187344,900;790907,400
25,22;-0,230;2,065;1,952;-0,673;0,561;0,323;0,042;-0,095;0,024;0,887;12,372;-160961,000;107001,200;-1100184,000;-99863,130;-175170,500;-735246,800;341612,500;123993,500;-975411,500;341662,200;175925,400;667003,600;-99879,770;-124252,200;1042786,000;-160970,000;188288,800;789624,100
25,24;-0,252;2,084;1,967;-0,523;0,460;0,431;0,032;-0,096;0,105;0,887;12,372;-161309,900;108255,500;-1101334,000;-99555,040;-176298,000;-734033,800;341376,500;125147,700;-977012,900;341419,800;177081,100;665946,500;-99555,090;-125403,100;1044197,000;-161320,000;189370,200;788067,100
25,26;-0,252;2,084;1,967;-0,523;0,460;0,431;0,032;-0,096;0,105;0,887;12,372;-164621,900;119705,900;-1109638,000;-96453,050;-186927,000;-722939,100;339075,200;135715,300;-988995,100;339118,400;187628,500;656323,300;-96453,160;-135804,000;1054637,000;-164631,900;198941,300;774860,100
25,28;-0,252;2,084;1,967;-0,523;0,460;0,431;0,032;-0,096;0,105;0,887;12,372;-164990,200;120925,700;-1110504,000;-96105,910;-188055,500;-721760,700;338817,100;136837,100;-990274,700;338860,400;188747,400;655310,600;-96105,990;-136907,600;1055744,000;-165000,300;199954,700;773444,300
25,30;-0,252;2,084;1,967;-0,523;0,460;0,431;0,032;-0,096;0,105;0,887;12,372;-165184,700;121565,700;-1110958,000;-95922,430;-188647,500;-721142,400;338680,700;137425,300;-990946,400;338724,000;189334,400;654780,000;-95922,400;-137486,100;1056325,000;-165194,900;200485,900;772700,900
25,32;-0,252;2,084;1,967;-0,523;0,460;0,431;0,032;-0,096;0,105;0,887;12,372;-165806,500;123593,600;-1112386,000;-95335,050;-190521,700;-719185,300;338243,700;139287,300;-993075,800;338286,800;191192,000;653104,000;-95335,120;-139317,700;1058163,000;-165816,600;202166,900;770342,300
25,34;-0,262;2,093;1,976;-0,473;0,410;0,465;0,068;-0,053;0,071;0,887;12,372;-166115,900;124660,800;-1113260,000;-95020,990;-191550,200;-718136,400;338026,500;140276,400;-994400,100;338057,300;192007,800;652234,500;-95012,400;-140298,200;1059291,000;-166154,900;203111,000;768978,100
25,36;-0,269;2,101;1,987;-0,374;0,415;0,547;0,078;-0,070;0,115;0,887;12,372;-169787,800;135941,000;-1121069,000;-91536,160;-201888,300;-707286,900;335419,500;150576,500;-1006416,000;335450,900;202429,800;643057,600;-91532,830;-150431,300;1069576,000;-169816,700;212395,500;755723,400
25,38;-0,269;2,101;1,987;-0,374;0,415;0,547;0,078;-0,070;0,115;0,887;12,372;-170195,900;137149,900;-1121876,000;-91144,560;-202997,900;-706127,700;335126,600;151677,700;-1007695,000;335158,000;203527,000;642088,800;-91141,110;-151513,200;1070662,000;-170224,700;213384,500;754294,200
25,40;-0,269;2,101;1,987;-0,374;0,415;0,547;0,078;-0,070;0,115;0,887;12,372;-170631,700;138430,200;-1122727,000;-90725,790;-204172,600;-704900,400;334813,200;152843,000;-1009051,000;334844,500;204688,000;641065,500;-90722,410;-152657,700;1071811,000;-170660,600;214430,800;752778,100
25,42;-0,275;2,110;1,999;-0,317;0,407;0,609;0,110;-0,031;0,084;0,887;12,372;-171202,100;140127,700;-1123950,000;-90156,610;-205743,900;-703266,200;334400,400;154398,500;-1011038,000;334428,800;206108,600;639718,000;-90150,540;-154184,400;1073479,000;-171246,500;215840,400;750706,600
25,44;-0,275;2,110;1,999;-0,317;0,407;0,609;0,110;-0,031;0,084;0,887;12,372;-175198,000;151241,400;-1131082,000;-86278,620;-215899,800;-692655,600;331488,500;164467,900;-1022879,000;331517,000;216134,000;631011,800;-86272,480;-164068,100;1083403,000;-175242,500;224856,500;737403,900
25,46;-0,275;2,110;1,999;-0,317;0,407;0,609;0,110;-0,031;0,084;0,887;12,372;-175547,000;152173,200;-1131664,000;-85937,300;-216749,100;-691768,400;331231,600;165309,500;-1023877,000;331260,000;216971,300;630293,400;-85931,300;-164893,700;1084232,000;-175591,600;225608,500;736278,600
25,48;-0,280;2,119;2,012;-0,274;0,462;0,686;0,123;-0,016;0,061;0,887;12,372;-175694,900;152541,100;-1132041,000;-85758,280;-217181,000;-691345,700;331119,800;165653,700;-1024542,000;331145,500;217290,200;630017,200;-85777,160;-165232,400;1084776,000;-175749,500;225950,000;735726,000
25,50;-0,283;2,130;2,028;-0,186;0,506;0,791;0,142;-0,040;0,120;0,887;12,372;-176597,100;154857,600;-1133549,000;-84926,290;-219171,300;-689239,500;330457,600;167723,500;-1027128,000;330488,000;219525,100;628231,900;-84924,700;-167257,300;1086937,000;-176625,200;227749,000;733028,600
25,52;-0,283;2,130;2,028;-0,186;0,506;0,791;0,142;-0,040;0,120;0,887;12,372;-181087,900;166102,200;-1140239,000;-80480,380;-229376,900;-678584,300;327095,700;177826,800;-1039282,000;327125,900;229568,800;619793,200;-80478,910;-177160,400;1096896,000;-181116,000;236754,900;719242,800
25,54;-0,283;2,130;2,028;-0,186;0,506;0,791;0,142;-0,040;0,120;0,887;12,372;-181587,300;167298,400;-1140925,000;-79981,560;-230459,800;-677454,300;326717,300;178898,100;-1040585,000;326747,600;230632,800;618913,400;-79980,010;-178209,700;1097952,000;-181615,500;237708,000;717759,600
25,56;-0,283;2,130;2,028;-0,186;0,506;0,791;0,142;-0,040;0,120;0,887;12,372;-181951,500;168164,100;-1141418,000;-79617,310;-231243,000;-676637,100;326440,800;179672,900;-1041529,000;326471,200;231402,300;618279,300;-79615,750;-178968,600;1098716,000;-181979,700;238397,300;716683,800
25,58;-0,286;2,150;2,062;-0,037;0,484;0,933;0,155;-0,028;0,157;0,887;12,372;-182579,600;169646,000;-1142399,000;-79004,560;-232452,100;-675243,300;325959,200;180988,300;-1043424,000;325993,500;232705,300;617212,100;-78989,770;-180250,600;1100245,000;-182607,700;239524,600;714935,600
25,60;-0,286;2,150;2,062;-0,037;0,484;0,933;0,155;-0,028;0,157;0,887;12,372;-186781,600;179123,200;-1147553,000;-74756,820;-241002,600;-666331,600;322722,500;189439,000;-1053862,000;322756,800;241092,200;610446,600;-74742,090;-188522,100;1108585,000;-186809,800;247031,000;702983,600
25,62;-0,286;2,150;2,062;-0,037;0,484;0,933;0,155;-0,028;0,157;0,887;12,372;-187400,400;180461,300;-1148252,000;-74125,920;-242207,100;-665077,400;322240,300;190628,700;-1055349,000;322274,700;242272,100;609512,800;-74110,980;-189686,000;1109761,000;-187428,600;248086,500;701274,700
25,64;-0,286;2,150;2,062;-0,037;0,484;0,933;0,155;-0,028;0,157;0,887;12,372;-187771,500;181257,000;-1148664,000;-73746,900;-242923,200;-664332,000;321950,400;191335,600;-1056234,000;321984,700;242973,300;608960,100;-73732,080;-190377,500;1110459,000;-187799,700;248713,700;700255,600
25,66;-0,285;2,159;2,082;0,023;0,423;0,981;0,142;0,002;0,129;0,887;12,372;-188377,600;182577,900;-1149406,000;-73090,540;-244063,700;-663108,200;321468,000;192510,400;-1057872,000;321508,100;243964,800;608060,800;-73087,450;-191529,300;1111739,000;-188413,500;249763,200;698565,900
25,68;-0,282;2,169;2,101;0,108;0,480;1,003;0,127;-0,053;0,100;0,887;12,372;-192918,700;191713,400;-1153922,000;-68453,140;-252196,400;-654567,100;317881,400;200611,000;-1068302,000;317989,500;252384,200;601894,100;-68443,880;-199479,500;1119851,000;-192929,400;256869,600;686757,200
25,70;-0,282;2,169;2,101;0,108;0,480;1,003;0,127;-0,053;0,100;0,887;12,372;-193358,100;192566,700;-1154317,000;-67995,230;-252960,700;-653774,100;317528,400;201364,500;-1069275,000;317636,400;253130,100;601336,200;-67986,000;-200215,500;1120598,000;-193368,900;257536,800;685627,900
25,72;-0,282;2,169;2,101;0,108;0,480;1,003;0,127;-0,053;0,100;0,887;12,372;-193789,400;193397,600;-1154698,000;-67545,070;-253705,000;-653002,300;317181,300;202097,800;-1070224,000;317289,300;253856,100;600795,800;-67535,920;-200932,000;1121325,000;-193800,100;258186,400;684525,000
25,74;-0,282;2,169;2,101;0,108;0,480;1,003;0,127;-0,053;0,100;0,887;12,372;-194248,900;194275,700;-1155096,000;-67064,780;-254491,500;-652186,900;316810,600;202872,500;-1071230,000;316918,600;254623,500;600227,000;-67055,580;-201688,800;1122094,000;-194259,600;258872,500;683356,000
25,76;-0,279;2,179;2,120;0,165;0,513;0,956;0,043;-0,051;0,052;0,887;12,372;-194919,200;195561,500;-1155731,000;-66376,450;-255607,200;-650996,400;316266,000;203996,700;-1072860,000;316386,600;255639,200;599372,800;-66344,600;-202819,800;1123338,000;-194922,100;259821,500;681722,300
25,78;-0,279;2,179;2,120;0,165;0,513;0,956;0,043;-0,051;0,052;0,887;12,372;-199593,500;203975,900;-1159247,000;-61431,640;-263125,200;-643225,100;312431,600;211393,700;-1082663,000;312552,200;262957,600;594153,800;-61399,780;-210042,500;1130699,000;-199596,400;266370,500;670270,700
25,80;-0,279;2,179;2,120;0,165;0,513;0,956;0,043;-0,051;0,052;0,887;12,372;-200005,400;204683,000;-1159521,000;-60991,890;-263756,000;-642574,800;312089,300;212013,700;-1083499,000;312209,900;263570,900;593731,000;-60959,960;-210647,600;1131318,000;-200008,300;266919,400;669290,100
25,82;-0,274;2,190;2,138;0,217;0,540;0,901;-0,001;-0,057;0,043;0,887;12,372;-200169,600;204954,300;-1159693,000;-60813,460;-264003,600;-642302,300;311950,700;212255,700;-1084044,000;312064,900;263710,200;593569,900;-60777,080;-210873,200;1131713,000;-200187,500;267129,600;668912,800
25,84;-0,268;2,199;2,156;0,278;0,429;0,871;-0,042;-0,111;0,141;0,887;12,372;-201352,300;206926,500;-1160469,000;-59572,520;-265585,700;-640514,000;310966,900;213954,300;-1086454,000;311111,300;265657,900;592460,100;-59544,960;-212498,900;1133509,000;-201345,900;268793,500;666322,000
25,86;-0,268;2,199;2,156;0,278;0,429;0,871;-0,042;-0,111;0,141;0,887;12,372;-206053,500;214393,900;-1162986,000;-54479,620;-272232,300;-633696,300;306979,300;220472,800;-1095511,000;307123,600;272101,400;588289,800;-54452,070;-218858,800;1140051,000;-206046,900;274569,700;655631,500
25,88;-0,268;2,199;2,156;0,278;0,429;0,871;-0,042;-0,111;0,141;0,887;12,372;-206639,000;215275,700;-1163250,000;-53839,140;-273015,900;-632895,600;306475,800;221240,200;-1096601,000;306620,100;272859,800;587822,800;-53811,570;-219607,500;1140825,000;-206632,500;275250,200;654339,600
25,90;-0,268;2,199;2,156;0,278;0,429;0,871;-0,042;-0,111;0,141;0,887;12,372;-207120,300;215992,400;-1163459,000;-53311,710;-273652,700;-632245,700;306060,800;221863,400;-1097490,000;306205,200;273475,900;587447,700;-53284,220;-220215,600;1141454,000;-207113,800;275803,100;653284,300
25,92;-0,257;2,213;2,185;0,245;0,334;0,669;-0,025;-0,119;0,077;0,887;12,372;-207547,800;216589,400;-1163691,000;-52833,820;-274130,000;-631634,200;305709,600;222439,400;-1098554,000;305772,100;274089,300;587119,800;-52794,920;-220806,100;1142187,000;-207550,800;276449,100;652383,300
25,94;-0,257;2,213;2,185;0,245;0,334;0,669;-0,025;-0,119;0,077;0,887;12,372;-212355,000;223271,800;-1165302,000;-47503,270;-280058,500;-625619,100;301494,500;228228,400;-1107068,000;301557,000;279813,800;583887,100;-47464,360;-226453,800;1148070,000;-212357,900;281594,000;642228,700
25,96;-0,257;2,213;2,185;0,245;0,334;0,669;-0,025;-0,119;0,077;0,887;12,372;-212890,600;223972,800;-1165437,000;-46903,390;-280679,600;-624992,800;301018,100;228833,400;-1107983,000;301080,700;280412,400;583574,200;-46864,380;-227044,300;1148690,000;-212893,600;282132,800;641132,400
25,98;-0,257;2,213;2,185;0,245;0,334;0,669;-0,025;-0,119;0,077;0,887;12,372;-213189,500;224359,900;-1165509,000;-46568,250;-281022,400;-624647,300;300751,800;229167,600;-1108491,000;300814,300;280742,900;583403,800;-46529,300;-227370,200;1149032,000;-213192,500;282430,300;640523,900
26,00;-0,247;2,223;2,208;0,250;0,235;0,525;-0,042;-0,100;0,078;0,887;12,372;-213882,600;225271,600;-1165688,000;-45780,320;-281714,800;-623845,900;300128,100;229943,800;-1109852,000;300155,000;281610,800;583062,600;-45721,360;-228117,200;1149945,000;-213884,200;283090,900;639080,500
26,02;-0,247;2,223;2,208;0,250;0,235;0,525;-0,042;-0,100;0,078;0,887;12,372;-220148,400;232612,500;-1166424,000;-38646,370;-288203,900;-617383,100;294420,700;236233,900;-1119900,000;294447,700;287848,000;580329,000;-38587,450;-234261,000;1156479,000;-220150,000;288718,600;626946,800
26,04;-0,242;2,227;2,218;0,237;0,196;0,465;-0,070;-0,064;0,058;0,887;12,372;-220981,800;233507,500;-1166424,000;-37671,980;-288979,600;-616582,700;293635,900;236991,500;-1121306,000;293672,300;288581,300;580078,000;-37596,820;-235003,700;1157356,000;-220986,200;289368,700;625413,600
26,06;-0,242;2,227;2,218;0,237;0,196;0,465;-0,070;-0,064;0,058;0,887;12,372;-225892,900;238290,800;-1166046,000;-31943,990;-293190,400;-612498,600;289002,300;241030,400;-1128450,000;289038,800;292612,700;578982,700;-31868,670;-238960,800;1161684,000;-225897,400;293020,600;616681,600
26,08;-0,237;2,231;2,227;0,212;0,223;0,462;-0,094;-0,020;0,016;0,887;12,372;-226273,800;238599,800;-1165959,000;-31449,370;-293513,700;-612172,900;288628,500;241298,200;-1129141,000;288660,200;292708,000;578992,300;-31397,110;-239220,800;1162072,000;-226339,700;293310,900;615973,200
26,10;-0,237;2,231;2,227;0,212;0,223;0,462;-0,094;-0,020;0,016;0,887;12,372;-227026,100;239256,200;-1165827,000;-30561,000;-294089,900;-611624,800;287905,700;241846,600;-1130178,000;287937,400;293258,700;578906,700;-30508,810;-239759,700;1162673,000;-227092,000;293810,700;614697,000
26,12;-0,233;2,235;2,237;0,183;0,238;0,498;-0,070;0,002;0,025;0,887;12,372;-227840,700;239928,500;-1165662,000;-29606,860;-294646,000;-611086,200;287129,300;242415,000;-1131355,000;287147,600;293866,500;578823,300;-29560,340;-240304,700;1163350,000;-227907,700;294355,800;613337,100
26,14;-0,233;2,235;2,237;0,183;0,238;0,498;-0,070;0,002;0,025;0,887;12,372;-232653,200;243587,200;-1164292,000;-23846,280;-297844,500;-608131,400;282411,100;245422,100;-1137587,000;282429,500;296916,900;578858,200;-23799,720;-243274,000;1166757,000;-232720,200;297130,200;605609,300
26,16;-0,233;2,235;2,237;0,183;0,238;0,498;-0,070;0,002;0,025;0,887;12,372;-233190,700;243951,100;-1164095,000;-23196,460;-298161,500;-607846,900;281876,200;245716,500;-1138249,000;281894,600;297218,700;578910,200;-23149,820;-243566,300;1167102,000;-233257,700;297405,100;604782,400
26,18;-0,230;2,240;2,248;0,171;0,252;0,544;-0,077;0,054;-0,001;0,887;12,372;-233442,800;244124,500;-1163959,000;-22843,270;-298290,000;-607735,900;281609,000;245858,200;-1138671,000;281600,500;297235,500;578918,900;-22814,580;-243701,500;1167321,000;-233502,500;297547,000;604349,400
26,20;-0,226;2,244;2,260;0,178;0,220;0,571;-0,052;0,035;0,031;0,887;12,372;-234137,400;244569,500;-1163679,000;-22019,180;-298606,100;-607429,400;280917,800;246215,200;-1139535,000;280896,900;297687,900;579020,900;-22004,440;-244041,700;1167767,000;-234164,100;297878,500;603352,500
26,22;-0,226;2,244;2,260;0,178;0,220;0,571;-0,052;0,035;0,031;0,887;12,372;-239024,500;247295,400;-1161335,000;-16026,110;-300958,800;-605444,700;275949,500;248345,800;-1145122,000;275928,700;299925,800;580120,500;-16011,400;-246181,700;1170429,000;-239051,100;299916,800;596312,600
26,24;-0,226;2,244;2,260;0,178;0,220;0,571;-0,052;0,035;0,031;0,887;12,372;-239545,400;247540,800;-1161042,000;-15380,870;-301168,700;-605279,600;275411,800;248530,500;-1145683,000;275390,900;300125,200;580286,200;-15366,130;-246370,000;1170677,000;-239572,000;300098,400;595599,400
26,26;-0,226;2,244;2,260;0,178;0,220;0,571;-0,052;0,035;0,031;0,887;12,372;-239878,200;247693,000;-1160850,000;-14967,930;-301298,600;-605178,800;275067,400;248644,200;-1146039,000;275046,600;300248,700;580396,800;-14953,170;-246485,900;1170831,000;-239904,800;300210,800;595147,600
26,28;-0,219;2,250;2,284;0,174;0,149;0,606;-0,010;0,018;0,011;0,887;12,372;-240610,100;247995,300;-1160359,000;-14067,360;-301517,300;-604996,300;274304,800;248869,100;-1146911,000;274312,700;300564,800;580666,500;-14071,930;-246727,500;1171202,000;-240615,400;300414,200;594197,400
26,30;-0,219;2,250;2,284;0,174;0,149;0,606;-0,010;0,018;0,011;0,887;12,372;-245364,300;249645,000;-1157121,000;-8092,940;-302894,700;-604103,200;269288,400;249995,300;-1151591,000;269296,300;301874,800;582812,000;-8097,565;-247918,400;1172982,000;-245369,600;301598,400;588182,400
26,32;-0,219;2,250;2,284;0,174;0,149;0,606;-0,010;0,018;0,011;0,887;12,372;-245935,100;249792,500;-1156684,000;-7368,425;-303013,800;-604048,600;268676,800;250082,300;-1152114,000;268684,700;301988,200;583123,900;-7373,078;-248016,200;1173154,000;-245940,300;301699,800;587503,000
26,34;-0,219;2,250;2,284;0,174;0,149;0,606;-0,010;0,018;0,011;0,887;12,372;-246400,900;249904,800;-1156320,000;-6775,913;-303103,700;-604012,400;268176,000;250145,700;-1152535,000;268183,900;302074,000;583386,900;-6780,548;-248088,900;1173289,000;-246406,100;301776,100;586955,300
26,36;-0,216;2,252;2,296;0,155;0,104;0,617;-0,020;0,010;-0,008;0,887;12,372;-246891,000;250008,200;-1155865,000;-6132,605;-303186,000;-603970,800;267639,300;250188,200;-1153041,000;267678,700;302164,800;583687,600;-6148,307;-248159,700;1173446,000;-246899,000;301849,500;586372,300
26,38;-0,216;2,252;2,296;0,155;0,104;0,617;-0,020;0,010;-0,008;0,887;12,372;-251701,400;250640,200;-1151603,000;59,840;-303629,300;-604150,800;262371,300;250334,000;-1156983,000;262410,600;302594,300;586970,100;44,076;-248435,800;1174404,000;-251709,300;302206,800;581169,400
26,40;-0,216;2,252;2,296;0,155;0,104;0,617;-0,020;0,010;-0,008;0,887;12,372;-252137,900;250657,700;-1151179,000;627,355;-303632,900;-604208,800;261885,700;250308,800;-1157310,000;261925,100;302598,900;587310,700;611,581;-248424,900;1174458,000;-252146,000;302206,400;580731,900
26,42;-0,213;2,254;2,310;0,150;0,097;0,660;-0,054;0,023;-0,009;0,887;12,372;-252454,800;250653,300;-1150759,000;1069,158;-303611,000;-604277,500;261519,800;250267,800;-1157627,000;261548,600;302483,500;587557,600;1048,221;-248394,300;1174502,000;-252469,700;302197,000;580419,900
26,44;-0,210;2,255;2,323;0,143;0,066;0,673;-0,027;0,001;-0,001;0,887;12,372;-253124,600;250655,300;-1150047,000;1915,787;-303578,300;-604394,700;260786,000;250207,400;-1158137,000;260789,500;302519,400;588112,900;1899,802;-248349,400;1174571,000;-253128,800;302169,000;579803,700
26,46;-0,210;2,255;2,323;0,143;0,066;0,673;-0,027;0,001;-0,001;0,887;12,372;-257726,900;250236,200;-1144999,000;7982,551;-303056,700;-605645,200;255555,000;249351,000;-1161112,000;255558,400;302045,700;592349,000;7966,697;-247687,900;1174647,000;-257731,100;301663,000;575722,400
26,48;-0,210;2,255;2,323;0,143;0,066;0,673;-0,027;0,001;-0,001;0,887;12,372;-258163,000;250156,200;-1144483,000;8562,756;-302969,800;-605806,300;255052,000;249230,400;-1161362,000;255055,400;301966,100;592793,300;8546,896;-247588,600;1174621,000;-258167,100;301581,300;575371,600
26,50;-0,210;2,255;2,323;0,143;0,066;0,673;-0,027;0,001;-0,001;0,887;12,372;-258457,300;250098,300;-1144130,000;8955,043;-302907,600;-605919,200;254711,500;249144,900;-1161527,000;254714,900;301908,900;593097,400;8939,230;-247517,800;1174600,000;-258461,400;301522,500;575138,500
26,52;-0,210;2,255;2,323;0,143;0,066;0,673;-0,027;0,001;-0,001;0,887;12,372;-259093,000;249961,600;-1143359,000;9803,621;-302762,500;-606175,000;253974,400;248949,300;-1161876,000;253977,800;301775,400;593766,500;9787,741;-247354,800;1174545,000;-259097,200;301386,400;574645,300
26,54;-0,205;2,255;2,351;0,122;0,004;0,690;0,002;-0,017;-0,001;0,887;12,372;-259546,400;249843,300;-1142659,000;10384,450;-302613,200;-606389,900;253454,300;248796,600;-1162173,000;253474,800;301747,500;594280,500;10380,380;-247225,100;1174487,000;-259548,000;301248,200;574350,300
26,56;-0,205;2,255;2,351;0,122;0,004;0,690;0,002;-0,017;-0,001;0,887;12,372;-263967,600;248368,900;-1136795,000;16356,010;-301113,100;-608728,400;248230,500;246915,300;-1164177,000;248250,900;300364,400;599493,900;16351,940;-245610,400;1173669,000;-263969,200;299853,300;571396,100
26,58;-0,205;2,255;2,351;0,122;0,004;0,690;0,002;-0,017;-0,001;0,887;12,372;-264374,700;248194,700;-1136218,000;16910,840;-300938,800;-608984,700;247742,500;246703,500;-1164330,000;247763,000;300203,600;600015,100;16906,750;-245426,300;1173561,000;-264376,300;299691,700;571159,400
26,60;-0,205;2,255;2,351;0,122;0,004;0,690;0,002;-0,017;-0,001;0,887;12,372;-264805,800;248002,700;-1135601,000;17499,350;-300747,400;-609263,900;247224,300;246472,200;-1164487,000;247244,800;300027,000;600574,700;17495,250;-245224,500;1173441,000;-264807,300;299514,300;570915,500
26,62;-0,205;2,255;2,351;0,122;0,004;0,690;0,002;-0,017;-0,001;0,887;12,372;-265266,700;247789,300;-1134933,000;18129,680;-300535,000;-609571,300;246668,800;246216,300;-1164647,000;246689,200;299831,000;601181,800;18125,620;-245001,200;1173306,000;-265268,300;299317,300;570662,800
26,64;-0,203;2,254;2,365;0,090;-0,036;0,706;-0,017;-0,001;-0,003;0,887;12,372;-265696,300;247570,000;-1134184,000;18734,250;-300305,500;-609880,900;246139,500;245949,900;-1164819,000;246174,400;299631,100;601772,600;18734,520;-244775,200;1173148,000;-265709,000;299113,100;570426,900
26,66;-0,202;2,253;2,379;0,077;-0,060;0,690;0,006;-0,016;-0,009;0,887;12,372;-269841,400;245169,800;-1127667,000;24444,750;-297949,800;-613154,100;241064,900;243165,300;-1165872,000;241081,200;297495,800;607745,800;24450,000;-242325,400;1171506,000;-269842,400;296916,600;568625,000
26,68;-0,202;2,253;2,379;0,077;-0,060;0,690;0,006;-0,016;-0,009;0,887;12,372;-270230,100;244907,100;-1127025,000;24986,580;-297692,600;-613501,800;240581,500;242866,100;-1165939,000;240597,800;297258,400;608345,800;24991,870;-242060,200;1171321,000;-270231,100;296677,800;568489,600
26,70;-0,202;2,253;2,379;0,077;-0,060;0,690;0,006;-0,016;-0,009;0,887;12,372;-270536,200;244695,400;-1126515,000;25413,860;-297485,500;-613780,700;240199,900;242625,800;-1165988,000;240216,400;297067,400;608823,300;25419,120;-241847,000;1171172,000;-270537,200;296485,500;568387,600
26,72;-0,200;2,251;2,393;0,051;-0,096;0,697;0,005;-0,011;-0,001;0,887;12,372;-271295,900;244142,000;-1125124,000;26479,040;-296942,500;-614503,300;239242,900;242002,000;-1166104,000;239273,700;296633,000;610060,500;26493,330;-241290,500;1170753,000;-271296,000;295982,600;568146,700
26,74;-0,200;2,251;2,393;0,051;-0,096;0,697;0,005;-0,011;-0,001;0,887;12,372;-275392,800;240761,300;-1117779,000;32263,370;-293650,000;-618823,800;234039,400;238227,200;-1166294,000;234070,200;293595,200;617034,700;32277,630;-237922,600;1168279,000;-275392,800;292917,700;567307,300
26,76;-0,200;2,251;2,393;0,051;-0,096;0,697;0,005;-0,011;-0,001;0,887;12,372;-275907,300;240282,500;-1116804,000;32996,140;-293184,800;-619424,500;233376,400;237697,600;-1166271,000;233407,200;293166,000;617968,300;33010,420;-237448,700;1167921,000;-275907,400;292483,700;567254,500
26,78;-0,200;2,248;2,407;0,033;-0,120;0,717;-0,033;0,005;-0,001;0,887;12,372;-276211,900;239981,800;-1116049,000;33460,710;-292860,700;-619830,300;232969,300;237352,700;-1166250,000;232992,600;292772,300;618510,000;33464,980;-237142,300;1167640,000;-276220,600;292209,100;567208,100
26,80;-0,199;2,246;2,421;0,035;-0,128;0,701;0,010;-0,010;-0,017;0,887;12,372;-276686,000;239521,000;-1115061,000;34117,250;-292431,800;-620388,100;232367,500;236856,800;-1166204,000;232368,100;292415,500;619403,600;34122,590;-236696,700;1167264,000;-276684,500;291782,600;567198,900
26,82;-0,199;2,246;2,421;0,035;-0,128;0,701;0,010;-0,010;-0,017;0,887;12,372;-280645,800;235236,800;-1106991,000;39823,450;-288277,800;-625655,400;227163,400;232166,500;-1165513,000;227164,000;288584,500;627222,500;39828,770;-232482,100;1163984,000;-280644,300;287894,300;567383,400
26,84;-0,199;2,246;2,421;0,035;-0,128;0,701;0,010;-0,010;-0,017;0,887;12,372;-281075,600;234724,500;-1106070,000;40447,980;-287781,800;-626277,600;226590,600;231608,800;-1165397,000;226591,200;288127,100;628121,100;40453,280;-231979,900;1163587,000;-281074,100;287428,800;567450,100
26,86;-0,199;2,246;2,421;0,035;-0,128;0,701;0,010;-0,010;-0,017;0,887;12,372;-281485,800;234226,900;-1105183,000;41044,920;-287299,800;-626881,100;226042,500;231067,400;-1165279,000;226043,100;287682,500;628988,300;41050,210;-231492,100;1163199,000;-281484,300;286976,300;567522,800
26,88;-0,198;2,242;2,436;0,026;-0,174;0,716;-0,005;-0,011;-0,004;0,887;12,372;-282009,800;233563,900;-1103893,000;41810,820;-286646,300;-627695,100;225333,600;230348,600;-1165095,000;225360,600;287196,100;630139,900;41817,850;-230840,600;1162632,000;-282006,500;286365,300;567633,400
26,90;-0,198;2,238;2,450;0,022;-0,162;0,693;0,012;-0,011;-0,024;0,887;12,372;-285741,000;228513,600;-1095236,000;47267,610;-281776,600;-633726,100;220273,800;224880,100;-1163530,000;220270,700;282680,200;638570,500;47294,230;-225910,300;1158600,000;-285720,900;281742,800;568850,700
26,92;-0,198;2,238;2,450;0,022;-0,162;0,693;0,012;-0,011;-0,024;0,887;12,372;-286124,000;227950,800;-1094313,000;47834,930;-281231,900;-634394,900;219746,400;224273,100;-1163332,000;219743,200;282178,000;639483,500;47861,610;-225361,000;1158150,000;-286104,000;281228,300;569017,600
26,94;-0,198;2,238;2,450;0,022;-0,162;0,693;0,012;-0,011;-0,024;0,887;12,372;-286453,600;227459,800;-1093512,000;48323,770;-280756,600;-634977,800;219291,400;223743,900;-1163156,000;219288,200;281739,700;640276,600;48350,380;-224882,000;1157757,000;-286433,600;280779,100;569168,100
26,96;-0,198;2,238;2,450;0,022;-0,162;0,693;0,012;-0,011;-0,024;0,887;12,372;-286980,500;226661,800;-1092219,000;49106,520;-279984,400;-635923,100;218562,200;222884,200;-1162861,000;218559,100;281027,400;641558,000;49133,220;-224103,600;1157117,000;-286960,500;280048,800;569421,900
26,98;-0,198;2,234;2,463;0,014;-0,216;0,686;-0,011;-0,016;-0,003;0,887;12,372;-287306,700;226149,600;-1091260,000;49601,140;-279470,900;-636548,400;218101,200;222325,200;-1162636,000;218127,700;280640,600;642378,500;49622,160;-223595,400;1156640,000;-287291,400;279574,700;569592,200
27,00;-0,198;2,234;2,463;0,014;-0,216;0,686;-0,011;-0,016;-0,003;0,887;12,372;-291052,700;219914,400;-1081525,000;55218,120;-273434,700;-643873,500;212831,900;215630,300;-1160034,000;212858,300;275072,400;652080,900;55239,230;-217520,200;1151578,000;-291037,500;273846,600;571974,100
27,02;-0,197;2,228;2,477;0,021;-0,270;0,703;-0,048;-0,006;0,006;0,887;12,372;-291382,300;219316,300;-1080423,000;55731,110;-272806,800;-644619,500;212351,300;214980,400;-1159710,000;212349,100;274517,200;652998,900;55753,270;-216925,200;1150988,000;-291367,600;273302,400;572207,700
27,04;-0,197;2,228;2,477;0,021;-0,270;0,703;-0,048;-0,006;0,006;0,887;12,372;-291596,100;218928,700;-1079836,000;56054,560;-272431,400;-645071,700;212045,800;214565,300;-1159533,000;212043,700;274170,800;653586,000;56076,750;-216547,800;1150670,000;-291581,500;272945,000;572376,400
27,06;-0,196;2,223;2,491;0,032;-0,269;0,677;0,021;-0,009;-0,022;0,887;12,372;-292334,000;217553,800;-1077681,000;57158,090;-271152,900;-646624,200;210997,500;213110,500;-1158860,000;210977,600;273012,100;655643,300;57186,810;-215231,600;1149484,000;-292317,800;271672,000;572997,900
27,08;-0,196;2,223;2,491;0,032;-0,269;0,677;0,021;-0,009;-0,022;0,887;12,372;-295702,500;210866,600;-1067878,000;62302,060;-264674,100;-654366,500;206105,100;205968,600;-1155522,000;206085,300;267030,200;665504,400;62330,850;-208723,400;1143939,000;-295686,400;265481,000;576258,600
27,10;-0,196;2,223;2,491;0,032;-0,269;0,677;0,021;-0,009;-0,022;0,887;12,372;-296020,700;210193,800;-1066912,000;62791,270;-264021,900;-655141,900;205637,400;205251,100;-1155168,000;205617,600;266427,700;666479,000;62820,110;-208068,500;1143377,000;-296004,600;264856,200;576609,600
27,12;-0,196;2,223;2,491;0,032;-0,269;0,677;0,021;-0,009;-0,022;0,887;12,372;-296319,400;209555,300;-1065998,000;63250,950;-263403,300;-655876,600;205197,600;204570,800;-1154830,000;205177,700;265856,000;667401,100;63279,700;-207447,400;1142843,000;-296303,100;264263,200;576946,100
27,14;-0,196;2,217;2,505;0,027;-0,316;0,681;-0,010;-0,009;-0,004;0,887;12,372;-296739,500;208634,000;-1064529,000;63905,700;-262500,500;-656947,400;204573,500;203586,000;-1154276,000;204594,600;265073,200;668721,600;63926,060;-206543,700;1141981,000;-296725,100;263392,300;577447,100
27,16;-0,195;2,210;2,518;0,036;-0,305;0,651;0,034;-0,010;-0,010;0,887;12,372;-297055,200;207940,600;-1063434,000;64380,000;-261850,600;-657722,100;204109,100;202863,500;-1153864,000;204089,800;264503,200;669700,100;64412,840;-205859,100;1141328,000;-297036,500;262738,100;577836,600
27,18;-0,195;2,210;2,518;0,036;-0,305;0,651;0,034;-0,010;-0,010;0,887;12,372;-300432,300;200031,700;-1052426,000;69628,720;-254178,600;-666767,300;199048,000;194453,800;-1149383,000;199028,700;257408,600;680850,300;69661,630;-198161,300;1134642,000;-300413,600;255355,600;582367,500
27,20;-0,195;2,210;2,518;0,036;-0,305;0,651;0,034;-0,010;-0,010;0,887;12,372;-300735,300;199276,600;-1051394,000;70102,850;-253445,800;-667627,100;198588,400;193652,200;-1148938,000;198569,100;256730,400;681898,100;70135,870;-197426,300;1134000,000;-300716,500;254648,600;582821,800
27,22;-0,195;2,210;2,518;0,036;-0,305;0,651;0,034;-0,010;-0,010;0,887;12,372;-300938,500;198766,100;-1050697,000;70420,930;-252950,300;-668208,000;198279,800;193110,500;-1148635,000;198260,500;256271,900;682605,200;70453,860;-196929,300;1133565,000;-300919,800;254170,500;583130,800
27,24;-0,195;2,210;2,518;0,036;-0,305;0,651;0,034;-0,010;-0,010;0,887;12,372;-301370,700;197667,900;-1049204,000;71098,700;-251884,300;-669456,900;197621,700;191945,200;-1147980,000;197602,500;255284,900;684122,400;71131,590;-195860,100;1132628,000;-301351,900;253141,000;583801,300
27,26;-0,194;2,196;2,543;0,040;-0,333;0,610;0,044;-0,003;-0,010;0,887;12,372;-301564,400;197148,700;-1048222,000;71406,860;-251389,100;-670039,500;197320,700;191401,000;-1147547,000;197298,000;254906,200;684814,800;71445,590;-195346,300;1132009,000;-301549,700;252639,700;584128,200
27,28;-0,194;2,196;2,543;0,040;-0,333;0,610;0,044;-0,003;-0,010;0,887;12,372;-304955,800;187859,200;-1035840,000;76766,400;-242364,500;-680550,300;192082,700;181563,900;-1141756,000;192059,800;246542,900;697420,800;76805,090;-186298,300;1124017,000;-304941,100;243897,400;590099,600
27,30;-0,194;2,196;2,543;0,040;-0,333;0,610;0,044;-0,003;-0,010;0,887;12,372;-305229,600;187061,100;-1034793,000;77201,940;-241588,800;-681449,600;191654,700;180720,000;-1141241,000;191631,900;245823,200;698488,800;77240,750;-185520,500;1123325,000;-305214,900;243143,900;590632,600
27,32;-0,194;2,196;2,543;0,040;-0,333;0,610;0,044;-0,003;-0,010;0,887;12,372;-305413,300;186521,400;-1034086,000;77494,320;-241064,200;-682057,500;191367,100;180149,700;-1140892,000;191344,400;245336,600;699209,400;77533,110;-184994,700;1122857,000;-305398,500;242634,200;590994,700
27,34;-0,192;2,182;2,566;0,042;-0,342;0,556;0,047;0,005;-0,010;0,887;12,372;-306104,600;184436,800;-1031104,000;78601,670;-239045,800;-684394,100;190277,500;177946,200;-1139401,000;190253,700;243503,200;701979,700;78642,270;-182962,000;1120875,000;-306093,500;240650,900;592414,700
27,36;-0,192;2,182;2,566;0,042;-0,342;0,556;0,047;0,005;-0,010;0,887;12,372;-308960,900;175341,000;-1019413,000;83186,690;-230195,600;-694586,900;185737,500;168354,000;-1133285,000;185713,800;235279,000;713923,300;83227,350;-174092,800;1112920,000;-308950,000;232023,700;598791,300
27,38;-0,192;2,182;2,566;0,042;-0,342;0,556;0,047;0,005;-0,010;0,887;12,372;-309228,900;174439,300;-1018267,000;83619,320;-229317,500;-695594,300;185307,100;167404,300;-1132663,000;185283,200;234462,200;715094,400;83659,970;-173213,000;1112127,000;-309217,900;231165,900;599440,800
27,40;-0,192;2,182;2,566;0,042;-0,342;0,556;0,047;0,005;-0,010;0,887;12,372;-309475,900;173600,500;-1017204,000;84018,340;-228500,900;-696530,400;184909,900;166521,500;-1132083,000;184886,000;233702,200;716181,400;84059,020;-172394,800;1111389,000;-309464,900;230367,700;600047,700
27,42;-0,191;2,174;2,577;0,042;-0,405;0,523;-0,021;-0,013;0,037;0,887;12,372;-310012,400;171773,300;-1014711,000;84881,700;-226667,900;-698623,500;184044,100;164577,400;-1130703,000;184076,500;232129,800;718543,800;84910,910;-170598,700;1109652,000;-309998,700;228610,800;601419,900
27,44;-0,191;2,174;2,577;0,042;-0,405;0,523;-0,021;-0,013;0,037;0,887;12,372;-312750,700;161732,200;-1002182,000;89338,230;-216883,000;-709779,300;179578,400;154032,600;-1123537,000;179610,800;223008,000;731367,900;89367,570;-160795,600;1100742,000;-312736,900;219019,800;608933,600
27,46;-0,190;2,164;2,588;0,049;-0,506;0,517;-0,089;-0,006;0,066;0,887;12,372;-312959,400;160913,600;-1000891,000;89712,600;-215982,800;-710732,000;179218,600;153152,400;-1122780,000;179237,500;222294,300;732438,000;89723,130;-159973,800;1099811,000;-312951,800;218260,300;609536,800
27,48;-0,190;2,164;2,588;0,049;-0,506;0,517;-0,089;-0,006;0,066;0,887;12,372;-313127,900;160309,800;-1000166,000;89964,120;-215386,800;-711380,600;178969,800;152508,300;-1122357,000;178988,900;221748,100;733223,700;89974,600;-159386,200;1099245,000;-313120,300;217674,400;610028,500
27,50;-0,189;2,154;2,598;0,061;-0,489;0,500;0,008;0,001;-0,018;0,887;12,372;-313543,500;158597,200;-997937,100;90653,750;-213789,800;-713195,800;178285,400;150759,800;-1121028,000;178265,900;220131,000;735339,600;90665,960;-157755,100;1097620,000;-313541,500;216063,700;611321,300
27,52;-0,189;2,154;2,598;0,061;-0,489;0,500;0,008;0,001;-0,018;0,887;12,372;-315988,600;148337,900;-985450,300;94680,710;-203777,800;-724503,100;174206,000;140032,400;-1113342,000;174186,700;210765,800;748131,900;94692,940;-147726,800;1088393,000;-315986,400;206203,000;619401,600
27,54;-0,189;2,154;2,598;0,061;-0,489;0,500;0,008;0,001;-0,018;0,887;12,372;-316240,400;147221,100;-984103,400;95097,500;-202687,600;-725730,000;173782,000;138866,900;-1112490,000;173762,600;209744,400;749511,400;95109,560;-146634,700;1087383,000;-316238,400;205127,200;620297,000
27,56;-0,189;2,154;2,598;0,061;-0,489;0,500;0,008;0,001;-0,018;0,887;12,372;-316396,200;146524,500;-983264,600;95355,450;-202007,200;-726495,000;173519,400;138140,200;-1111958,000;173500,100;209107,000;750371,000;95367,620;-145953,200;1086753,000;-316394,300;204455,900;620857,200
27,58;-0,187;2,133;2,617;0,070;-0,475;0,498;0,045;0,007;-0,038;0,887;12,372;-316690,900;145168,200;-981339,400;95837,520;-200734,800;-727935,400;173025,100;136744,500;-1110728,000;172989,900;207907,800;752021,800;95857,730;-144630,500;1085304,000;-316682,000;203140,100;621955,200
27,60;-0,187;2,133;2,617;0,070;-0,475;0,498;0,045;0,007;-0,038;0,887;12,372;-319384,200;132130,400;-965829,100;100325,100;-187993,300;-742190,300;168430,700;123180,000;-1100519,000;168395,400;195940,600;767908,800;100345,400;-131870,100;1073422,000;-319375,300;190534,800;632688,600
27,62;-0,184;2,114;2,636;0,061;-0,457;0,456;0,047;0,008;-0,023;0,887;12,372;-319762,300;130164,500;-963210,900;100948,600;-186071,700;-744325,600;167777,900;121125,300;-1098744,000;167752,900;194181,200;770275,300;100978,200;-129933,100;1071384,000;-319750,200;188608,600;634377,900
27,64;-0,184;2,114;2,636;0,061;-0,457;0,456;0,047;0,008;-0,023;0,887;12,372;-321883,200;118392,000;-949468,400;104517,300;-174552,500;-757103,300;164090,700;108937,900;-1089187,000;164065,700;183317,100;784338,800;104546,800;-118397,900;1060528,000;-321871,100;177170,100;644413,200
27,66;-0,184;2,114;2,636;0,061;-0,457;0,456;0,047;0,008;-0,023;0,887;12,372;-322087,000;117189,600;-948075,400;104861,500;-173375,400;-758404,300;163733,600;107695,900;-1088196,000;163708,600;182204,800;785763,400;104891,100;-117219,200;1059414,000;-322075,000;175999,600;645452,100
27,68;-0,184;2,114;2,636;0,061;-0,457;0,456;0,047;0,008;-0,023;0,887;12,372;-322197,500;116531,500;-947313,700;105048,400;-172730,900;-759116,100;163539,700;107016,300;-1087653,000;163514,800;181595,700;786542,200;105078,100;-116573,800;1058803,000;-322185,500;175358,400;646022,100
27,70;-0,183;2,103;2,644;0,053;-0,517;0,414;-0,004;-0,010;0,037;0,887;12,372;-322573,000;114267,500;-944500,200;105682,400;-170449,200;-761625,300;162878,400;104681,300;-1085644,000;162901,100;179640,000;789206,300;105702,800;-114338,000;1056543,000;-322573,100;173169,500;647972,100
27,72;-0,183;2,103;2,644;0,053;-0,517;0,414;-0,004;-0,010;0,037;0,887;12,372;-324379,900;102604,600;-931127,900;108750,600;-159023,400;-774187,900;159680,400;92674,470;-1075848,000;159703,200;168812,900;802867,900;108771,000;-102897,500;1045659,000;-324380,000;161784,600;658231,700
27,74;-0,182;2,091;2,653;0,054;-0,641;0,405;-0,082;0,001;0,045;0,887;12,372;-324504,200;101735,600;-929837,000;108985,800;-158058,000;-775188,800;159448,800;91749,700;-1074884,000;159444,700;167979,500;803929,800;108997,100;-102018,800;1044592,000;-324504,100;160956,500;659011,400
27,76;-0,182;2,091;2,653;0,054;-0,641;0,405;-0,082;0,001;0,045;0,887;12,372;-324625,100;100897,400;-928883,100;109191,800;-157236,300;-776088,600;159233,200;90889,050;-1074169,000;159229,200;167199,000;804903,600;109203,300;-101196,300;1043806,000;-324625,100;160136,600;659758,400
27,78;-0,181;2,078;2,660;0,053;-0,633;0,379;0,000;0,002;-0,025;0,887;12,372;-324922,800;98763,410;-926313,800;109690,500;-155230,500;-778292,300;158710,600;88715,040;-1072225,000;158691,800;165191,400;807335,100;109709,300;-99148,060;1041686,000;-324916,100;158031,400;661690,900
27,80;-0,181;2,078;2,660;0,053;-0,633;0,379;0,000;0,002;-0,025;0,887;12,372;-326523,700;86672,060;-912669,100;112430,200;-143371,500;-791221,100;155833,100;76337,150;-1061760,000;155814,200;153898,800;821244,300;112449,100;-87274,930;1030277,000;-326517,100;146180,200;672614,000
27,82;-0,181;2,078;2,660;0,053;-0,633;0,379;0,000;0,002;-0,025;0,887;12,372;-326657,900;85587,670;-911452,900;112660,500;-142307,600;-792376,900;155590,500;75229,800;-1060811,000;155571,700;152883,700;822482,800;112679,400;-86210,020;1029249,000;-326651,200;145116,000;673603,000
27,84;-0,181;2,078;2,660;0,053;-0,633;0,379;0,000;0,002;-0,025;0,887;12,372;-326750,100;84835,420;-910609,800;112818,900;-141569,300;-793178,800;155423,600;74461,560;-1060151,000;155404,800;152179,000;823341,300;112837,700;-85470,750;1028535,000;-326743,400;144377,100;674290,400
27,86;-0,179;2,052;2,674;0,053;-0,585;0,352;0,038;0,010;-0,051;0,887;12,372;-326996,700;82742,890;-907951,800;113241,700;-139597,200;-795343,000;154976,400;72357,660;-1058072,000;154940,200;150219,500;825693,100;113264,800;-83429,770;1026283,000;-326983,300;142337,600;676182,300
27,88;-0,179;2,052;2,674;0,053;-0,585;0,352;0,038;0,010;-0,051;0,887;12,372;-328499,000;69191,780;-892888,800;115830,800;-126291,600;-809724,100;152238,300;58568,690;-1046008,000;152202,000;137482,100;841004,500;115853,900;-70110,510;1013354,000;-328485,700;129006,300;688721,600
27,90;-0,179;2,052;2,674;0,053;-0,585;0,352;0,038;0,010;-0,051;0,887;12,372;-328647,300;67736,820;-891281,600;116087,100;-124862,300;-811263,300;151966,500;57092,020;-1044698,000;151930,300;136110,500;842636,100;116110,200;-68679,700;1011959,000;-328633,900;127572,400;690081,300
27,92;-0,179;2,039;2,680;0,040;-0,625;0,312;0,002;-0,001;0,023;0,887;12,372;-328750,000;66715,150;-889946,800;116260,400;-123808,300;-812394,300;151775,800;56048,070;-1043609,000;151773,600;135297,200;843816,900;116282,000;-67645,240;1010794,000;-328748,900;126570,400;691033,400
27,94;-0,178;2,028;2,686;0,037;-0,561;0,302;0,032;0,013;-0,027;0,887;12,372;-329894,600;54343,990;-876228,900;118246,400;-111688,000;-825398,400;149668,300;43521,910;-1032211,000;149643,500;123476,900;857555,400;118270,200;-55486,180;998754,900;-329881,400;114333,600;702736,400
27,96;-0,178;2,028;2,686;0,037;-0,561;0,302;0,032;0,013;-0,027;0,887;12,372;-330039,000;52637,950;-874366,900;118497,200;-110010,500;-827191,400;149401,000;41799,820;-1030641,000;149376,100;121859,400;859439,800;118521,100;-53807,290;997104,400;-330025,800;112648,300;704359,100
27,98;-0,178;2,028;2,686;0,037;-0,561;0,302;0,032;0,013;-0,027;0,887;12,372;-330194,200;50762,650;-872322,800;118766,700;-108166,500;-829160,600;149113,700;39907,950;-1028910,000;149088,900;120080,100;861507,700;118790,600;-51961,670;995288,100;-330181,000;110794,700;706146,500
28,00;-0,178;2,016;2,691;0,010;-0,614;0,239;-0,006;-0,003;0,023;0,887;12,372;-330259,300;49991,110;-871414,400;118876,500;-107345,000;-830035,700;148994,800;39110,040;-1028015,000;148990,700;119451,700;862369,400;118894,000;-51169,670;994341,700;-330253,900;110023,300;706892,200
28,02;-0,178;2,016;2,691;0,010;-0,614;0,239;-0,006;-0,003;0,023;0,887;12,372;-331234,600;36740,980;-857063,300;120574,400;-94308,840;-843899,800;147180,800;25782,380;-1015646,000;147176,600;106838,100;876861,400;120591,800;-38123,720;981444,800;-331229,300;96909,410;719636,000
28,04;-0,178;2,016;2,691;0,010;-0,614;0,239;-0,006;-0,003;0,023;0,887;12,372;-331307,400;35639,560;-855876,400;120701,300;-93224,970;-845048,600;147044,900;24677,360;-1014609,000;147040,800;105786,900;878057,800;120718,800;-37038,900;980368,300;-331302,000;95818,240;720703,100
28,06;-0,178;2,001;2,696;-0,008;-0,742;0,225;-0,055;-0,007;0,027;0,887;12,372;-331335,300;35233,730;-855427,100;120764,700;-92735,050;-845544,200;146991,800;24234,200;-1013959,000;146984,600;105393,800;878570,000;120769,000;-36617,110;979697,100;-331329,700;95421,280;721102,200
28,08;-0,178;1,987;2,701;0,014;-0,690;0,232;0,009;-0,001;-0,034;0,887;12,372;-331447,900;33383,370;-853446,600;120954,700;-91050,850;-847342,200;146781,300;22438,330;-1012121,000;146767,000;103603,500;880473,300;120967,700;-34866,010;977801,600;-331429,600;93603,950;722889,200
28,10;-0,178;1,987;2,701;0,014;-0,690;0,232;0,009;-0,001;-0,034;0,887;12,372;-332214,100;19672,200;-838777,700;122293,400;-77547,800;-861585,600;145345,500;8727,943;-999038,100;145331,100;90463,130;895228,400;122306,300;-21354,950;964324,700;-332195,900;79998,210;736303,800
28,12;-0,178;1,987;2,701;0,014;-0,690;0,232;0,009;-0,001;-0,034;0,887;12,372;-332269,500;18528,740;-837560,700;122390,300;-76421,130;-862769,800;145241,400;7587,341;-997937,100;145227,100;89364,030;896450,400;122403,400;-20227,750;963196,100;-332251,200;78862,230;737430,400
28,14;-0,178;1,987;2,701;0,014;-0,690;0,232;0,009;-0,001;-0,034;0,887;12,372;-332308,100;17715,030;-836695,300;122457,900;-75619,430;-863612,200;145168,900;6775,983;-997152,600;145154,600;88581,640;897319,100;122471,000;-19425,510;962392,500;-332289,900;78053,840;738232,800
28,16;-0,176;1,964;2,705;0,074;-0,496;0,089;-0,057;0,004;-0,095;0,887;12,372;-332447,900;14553,100;-833352,400;122682,100;-72575,500;-866855,600;144908,600;3620,875;-993796,900;144896,600;84923,480;900849,700;122716,200;-16326,010;958968,500;-332420,900;74886,630;741384,100
28,18;-0,176;1,964;2,705;0,074;-0,496;0,089;-0,057;0,004;-0,095;0,887;12,372;-332937,400;1409,734;-819472,600;123539,800;-59617,110;-880403,300;143985,900;-9439,189;-980968,800;143973,900;72232,160;914747,800;123573,900;-3362,412;945914,100;-332910,400;61809,540;754467,300
28,20;-0,176;1,964;2,705;0,074;-0,496;0,089;-0,057;0,004;-0,095;0,887;12,372;-332992,300;-418,411;-817551,700;123636,000;-57813,950;-882281,800;143882,300;-11251,440;-979168,900;143870,200;70461,340;916667,600;123670,200;-1558,392;944090,800;-332965,300;59988,730;756299,100
28,22;-0,176;1,964;2,705;0,074;-0,496;0,089;-0,057;0,004;-0,095;0,887;12,372;-333026,800;-1630,072;-816279,900;123696,600;-56618,530;-883526,200;143817,000;-12451,820;-977973,900;143805,000;69287,010;917938,300;123730,700;-362,770;942881,300;-332999,900;58781,720;757514,700
28,24;-0,174;1,956;2,705;0,135;-0,388;-0,064;-0,155;0,006;-0,093;0,887;12,372;-333054,100;-2784,462;-815080,400;123735,200;-55410,190;-884791,100;143762,000;-13643,620;-976596,700;143787,100;67652,420;919413,600;123782,000;795,142;941513,600;-333042,900;57625,190;758675,600
28,26;-0,170;1,949;2,703;0,172;-0,347;-0,119;-0,121;0,010;-0,109;0,887;12,372;-333311,500;-15422,610;-801889,200;124199,900;-42997,860;-897676,600;143274,500;-26102,040;-963894,900;143283,600;55184,340;932699,800;124228,800;13252,990;928710,500;-333322,200;45029,890;771447,400
28,28;-0,170;1,949;2,703;0,172;-0,347;-0,119;-0,121;0,010;-0,109;0,887;12,372;-333329,200;-16694,570;-800568,000;124230,800;-41742,140;-898974,400;143241,200;-27356,140;-962618,800;143250,200;53944,000;934014,200;124259,800;14509,010;927430,300;-333339,900;43760,300;772740,100
28,30;-0,170;1,949;2,703;0,172;-0,347;-0,119;-0,121;0,010;-0,109;0,887;12,372;-333341,400;-17653,740;-799572,300;124252,300;-40794,660;-899953,100;143218,000;-28301,500;-961655,000;143227,000;53007,850;935004,800;124281,300;15456,540;926464,100;-333352,200;42802,670;773715,900
28,32;-0,170;1,949;2,703;0,172;-0,347;-0,119;-0,121;0,010;-0,109;0,887;12,372;-333364,000;-19635,940;-797516,800;124292,000;-38837,100;-901973,700;143175,200;-30253,940;-959660,600;143184,200;51072,450;937048,800;124321,000;17414,320;924466,600;-333374,800;40823,450;775734,800
28,34;-0,167;1,944;2,699;0,142;-0,198;-0,204;-0,130;0,020;0,045;0,887;12,372;-333365,200;-20624,220;-796488,100;124302,400;-37669,460;-903150,100;143158,500;-31205,230;-958465,200;143191,400;50073,680;938307,400;124336,600;18449,370;923245,500;-333394,100;39826,750;776745,400
28,36;-0,167;1,944;2,699;0,142;-0,198;-0,204;-0,130;0,020;0,045;0,887;12,372;-333405,500;-33844,200;-782861,000;124373,100;-24605,980;-916577,800;143082,200;-44192,650;-945034,800;143115,100;37116,850;951826,100;124407,400;31513,410;909858,600;-333434,400;26612,040;790307,300
28,38;-0,167;1,944;2,699;0,142;-0,198;-0,204;-0,130;0,020;0,045;0,887;12,372;-333399,500;-35355,640;-781310,800;124362,700;-23111,680;-918108,400;143093,500;-45674,140;-943487,000;143126,300;35630,800;953360,800;124396,900;33007,610;908321,900;-333428,600;25099,840;791866,900
28,40;-0,165;1,942;2,695;0,096;-0,148;-0,259;-0,128;0,013;0,090;0,887;12,372;-333399,300;-35947,420;-780713,800;124361,900;-22204,600;-918996,900;143092,100;-46375,860;-942613,300;143141,000;34845,850;954255,800;124384,500;33623,990;907424,600;-333423,000;24506,800;792470,000
28,42;-0,163;1,940;2,691;0,079;-0,093;-0,229;-0,071;0,007;0,099;0,887;12,372;-333382,200;-38793,400;-777789,900;124339,000;-19267,130;-921965,800;143135,100;-49259,000;-939607,400;143157,400;32042,810;957206,600;124348,000;36396,920;904433,900;-333397,300;21667,030;795428,900
28,44;-0,163;1,940;2,691;0,079;-0,093;-0,229;-0,071;0,007;0,099;0,887;12,372;-333191,100;-51931,540;-764419,100;124003,700;-6267,583;-935209,400;143496,600;-62094,470;-925992,000;143519,000;19062,090;970404,000;124012,600;49394,280;890997,100;-333206,400;8503,276;809109,400
28,46;-0,163;1,940;2,691;0,079;-0,093;-0,229;-0,071;0,007;0,099;0,887;12,372;-333162,500;-53265,330;-763068,600;123953,500;-4947,239;-936549,900;143550,800;-63394,970;-924598,900;143573,000;17739,930;971734,400;123962,300;50714,490;889627,400;-333177,700;7165,754;810506,300
28,48;-0,163;1,940;2,691;0,079;-0,093;-0,229;-0,071;0,007;0,099;0,887;12,372;-333125,700;-54875,110;-761440,400;123888,800;-3353,104;-938167,000;143620,400;-64963,750;-922915,200;143642,700;16143,270;973337,700;123897,700;52307,980;887973,300;-333140,800;5550,925;812194,400
28,50;-0,161;1,937;2,681;0,050;-0,058;-0,264;-0,063;-0,031;0,073;0,887;12,372;-333072,400;-55958,020;-760333,500;123864,300;-2424,679;-939700,000;143677,600;-66448,450;-921324,900;143699,100;14673,780;974762,300;123832,700;53668,340;886616,200;-333113,800;4476,537;813305,400
28,52;-0,161;1,937;2,681;0,050;-0,058;-0,264;-0,063;-0,031;0,073;0,887;12,372;-332666,800;-68916,500;-747308,700;123153,000;10414,610;-952669,500;144443,200;-79046,160;-907644,600;144464,600;1769,499;987555,800;123121,600;66503,200;873237,400;-332708,200;-8536,701;826989,400
28,54;-0,161;1,937;2,681;0,050;-0,058;-0,264;-0,063;-0,031;0,073;0,887;12,372;-332618,900;-70167,660;-746057,800;123069,100;11654,800;-953917,800;144533,400;-80260,210;-906313,600;144554,800;519,561;988781,900;123037,600;67743,090;871940,700;-332660,300;-9794,260;828318,300
28,56;-0,161;1,937;2,681;0,050;-0,058;-0,264;-0,063;-0,031;0,073;0,887;12,372;-332585,800;-71010,610;-745215,600;123011,100;12490,880;-954758,900;144595,900;-81077,840;-905415,900;144617,300;-323,202;989607,400;122979,600;68578,420;871066,500;-332627,200;-10641,830;829214,600
28,58;-0,160;1,939;2,675;0,035;0,121;-0,296;-0,145;-0,055;0,195;0,887;12,372;-332493,800;-72986,910;-743202,000;122854,600;14374,940;-956919,200;144711,600;-83073,840;-903150,500;144733,300;-1522,255;991788,100;122847,000;70783,630;868823,600;-332552,800;-12597,450;831295,400
28,60;-0,158;1,944;2,670;0,077;0,244;-0,275;-0,082;-0,015;0,082;0,887;12,372;-331905,100;-85580,010;-730731,500;121800,000;26857,240;-969591,400;145869,300;-95327,890;-889495,800;145888,900;-14337,220;1004156,000;121757,300;83394,220;855603,900;-331925,100;-25345,340;844845,800
28,62;-0,158;1,944;2,670;0,077;0,244;-0,275;-0,082;-0,015;0,082;0,887;12,372;-331843,200;-86699,160;-729627,300;121691,800;27968,450;-970700,400;145985,400;-96408,910;-888283,300;146005,000;-15464,610;1005233,000;121649,100;84504,730;854432,900;-331863,300;-26473,030;846051,400
28,64;-0,158;1,944;2,670;0,077;0,244;-0,275;-0,082;-0,015;0,082;0,887;12,372;-331783,200;-87761,770;-728579,800;121587,000;29023,560;-971752,900;146097,800;-97435,070;-887130,900;146117,400;-16535,290;1006255,000;121544,300;85559,360;853320,300;-331803,200;-27543,930;847197,200
28,66;-0,155;1,951;2,665;0,151;0,413;-0,305;-0,184;-0,021;-0,005;0,887;12,372;-331677,000;-89452,340;-726912,000;121407,700;30705,530;-973607,600;146276,800;-99227,200;-885103,000;146302,000;-18234,330;1008056,000;121378,300;87288,280;851493,800;-331698,300;-29264,540;849021,300
28,68;-0,155;1,951;2,665;0,151;0,413;-0,305;-0,184;-0,021;-0,005;0,887;12,372;-330832,900;-102298,400;-714340,600;119935,600;43473,820;-986284,200;147852,700;-111606,400;-871034,100;147877,900;-31236,690;1020286,000;119906,300;100047,800;837976,600;-330854,200;-42227,480;862978,900
28,70;-0,155;1,951;2,665;0,151;0,413;-0,305;-0,184;-0,021;-0,005;0,887;12,372;-330754,900;-103364,900;-713303,100;119799,800;44534,650;-987333,400;147997,800;-112632,300;-869857,100;148023,100;-32319,890;1021293,000;119770,400;101108,000;836849,800;-330776,300;-43304,870;864144,800
28,72;-0,152;1,964;2,659;0,185;0,706;-0,312;-0,202;-0,006;-0,042;0,887;12,372;-330721,400;-103811,800;-712862,600;119735,300;45017,780;-988047,300;148079,000;-113257,600;-869122,600;148094,000;-32786,330;1021987,000;119703,900;101600,700;836319,400;-330733,700;-43773,730;864639,700
28,74;-0,148;1,979;2,655;0,210;0,729;-0,231;-0,103;0,019;-0,071;0,887;12,372;-330557,700;-105992,800;-710758,900;119455,400;47157,540;-990292,900;148408,500;-115313,200;-866739,400;148408,300;-35028,450;1024131,000;119396,000;103594,700;834199,300;-330565,800;-45958,420;867031,100
28,76;-0,148;1,979;2,655;0,210;0,729;-0,231;-0,103;0,019;-0,071;0,887;12,372;-329501,400;-118560,900;-698642,600;117620,800;59673,180;-1002608,000;150364,000;-127378,200;-852712,400;150364,000;-47859,320;1035862,000;117561,600;116099,900;820843,300;-329509,400;-58675,550;880895,600
28,78;-0,148;1,979;2,655;0,210;0,729;-0,231;-0,103;0,019;-0,071;0,887;12,372;-329370,000;-119988,900;-697275,100;117393,000;61096,590;-1004003,000;150606,400;-128746,900;-851105,600;150606,200;-49322,550;1037183,000;117333,700;117521,900;819319,300;-329378,000;-60122,410;882481,600
28,80;-0,148;1,979;2,655;0,210;0,729;-0,231;-0,103;0,019;-0,071;0,887;12,372;-329269,000;-121069,100;-696241,900;117217,900;62173,320;-1005057,000;150792,500;-129782,100;-849888,500;150792,300;-50430,300;1038181,000;117158,700;118597,800;818165,600;-329277,100;-61216,980;883682,600
28,82;-0,141;2,010;2,651;0,180;0,776;-0,068;-0,003;0,014;-0,003;0,887;12,372;-330903,000;-121814,900;-698269,800;116460,600;64190,700;-1003594,000;151874,100;-132099,600;-850792,700;151834,000;-50481,230;1042112,000;116438,800;119155,200;813878,300;-330894,500;-63048,260;888240,000
28,84;-0,141;2,010;2,651;0,180;0,776;-0,068;-0,003;0,014;-0,003;0,887;12,372;-329361,500;-136181,300;-684617,700;113891,000;78502,920;-1017608,000;154624,700;-145773,500;-834395,500;154584,500;-65317,820;1055181,000;113869,200;133491,900;798518,300;-329352,800;-77597,360;904272,600
28,86;-0,137;2,026;2,651;0,201;0,791;-0,002;-0,078;0,014;0,034;0,887;12,372;-332471,200;-136571,300;-689690,100;112403,900;81243,510;-1013239,000;156801,700;-149499,000;-837039,900;156769,200;-64289,500;1061365,000;112388,100;133977,600;790932,700;-332456,700;-80120,840;912341,100
28,88;-0,137;2,026;2,651;0,201;0,791;-0,002;-0,078;0,014;0,034;0,887;12,372;-330847,800;-148794,000;-678165,700;109893,000;93388,230;-1025182,000;159518,900;-160956,800;-822780,500;159486,500;-77088,770;1072158,000;109877,100;146212,800;777899,300;-330833,300;-92463,930;926007,900
28,90;-0,137;2,026;2,651;0,201;0,791;-0,002;-0,078;0,014;0,034;0,887;12,372;-330690,100;-149901,000;-677129,300;109649,800;94488,440;-1026262,000;159781,200;-161992,300;-821477,800;159748,700;-78252,740;1073125,000;109633,900;147321,800;776715,100;-330675,700;-93582,720;927253,600
28,92;-0,132;2,043;2,652;0,247;0,903;0,075;-0,109;0,022;0,017;0,887;12,372;-333277,300;-149558,600;-682234,800;108357,400;95922,800;-1021825,000;161825,300;-164563,700;-824304,100;161768,800;-76643,840;1077686,000;108340,100;147196,000;770884,600;-333263,300;-94919,800;933594,500
28,94;-0,126;2,060;2,655;0,282;0,844;0,124;-0,060;0,027;-0,030;0,887;12,372;-335811,600;-150340,500;-686802,800;106564,200;98322,420;-1017830,000;164530,800;-168228,800;-826124,900;164486,200;-75956,760;1083166,000;106533,300;148033,400;763597,600;-335802,200;-97325,530;941513,600
28,96;-0,126;2,060;2,655;0,282;0,844;0,124;-0,060;0,027;-0,030;0,887;12,372;-333639,600;-163159,300;-674692,300;103613,200;110973,400;-1030516,000;167770,200;-179880,400;-810761,200;167725,500;-89690,500;1093988,000;103582,300;160898,100;750164,700;-333630,200;-110160,100;955675,900
28,98;-0,126;2,060;2,655;0,282;0,844;0,124;-0,060;0,027;-0,030;0,887;12,372;-333440,200;-164259,000;-673660,300;103342,700;112058,600;-1031603,000;168065,400;-180876,800;-809429,800;168020,700;-90875,050;1094903,000;103311,800;162002,900;749010,300;-333430,700;-111261,600;956897,900
29,00;-0,126;2,060;2,655;0,282;0,844;0,124;-0,060;0,027;-0,030;0,887;12,372;-336557,800;-164061,300;-680663,400;101146,500;113653,700;-1025372,000;171595,700;-184269,500;-812717,800;171551,100;-88645,410;1100152,000;101115,700;162219,500;741106,300;-336548,400;-112901,400;965136,400
29,02;-0,111;2,093;2,664;0,395;0,780;0,194;-0,070;-0,040;-0,007;0,887;12,372;-339489,800;-164891,400;-687474,700;98221,950;116015,000;-1019523,000;176209,100;-188850,500;-814805,900;176160,500;-87108,740;1106580,000;98218,560;163383,400;731533,400;-339495,900;-115394,500;975751,200
29,04;-0,111;2,093;2,664;0,395;0,780;0,194;-0,070;-0,040;-0,007;0,887;12,372;-337098,100;-175932,000;-676842,600;95481,910;126822,400;-1030773,000;179219,100;-198402,200;-801176,600;179170,600;-99354,540;1115368,000;95478,450;174457,900;720394,900;-337104,300;-126305,000;987580,900
29,06;-0,111;2,093;2,664;0,395;0,780;0,194;-0,070;-0,040;-0,007;0,887;12,372;-340067,500;-176336,600;-684984,400;92156,860;128415,800;-1023713,000;184679,300;-202505,700;-803886,600;184630,800;-97046,690;1120900,000;92153,500;175494,500;710728,700;-340073,600;-128104,100;997775,300
29,08;-0,111;2,093;2,664;0,395;0,780;0,194;-0,070;-0,040;-0,007;0,887;12,372;-339901,100;-177023,200;-684311,700;91983,380;129085,900;-1024428,000;184867,700;-203081,900;-803026,600;184819,100;-97824,710;1121430,000;91979,910;176181,800;710054,600;-339907,300;-128778,200;998494,400
29,10;-0,111;2,093;2,664;0,395;0,780;0,194;-0,070;-0,040;-0,007;0,887;12,372;-339478,400;-178747,800;-682622,700;91542,740;130769,100;-1026224,000;185345,300;-204527,800;-800862,100;185296,800;-99781,340;1122754,000;91539,240;177908,600;708362,200;-339484,600;-130471,100;1000302,000
29,12;-0,091;2,124;2,675;0,526;0,711;0,264;-0,084;-0,079;0,049;0,887;12,372;-343836,600;-178982,700;-697308,000;85394,180;131899,100;-1013481,000;195738,100;-210421,500;-805639,100;195714,600;-94936,410;1130574,000;85376,610;179120,500;693094,400;-343853,900;-131939,200;1017163,000
29,14;-0,091;2,124;2,675;0,526;0,711;0,264;-0,084;-0,079;0,049;0,887;12,372;-340644,600;-190260,600;-685816,400;82560,390;142914,400;-1025739,000;198681,700;-219406,700;-791202,400;198658,200;-108218,400;1138879,000;82542,740;190362,700;682588,300;-340662,000;-142937,100;1028461,000
29,16;-0,091;2,124;2,675;0,526;0,711;0,264;-0,084;-0,079;0,049;0,887;12,372;-340269,000;-191515,300;-684539,300;82226,380;144138,500;-1027110,000;199024,400;-220400,000;-789576,800;199000,700;-109706,700;1139780,000;82208,760;191613,400;681427,100;-340286,400;-144159,300;1029719,000
29,18;-0,091;2,124;2,675;0,526;0,711;0,264;-0,084;-0,079;0,049;0,887;12,372;-339852,800;-192889,500;-683140,900;81856,080;145478,700;-1028612,000;199403,200;-221486,300;-787791,800;199379,600;-111339,100;1140760,000;81838,400;192983,100;680157,500;-339870,200;-145497,800;1031096,000
29,20;-0,079;2,139;2,682;0,594;0,771;0,315;-0,170;-0,077;0,018;0,887;12,372;-341619,600;-193710,000;-690978,000;77902,230;146211,600;-1022061,000;206101,600;-224742,300;-789436,500;206069,600;-109420,100;1144839,000;77855,830;194336,700;671288,800;-341614,800;-146323,300;1040938,000
29,22;-0,065;2,153;2,689;0,681;0,713;0,351;-0,142;-0,057;0,054;0,887;12,372;-337632,400;-205333,500;-678593,400;74804,320;157573,500;-1035316,000;209034,700;-233552,500;-773991,900;209027,700;-123704,100;1152840,000;74727,680;205825,800;661155,100;-337642,800;-157613,600;1052330,000
29,24;-0,065;2,153;2,689;0,681;0,713;0,351;-0,142;-0,057;0,054;0,887;12,372;-337318,000;-206214,900;-677670,100;74548,180;158434,600;-1036320,000;209278,600;-234221,500;-772806,000;209271,600;-124788,700;1153421,000;74471,450;206701,200;660382,800;-337328,200;-158470,300;1053185,000
29,26;-0,051;2,167;2,697;0,684;0,714;0,362;-0,095;-0,040;0,094;0,887;12,372;-337966,600;-207406,500;-682079,400;71700,190;159413,100;-1032999,000;213960,400;-236431,900;-772886,200;213987,300;-124414,400;1156194,000;71606,790;208227,900;654390,400;-337960,100;-159414,400;1060002,000
29,28;-0,051;2,167;2,697;0,684;0,714;0,362;-0,095;-0,040;0,094;0,887;12,372;-333993,200;-217619,000;-671128,400;68647,140;169423,600;-1044976,000;216706,400;-243998,400;-758849,200;216733,500;-137260,100;1162605,000;68553,810;218345,000;645786,300;-333986,800;-169352,000;1069678,000
29,30;-0,051;2,167;2,697;0,684;0,714;0,362;-0,095;-0,040;0,094;0,887;12,372;-333579,600;-218628,100;-670045,300;68328,160;170411,200;-1046169,000;216988,700;-244741,100;-757441,200;217015,700;-138537,400;1163213,000;68234,720;219344,100;644948,300;-333573,200;-170332,800;1070632,000
29,32;-0,051;2,167;2,697;0,684;0,714;0,362;-0,095;-0,040;0,094;0,887;12,372;-333134,000;-219704,100;-668889,900;67984,250;171464,600;-1047444,000;217292,100;-245532,500;-755934,800;217319,000;-139901,400;1163856,000;67890,840;220409,400;644056,800;-333127,500;-171378,800;1071649,000
29,34;-0,023;2,195;2,714;0,684;0,659;0,430;0,108;0,027;0,145;0,887;12,372;-333322,400;-220447,100;-671219,900;66371,790;171963,500;-1045966,000;219915,500;-246338,400;-755945,600;219949,900;-139915,500;1165424,000;66291,480;221324,600;640955,900;-333328,400;-171841,800;1075606,000
29,36;-0,023;2,195;2,714;0,684;0,659;0,430;0,108;0,027;0,145;0,887;12,372;-328918,800;-230314,400;-660446,500;63075,940;181638,300;-1057945,000;222684,600;-253474,700;-741817,700;222719,100;-152621,000;1170972,000;62995,590;231075,600;633076,100;-328924,700;-181442,200;1084766,000
29,38;-0,023;2,195;2,714;0,684;0,659;0,430;0,108;0,027;0,145;0,887;12,372;-328463,400;-231281,200;-659389,100;62733,590;182584,900;-1059132,000;222967,100;-254169,800;-740408,300;223001,700;-153873,400;1171487,000;62653,300;232030,600;632318,400;-328469,500;-182381,900;1085661,000
29,40;-0,023;2,195;2,714;0,684;0,659;0,430;0,108;0,027;0,145;0,887;12,372;-328207,600;-231820,400;-658799,300;62541,110;183112,500;-1059794,000;223125,600;-254556,900;-739620,400;223160,000;-154572,400;1171771,000;62460,800;232562,900;631897,500;-328213,700;-182905,900;1086160,000
29,42;0,005;2,217;2,731;0,683;0,465;0,470;0,157;0,096;0,129;0,887;12,372;-327989,300;-233321,200;-660760,300;60364,340;184337,400;-1058834,000;226412,300;-255842,700;-738597,300;226426,900;-155527,800;1173683,000;60296,920;234253,700;627846,400;-327983,200;-184012,800;1091081,000
29,44;0,005;2,217;2,731;0,683;0,465;0,470;0,157;0,096;0,129;0,887;12,372;-323091,000;-242817,100;-650123,800;56808,600;193658,900;-1070895,000;229152,700;-262539,600;-724305,300;229167,300;-168058,700;1178251,000;56741,140;243610,500;620819,600;-323084,900;-193265,800;1099644,000
29,46;0,005;2,217;2,731;0,683;0,465;0,470;0,157;0,096;0,129;0,887;12,372;-322640,400;-243642,900;-649196,100;56479,680;194468,100;-1071958,000;229401,300;-263118,600;-723035,600;229415,800;-169154,200;1178618,000;56412,160;244423,600;620224,900;-322634,500;-194069,500;1100385,000
29,48;0,005;2,217;2,731;0,683;0,465;0,470;0,157;0,096;0,129;0,887;12,372;-322393,800;-244378,400;-649788,800;55532,880;195102,200;-1071731,000;230744,800;-263829,100;-722347,900;230759,200;-169769,300;1179330,000;55465,380;245183,600;618548,200;-322387,800;-194640,400;1102346,000
29,50;0,019;2,226;2,741;0,697;0,437;0,508;0,124;0,108;0,144;0,887;12,372;-321620,200;-245942,600;-649033,100;54404,800;196608,800;-1073093,000;232020,700;-264934,500;-720173,100;232024,600;-171561,300;1180348,000;54340,370;246894,900;616602,900;-321597,900;-196067,700;1104847,000
29,52;0,033;2,232;2,751;0,697;0,310;0,537;0,151;0,148;0,105;0,887;12,372;-316640,300;-254226,500;-639461,600;50881,970;204734,800;-1084282,000;234508,800;-270536,900;-706953,300;234513,900;-182765,300;1183541,000;50822,950;255108,900;611117,000;-316628,100;-204148,200;1112178,000
29,54;0,033;2,232;2,751;0,697;0,310;0,537;0,151;0,148;0,105;0,887;12,372;-316076,600;-255206,600;-638982,500;50134,210;205657,400;-1085080,000;235330,600;-271284,400;-705554,100;235335,700;-183942,500;1184046,000;50075,150;256083,600;609966,100;-316064,400;-205033,400;1113625,000
29,56;0,033;2,232;2,751;0,697;0,310;0,537;0,151;0,148;0,105;0,887;12,372;-315556,800;-256015,900;-638043,600;49763,000;206449,800;-1086187,000;235583,800;-271838,900;-704221,300;235588,900;-185040,700;1184310,000;49703,930;256878,400;609451,200;-315544,600;-205823,000;1114323,000
29,58;0,047;2,237;2,762;0,672;0,255;0,571;0,163;0,150;0,128;0,887;12,372;-315054,700;-256854,000;-637630,600;49098,620;207261,100;-1087057,000;236307,900;-272392,800;-702910,400;236295,000;-186021,100;1184776,000;49043,100;257865,300;608465,200;-315032,900;-206595,000;1115699,000
29,60;0,047;2,237;2,762;0,672;0,255;0,571;0,163;0,150;0,128;0,887;12,372;-309542,100;-264868,800;-628938,800;44792,880;215059,500;-1097757,000;239472,600;-277911,400;-689451,100;239459,700;-196832,400;1187058,000;44737,310;265741,500;603139,000;-309520,200;-214341,600;1123166,000
29,62;0,047;2,237;2,762;0,672;0,255;0,571;0,163;0,150;0,128;0,887;12,372;-309068,800;-265507,500;-628180,100;44455,250;215682,500;-1098679,000;239686,200;-278342,900;-688324,900;239673,300;-197711,100;1187187,000;44399,660;266368,400;602784,200;-309047,000;-214965,600;1123701,000
29,64;0,060;2,242;2,774;0,635;0,260;0,641;0,179;0,156;0,139;0,887;12,372;-308904,100;-265698,400;-627931,700;44336,420;215887,800;-1099220,000;239766,000;-278389,800;-687825,800;239732,700;-198012,200;1187259,000;44270,710;266753,800;602664,100;-308871,300;-215169,800;1124014,000
29,66;0,072;2,246;2,787;0,582;0,149;0,705;0,204;0,190;0,044;0,887;12,372;-307824,800;-267340,800;-628725,600;42176,310;217292,800;-1099468,000;242469,300;-279606,800;-685834,900;242448,200;-199769,100;1188265,000;42134,180;268389,400;599722,400;-307800,700;-216414,000;1127908,000
29,68;0,072;2,246;2,787;0,582;0,149;0,705;0,204;0,190;0,044;0,887;12,372;-301983,200;-274422,400;-619963,200;38120,380;224209,700;-1110318,000;244789,700;-284321,400;-672609,000;244768,500;-209674,800;1188946,000;38078,390;275332,300;596412,300;-301959,100;-223379,300;1133521,000
29,70;0,072;2,246;2,787;0,582;0,149;0,705;0,204;0,190;0,044;0,887;12,372;-301364,200;-275120,800;-619091,300;37686,580;224888,500;-1111420,000;245031,900;-284784,500;-671252,500;245010,700;-210655,700;1188959,000;37644,550;276017,800;596118,900;-301340,100;-224065,900;1134067,000
29,72;0,092;2,250;2,818;0,462;0,048;0,847;0,202;0,170;-0,001;0,887;12,372;-300928,400;-275666,100;-620103,900;36527,060;225341,700;-1111151,000;246563,800;-285135,300;-670631,800;246513,800;-211120,200;1189386,000;36534,800;276674,900;594655,700;-300907,500;-224386,400;1136170,000
29,74;0,092;2,250;2,818;0,462;0,048;0,847;0,202;0,170;-0,001;0,887;12,372;-295180,000;-281590,800;-612428,600;32563,550;231090,300;-1121009,000;248599,200;-289027,500;-658481,600;248549,400;-219535,800;1188850,000;32571,300;282493,800;592685,100;-295159,000;-230245,600;1140548,000
29,76;0,092;2,250;2,818;0,462;0,048;0,847;0,202;0,170;-0,001;0,887;12,372;-294536,200;-282205,200;-611623,000;32115,200;231682,000;-1122068,000;248824,000;-289429,600;-657162,400;248774,100;-220411,400;1188733,000;32122,940;283098,500;592519,000;-294515,300;-230852,700;1140992,000
29,78;0,092;2,250;2,818;0,462;0,048;0,847;0,202;0,170;-0,001;0,887;12,372;-293917,000;-282787,100;-610858,000;31683,150;232241,200;-1123077,000;249039,600;-289810,300;-655901,200;248989,500;-221241,100;1188610,000;31690,930;283671,700;592369,000;-293896,100;-231427,800;1141410,000
29,80;0,099;2,250;2,836;0,399;0,000;0,905;0,186;0,129;-0,004;0,887;12,372;-293433,600;-283239,300;-611019,900;30957,060;232670,300;-1123427,000;249792,600;-290121,900;-655027,600;249731,400;-221753,300;1188673,000;30975,130;284196,800;591699,300;-293400,500;-231797,000;1142502,000
29,82;0,106;2,250;2,854;0,324;-0,063;0,969;0,229;0,118;-0,060;0,887;12,372;-287591,300;-288200,800;-604269,100;26908,000;237386,500;-1132615,000;251696,600;-293310,100;-643557,300;251628,000;-228914,600;1186892,000;26947,650;289114,100;590966,800;-287575,700;-236712,700;1145892,000
29,84;0,106;2,250;2,854;0,324;-0,063;0,969;0,229;0,118;-0,060;0,887;12,372;-286978,300;-288676,800;-603611,100;26476,420;237834,800;-1133531,000;251894,300;-293618,500;-642389,300;251825,800;-229602,400;1186655,000;26516,130;289587,100;590936,400;-286962,600;-237184,900;1146204,000
29,86;0,106;2,250;2,854;0,324;-0,063;0,969;0,229;0,118;-0,060;0,887;12,372;-286462,700;-289070,800;-603064,900;26112,730;238205,100;-1134296,000;252060,200;-293873,600;-641412,400;251991,700;-230172,000;1186448,000;26152,360;289978,800;590918,000;-286447,100;-237575,600;1146460,000
29,88;0,110;2,247;2,874;0,255;-0,142;1,012;0,221;0,076;-0,081;0,887;12,372;-285586,100;-289716,500;-602934,300;25113,050;238806,400;-1135119,000;252920,200;-294338,000;-639894,700;252853,100;-230990,700;1186237,000;25160,340;290662,500;590347,300;-285561,300;-238137,100;1147629,000
29,90;0,110;2,247;2,874;0,255;-0,142;1,012;0,221;0,076;-0,081;0,887;12,372;-279366,300;-293874,600;-596866,600;20732,670;242643,200;-1143909,000;254772,300;-297008,100;-628562,400;254705,300;-237076,600;1183046,000;20779,970;294836,100;590874,900;-279341,400;-242284,000;1150047,000
29,92;0,114;2,244;2,894;0,188;-0,185;1,067;0,235;0,055;-0,093;0,887;12,372;-279008,100;-294060,700;-596569,100;20479,420;242818,200;-1144546,000;254868,600;-297182,800;-627767,500;254803,800;-237365,900;1182763,000;20507,660;295115,700;590944,100;-278981,100;-242474,100;1150199,000
29,94;0,114;2,244;2,894;0,188;-0,185;1,067;0,235;0,055;-0,093;0,887;12,372;-278631,300;-294270,300;-596697,600;20003,900;243012,300;-1144694,000;255312,900;-297327,900;-627269,600;255248,000;-237633,600;1182658,000;20032,070;295316,700;590687,200;-278604,300;-242640,800;1150722,000
29,96;0,115;2,241;2,917;0,098;-0,192;1,150;0,280;0,037;-0,133;0,887;12,372;-277020,100;-295161,500;-595626,100;18740,780;243799,900;-1146617,000;256000,700;-297904,300;-624609,800;255936,800;-238948,500;1181714,000;18771,400;296202,800;590795,600;-277028,500;-243498,900;1151485,000
29,98;0,115;2,241;2,917;0,098;-0,192;1,150;0,280;0,037;-0,133;0,887;12,372;-270912,300;-298116,300;-590746,600;14393,100;246337,700;-1154356,000;257618,700;-299765,000;-614346,100;257554,900;-243407,200;1177273,000;14423,750;299274,800;592672,700;-270920,600;-246476,800;1152659,000
30,00;0,115;2,241;2,917;0,098;-0,192;1,150;0,280;0,037;-0,133;0,887;12,372;-270305,900;-298360,600;-590527,300;13862,090;246544,500;-1154918,000;257929,900;-299920,500;-613443,400;257866,200;-243767,800;1176847,000;13892,740;299526,900;592754,900;-270314,300;-246706,500;1152927,000
30,02;0,114;2,241;2,939;-0,055;-0,001;1,140;0,150;-0,015;-0,008;0,887;12,372;-270105,000;-298525,000;-590193,200;13694,820;246679,000;-1155319,000;257899,800;-299915,800;-613072,800;257902,400;-243864,200;1176585,000;13757,260;299653,500;592862,600;-270108,700;-246776,500;1152961,000
30,04;0,111;2,244;2,960;-0,194;0,134;1,034;0,077;0,041;0,016;0,887;12,372;-268630,800;-299100,600;-589371,000;12508,500;247172,000;-1156930,000;258478,600;-300179,400;-610879,800;258505,300;-244758,100;1175366,000;12549,500;300261,300;593258,100;-268605,500;-247320,200;1153369,000
30,06;0,111;2,244;2,960;-0,194;0,134;1,034;0,077;0,041;0,016;0,887;12,372;-262109,700;-301051,600;-585324,300;7793,941;248531,100;-1164235,000;260013,300;-301353,200;-600831,100;260040,000;-247905,100;1169239,000;7835,027;302478,100;596694,300;-262084,400;-249325,700;1153349,000
30,08;0,111;2,244;2,960;-0,194;0,134;1,034;0,077;0,041;0,016;0,887;12,372;-261612,600;-301163,600;-585056,900;7429,466;248592,600;-1164758,000;260128,800;-301417,900;-600094,600;260155,500;-248095,400;1168731,000;7470,525;302615,000;596995,500;-261587,500;-249442,000;1153314,000
30,10;0,104;2,248;2,979;-0,319;0,217;0,927;0,006;0,064;0,041;0,887;12,372;-261359,900;-301140,700;-584938,000;7262,238;248598,700;-1165122,000;260203,300;-301380,700;-599791,300;260204,800;-248141,000;1168361,000;7282,354;302692,400;597131,600;-261320,500;-249498,300;1153286,000
30,12;0,096;2,253;2,995;-0,410;0,257;0,844;0,069;0,080;0,027;0,887;12,372;-260052,100;-301351,600;-584436,000;6272,463;248696,000;-1166422,000;260602,600;-301404,500;-598090,300;260583,300;-248572,000;1166978,000;6295,772;302967,900;597928,800;-260021,900;-249778,500;1153265,000
30,14;0,096;2,253;2,995;-0,410;0,257;0,844;0,069;0,080;0,027;0,887;12,372;-252719,200;-302124,500;-581388,100;809,916;248591,400;-1173401,000;262208,700;-301753,700;-587908,600;262189,400;-250226,000;1158512,000;833,126;304237,900;603368,300;-252689,100;-250632,800;1151858,000
30,16;0,074;2,261;3,026;-0,592;0,153;0,723;0,022;0,101;-0,052;0,887;12,372;-252148,100;-302088,600;-581251,900;350,390;248467,800;-1174064,000;262352,600;-301744,900;-587351,600;262322,200;-250270,300;1157571,000;366,519;304185,500;603888,400;-252076,000;-250633,900;1151648,000
30,18;0,074;2,261;3,026;-0,592;0,153;0,723;0,022;0,101;-0,052;0,887;12,372;-246506,000;-301797,300;-579847,600;-3961,390;247351,800;-1178655,000;263521,200;-301394,400;-580224,500;263490,800;-250394,100;1150092,000;-3945,249;304417,600;609041,000;-246434,000;-250418,800;1149707,000
30,20;0,074;2,261;3,026;-0,592;0,153;0,723;0,022;0,101;-0,052;0,887;12,372;-245964,500;-301732,100;-579754,400;-4380,816;247201,400;-1179061,000;263632,200;-301334,500;-579571,200;263601,700;-250359,000;1149335,000;-4364,683;304409,100;609573,800;-245892,500;-250361,800;1149487,000
30,22;0,074;2,261;3,026;-0,592;0,153;0,723;0,022;0,101;-0,052;0,887;12,372;-245643,500;-301690,300;-579674,400;-4618,348;247104,100;-1179320,000;263678,400;-301296,300;-579174,800;263648,100;-250333,700;1148871,000;-4602,109;304403,600;609914,800;-245571,400;-250325,300;1149325,000
30,24;0,074;2,261;3,026;-0,592;0,153;0,723;0,022;0,101;-0,052;0,887;12,372;-244708,500;-301555,800;-579533,900;-5344,271;246817,400;-1180004,000;263866,500;-301176,800;-578063,700;263836,100;-250244,500;1147539,000;-5328,062;304370,500;610861,300;-244636,400;-250204,900;1148921,000
30,26;0,047;2,263;3,049;-0,635;0,053;0,507;0,030;0,093;-0,047;0,887;12,372;-244237,200;-301525,700;-579402,400;-5678,834;246667,400;-1180480,000;263905,100;-301579,200;-577628,900;263869,900;-250161,700;1146649,000;-5637,125;304249,900;611373,200;-244208,800;-250130,900;1148585,000
30,28;0,047;2,263;3,049;-0,635;0,053;0,507;0,030;0,093;-0,047;0,887;12,372;-238369,300;-300145,200;-579066,900;-10294,810;244226,800;-1184311,000;265033,000;-300439,900;-571085,100;264997,700;-248930,300;1137708,000;-10253,090;303606,300;617905,800;-238340,900;-248848,300;1145506,000
30,30;0,047;2,263;3,049;-0,635;0,053;0,507;0,030;0,093;-0,047;0,887;12,372;-237794,800;-299962,500;-578973,400;-10708,880;243910,300;-1184725,000;265066,400;-300292,500;-570436,300;265031,200;-248749,900;1136733,000;-10667,150;303515,500;618680,600;-237766,400;-248677,200;1145048,000
30,32;0,047;2,263;3,049;-0,635;0,053;0,507;0,030;0,093;-0,047;0,887;12,372;-237389,300;-299831,900;-578986,300;-11032,120;243699,100;-1184959,000;265141,300;-300187,900;-570012,600;265106,000;-248621,100;1136077,000;-10990,400;303442,600;619170,600;-237360,900;-248554,000;1144800,000
30,34;0,034;2,263;3,057;-0,668;0,017;0,430;0,001;0,075;-0,010;0,887;12,372;-236600,500;-299550,800;-578935,600;-11607,880;243248,600;-1185525,000;265184,300;-300023,700;-569184,100;265161,000;-248362,800;1134616,000;-11586,630;303293,100;620231,300;-236591,900;-248285,300;1144126,000
30,36;0,020;2,262;3,065;-0,672;-0,004;0,359;0,028;0,069;-0,010;0,887;12,372;-230873,100;-297170,900;-579621,400;-16190,990;239584,400;-1188411,000;266134,600;-298129,100;-563648,800;266119,800;-245863,500;1124677,000;-16157,760;301831,100;627761,900;-230892,500;-246017,400;1139971,000
30,38;0,020;2,262;3,065;-0,672;-0,004;0,359;0,028;0,069;-0,010;0,887;12,372;-230301,500;-296887,600;-579743,300;-16659,500;239166,700;-1188651,000;266233,300;-297906,600;-563135,100;266218,400;-245561,600;1123647,000;-16626,260;301648,900;628558,600;-230320,900;-245746,300;1139524,000
30,40;0,020;2,262;3,065;-0,672;-0,004;0,359;0,028;0,069;-0,010;0,887;12,372;-229882,000;-296674,500;-579838,600;-17004,260;238853,900;-1188823,000;266305,700;-297739,300;-562762,400;266290,700;-245333,900;1122886,000;-16970,990;301511,000;629148,400;-229901,500;-245542,100;1139191,000
30,42;0,006;2,261;3,071;-0,716;-0,062;0,311;-0,005;0,051;-0,020;0,887;12,372;-229075,200;-296240,100;-579969,600;-17638,890;238178,200;-1189251,000;266370,100;-297348,600;-562012,800;266356,400;-244874,700;1121189,000;-17607,610;301216,900;630414,600;-229084,700;-245116,800;1138346,000
30,44;0,006;2,261;3,071;-0,716;-0,062;0,311;-0,005;0,051;-0,020;0,887;12,372;-223498,500;-292846,400;-581834,600;-22300,490;233342,100;-1191009,000;267303,300;-294686,600;-557550,300;267289,700;-241184,100;1110490,000;-22269,230;298937,800;638839,500;-223507,900;-241852,600;1133380,000
30,46;0,006;2,261;3,071;-0,716;-0,062;0,311;-0,005;0,051;-0,020;0,887;12,372;-223043,100;-292533,200;-582027,100;-22686,840;232904,200;-1191117,000;267378,900;-294440,900;-557218,400;267365,200;-240840,700;1109580,000;-22655,590;298722,900;639563,400;-223052,700;-241550,900;1132942,000
30,48;-0,010;2,258;3,077;-0,767;-0,144;0,277;-0,058;0,046;-0,058;0,887;12,372;-222847,700;-292383,900;-582146,800;-22858,970;232690,200;-1191193,000;267411,400;-294294,300;-557089,900;267400,700;-240697,800;1108967,000;-22842,410;298581,400;639862,300;-222847,800;-241407,200;1132646,000
30,50;-0,025;2,254;3,081;-0,763;-0,161;0,211;-0,065;0,051;-0,070;0,887;12,372;-222047,500;-291822,500;-582354,400;-23468,160;231818,300;-1191484,000;267428,300;-293817,300;-556452,500;267419,600;-239990,200;1107110,000;-23444,390;298157,200;641307,400;-222050,000;-240833,000;1131588,000
30,52;-0,025;2,254;3,081;-0,763;-0,161;0,211;-0,065;0,051;-0,070;0,887;12,372;-216356,900;-287236,200;-585470,900;-28389,960;225529,400;-1192207,000;268339,200;-290199,300;-552913,800;268330,400;-234921,800;1095042,000;-28366,260;294938,800;651052,900;-216359,400;-236401,800;1125458,000
30,54;-0,025;2,254;3,081;-0,763;-0,161;0,211;-0,065;0,051;-0,070;0,887;12,372;-215926,000;-286851,500;-585748,500;-28768,570;225008,700;-1192225,000;268407,500;-289894,600;-552680,900;268398,800;-234495,500;1094091,000;-28744,800;294665,200;651827,900;-215928,300;-236029,800;1124960,000
30,56;-0,025;2,254;3,081;-0,763;-0,161;0,211;-0,065;0,051;-0,070;0,887;12,372;-215583,000;-286541,400;-585973,500;-29070,470;224589,500;-1192235,000;268461,900;-289648,800;-552499,400;268453,300;-234151,700;1093330,000;-29046,680;294444,300;652448,700;-215585,300;-235729,900;1124560,000
30,58;-0,058;2,244;3,088;-0,786;-0,231;0,097;-0,101;0,051;-0,088;0,887;12,372;-214753,900;-285815,600;-586585,800;-29815,630;223536,300;-1192245,000;268600,100;-288998,900;-552076,400;268589,400;-233264,300;1091143,000;-29783,320;293809,600;653987,700;-214744,600;-234963,700;1123404,000
30,60;-0,058;2,244;3,088;-0,786;-0,231;0,097;-0,101;0,051;-0,088;0,887;12,372;-209743,600;-280738,900;-590479,400;-34309,960;216767,500;-1191855,000;269386,200;-284947,400;-549949,100;269375,400;-227631,300;1079481,000;-34277,590;290144,100;663598,900;-209734,500;-230049,400;1117057,000
30,62;-0,058;2,244;3,088;-0,786;-0,231;0,097;-0,101;0,051;-0,088;0,887;12,372;-209111,900;-280043,700;-591031,300;-34885,010;215849,200;-1191750,000;269484,500;-284389,500;-549734,300;269473,800;-226860,000;1077956,000;-34852,660;289637,800;664865,100;-209102,600;-229376,100;1116206,000
30,64;-0,058;2,244;3,088;-0,786;-0,231;0,097;-0,101;0,051;-0,088;0,887;12,372;-208484,000;-279340,200;-591593,300;-35458,500;214921,500;-1191634,000;269582,100;-283824,200;-549533,300;269571,400;-226079,400;1076428,000;-35426,140;289124,200;666136,400;-208474,700;-228694,400;1115348,000
30,66;-0,074;2,239;3,090;-0,794;-0,280;0,096;-0,143;0,016;-0,072;0,887;12,372;-208182,700;-278931,500;-591901,100;-35734,340;214374,400;-1191587,000;269642,800;-283536,300;-549402,400;269569,200;-225677,800;1075386,000;-35714,000;288802,400;666909,100;-208151,500;-228299,300;1114698,000
30,68;-0,089;2,234;3,093;-0,731;-0,209;0,131;-0,079;-0,013;-0,034;0,887;12,372;-203236,200;-272850,500;-596958,600;-40331,630;206439,500;-1190124,000;270426,400;-278680,500;-548307,600;270333,100;-218897,700;1062694,000;-40315,950;284348,600;677394,600;-203204,800;-222422,100;1107377,000
30,70;-0,089;2,234;3,093;-0,731;-0,209;0,131;-0,079;-0,013;-0,034;0,887;12,372;-202769,000;-272233,600;-597478,400;-40771,810;205640,000;-1189944,000;270497,400;-278177,600;-548250,800;270404,200;-218214,900;1061463,000;-40756,130;283891,300;678433,400;-202737,500;-221823,900;1106651,000
30,72;-0,089;2,234;3,093;-0,731;-0,209;0,131;-0,079;-0,013;-0,034;0,887;12,372;-202413,400;-271759,000;-597879,700;-41107,540;205025,300;-1189801,000;270551,400;-277790,500;-548212,400;270458,100;-217689,600;1060521,000;-41091,820;283539,100;679229,300;-202382,000;-221363,600;1106094,000
30,74;-0,103;2,230;3,097;-0,691;-0,189;0,204;-0,067;-0,046;-0,029;0,887;12,372;-201744,700;-270829,400;-598618,600;-41736,290;203858,600;-1189496,000;270652,600;-277085,900;-548125,400;270559,100;-216745,600;1058593,000;-41738,680;282868,800;680707,400;-201720,500;-220499,900;1104951,000
30,76;-0,103;2,230;3,097;-0,691;-0,189;0,204;-0,067;-0,046;-0,029;0,887;12,372;-197015,000;-263952,600;-604571,200;-46281,430;195034,900;-1187030,000;271364,300;-271426,100;-548193,400;271270,900;-209153,600;1045505,000;-46283,850;277725,100;691851,300;-196990,900;-213827,700;1097020,000
30,78;-0,103;2,230;3,097;-0,691;-0,189;0,204;-0,067;-0,046;-0,029;0,887;12,372;-196593,100;-263297,700;-605147,300;-46692,660;194200,400;-1186768,000;271427,400;-270883,500;-548241,800;271333,900;-208432,300;1044296,000;-46695,100;277232,300;692886,700;-196568,900;-213192,100;1096274,000
30,80;-0,117;2,225;3,103;-0,702;-0,220;0,291;-0,072;-0,067;-0,019;0,887;12,372;-196403,400;-262954,500;-605375,900;-46881,030;193818,900;-1186600,000;271445,900;-270626,100;-548253,800;271364,300;-208113,700;1043497,000;-46900,030;276969,900;693412,200;-196371,600;-212891,200;1095776,000
30,82;-0,130;2,221;3,110;-0,672;-0,206;0,366;-0,039;-0,081;-0,037;0,887;12,372;-195539,800;-261635,100;-606660,300;-47738,900;192240,900;-1185963,000;271646,700;-269592,800;-548408,100;271579,700;-206679,900;1041074,000;-47759,790;275972,900;695302,200;-195534,200;-211672,300;1094387,000
30,84;-0,130;2,221;3,110;-0,672;-0,206;0,366;-0,039;-0,081;-0,037;0,887;12,372;-190860,300;-253675,700;-613815,300;-52394,290;182204,700;-1182332,000;272346,200;-262926,100;-549683,400;272279,200;-197941,500;1026979,000;-52415,060;269928,600;707466,800;-190854,700;-203944,400;1085470,000
30,86;-0,130;2,221;3,110;-0,672;-0,206;0,366;-0,039;-0,081;-0,037;0,887;12,372;-190422,200;-252882,200;-614537,300;-52836,390;181210,500;-1181943,000;272411,300;-262256,700;-549853,600;272344,400;-197072,300;1025611,000;-52857,070;269322,700;708653,900;-190416,400;-203173,400;1084590,000
30,88;-0,130;2,221;3,110;-0,672;-0,206;0,366;-0,039;-0,081;-0,037;0,887;12,372;-190126,800;-252342,300;-615029,400;-53135,010;180535,000;-1181675,000;272455,000;-261800,500;-549973,800;272388,100;-196481,200;1024683,000;-53155,660;268910,000;709459,200;-190121,000;-202648,900;1083991,000
30,90;-0,157;2,210;3,128;-0,659;-0,239;0,475;0,024;-0,074;-0,042;0,887;12,372;-189582,800;-251279,500;-616017,700;-53706,290;179178,400;-1181037,000;272535,300;-260869,400;-550297,300;272476,800;-195275,300;1022499,000;-53748,490;268025,200;711066,300;-189537,800;-201594,300;1082579,000
30,92;-0,157;2,210;3,128;-0,659;-0,239;0,475;0,024;-0,074;-0,042;0,887;12,372;-185455,400;-243172,100;-623498,800;-57946,790;169113,500;-1176712,000;273143,300;-253959,600;-552575,100;273084,800;-186426,000;1008975,000;-57988,960;261786,900;722879,800;-185410,400;-193714,700;1073684,000
30,94;-0,157;2,210;3,128;-0,659;-0,239;0,475;0,024;-0,074;-0,042;0,887;12,372;-185002,300;-242230,700;-624375,100;-58418,190;167952,300;-1176184,000;273209,700;-253151,700;-552880,300;273151,200;-185401,100;1007439,000;-58460,520;261058,600;724228,000;-184957,300;-192799,400;1072659,000
30,96;-0,157;2,210;3,128;-0,659;-0,239;0,475;0,024;-0,074;-0,042;0,887;12,372;-184696,600;-241589,500;-624972,900;-58737,040;167161,800;-1175822,000;273254,400;-252600,700;-553092,800;273195,900;-184703,100;1006396,000;-58779,250;260562,100;725143,900;-184651,700;-192175,700;1071961,000
30,98;-0,171;2,204;3,139;-0,660;-0,320;0,518;0,012;-0,083;-0,076;0,887;12,372;-184146,100;-240352,800;-625999,400;-59275,230;165565,500;-1175109,000;273247,100;-251528,300;-553518,300;273187,000;-183400,000;1004148,000;-59309,870;259577,400;727011,900;-184106,800;-190945,000;1070339,000
31,00;-0,171;2,204;3,139;-0,660;-0,320;0,518;0,012;-0,083;-0,076;0,887;12,372;-180140,000;-231329,600;-634485,600;-63518,340;154528,000;-1169718,000;273825,200;-243704,400;-556967,400;273765,200;-173607,900;989848,100;-63553,040;252547,700;739641,300;-180100,500;-182163,200;1060591,000
31,02;-0,185;2,195;3,150;-0,679;-0,422;0,556;0,006;-0,084;-0,089;0,887;12,372;-179852,400;-230586,900;-635061,300;-63789,280;153556,100;-1169203,000;273781,000;-243047,700;-557270,400;273725,300;-172776,900;988362,100;-63814,010;251914,600;740770,800;-179822,000;-181415,700;1059459,000
31,04;-0,185;2,195;3,150;-0,679;-0,422;0,556;0,006;-0,084;-0,089;0,887;12,372;-179644,000;-230086,900;-635535,100;-64013,000;152948,600;-1168891,000;273810,700;-242610,700;-557482,900;273755,000;-172235,800;987586,900;-64037,770;251522,900;741458,800;-179613,800;-180928,800;1058922,000
31,06;-0,198;2,187;3,160;-0,641;-0,370;0,525;0,047;-0,053;-0,022;0,887;12,372;-178975,700;-228366,900;-637200,200;-64773,980;150848,100;-1167716,000;273917,700;-241043,600;-558304,600;273866,200;-170245,500;984712,400;-64816,840;250156,600;743824,100;-178897,200;-179218,200;1056922,000
31,08;-0,198;2,187;3,160;-0,641;-0,370;0,525;0,047;-0,053;-0,022;0,887;12,372;-175114,900;-218272,100;-646691,800;-68950,330;138616,000;-1161179,000;274367,600;-232136,100;-563048,500;274316,100;-159339,200;969398,900;-68993,230;242231,400;757532,400;-175036,200;-169363,500;1045991,000
31,10;-0,198;2,187;3,160;-0,641;-0,370;0,525;0,047;-0,053;-0,022;0,887;12,372;-174738,100;-217240,800;-647681,800;-69366,670;137381,800;-1160482,000;274420,300;-231219,600;-563571,300;274368,800;-158229,200;967865,900;-69409,610;241413,200;758905,600;-174659,400;-168357,400;1044896,000
31,12;-0,210;2,178;3,170;-0,624;-0,470;0,501;0,050;-0,026;-0,059;0,887;12,372;-174401,200;-216327,200;-648595,400;-69737,130;136249,700;-1159740,000;274444,300;-230355,600;-564067,300;274414,900;-157279,100;966239,800;-69778,210;240630,100;760186,800;-174324,300;-167431,500;1043728,000
31,14;-0,222;2,170;3,179;-0,577;-0,389;0,451;0,040;-0,022;0,004;0,887;12,372;-174066,200;-215300,100;-649472,800;-70080,780;134942,700;-1159012,000;274422,000;-229396,700;-564636,700;274376,300;-156074,800;964501,200;-70102,740;239862,400;761594,900;-173995,400;-166393,700;1042371,000
31,16;-0,222;2,170;3,179;-0,577;-0,389;0,451;0,040;-0,022;0,004;0,887;12,372;-170120,900;-203551,500;-660831,200;-74516,450;121024,800;-1150726,000;274966,200;-218850,600;-571146,100;274920,700;-143476,400;947468,100;-74538,410;230464,600;776942,000;-170050,100;-154921,700;1029961,000
31,18;-0,222;2,170;3,179;-0,577;-0,389;0,451;0,040;-0,022;0,004;0,887;12,372;-169812,600;-202575,700;-661779,300;-74867,450;119877,400;-1150018,000;275008,500;-217968,600;-571718,000;274962,900;-142432,700;946077,300;-74889,240;229679,100;778199,900;-169741,800;-153968,300;1028934,000
31,20;-0,243;2,152;3,194;-0,497;-0,377;0,354;0,037;-0,010;0,013;0,887;12,372;-169743,400;-202273,600;-661969,100;-74907,680;119407,400;-1149660,000;274900,200;-217639,100;-571853,900;274872,900;-142055,900;945200,500;-74909,440;229455,600;778686,500;-169692,100;-153629,400;1028158,000
31,22;-0,243;2,152;3,194;-0,497;-0,377;0,354;0,037;-0,010;0,013;0,887;12,372;-166164,300;-190165,500;-673783,400;-79033,850;105285,200;-1140628,000;275385,700;-206609,200;-579347,600;275358,400;-129138,700;928239,400;-79035,540;219644,200;794091,300;-166112,800;-141786,600;1015462,000
31,24;-0,243;2,152;3,194;-0,497;-0,377;0,354;0,037;-0,010;0,013;0,887;12,372;-165878,800;-189138,800;-674789,100;-79366,770;104096,900;-1139844,000;275424,300;-205667,800;-580012,100;275397,000;-128046,100;926823,300;-79368,420;218806,900;795382,100;-165827,300;-140781,700;1014389,000
31,26;-0,243;2,152;3,194;-0,497;-0,377;0,354;0,037;-0,010;0,013;0,887;12,372;-165685,700;-188439,000;-675475,200;-79592,150;103288,100;-1139308,000;275450,300;-205025,500;-580467,600;275423,000;-127301,900;925860,000;-79593,880;218235,700;796260,800;-165634,300;-140097,000;1013658,000
31,28;-0,262;2,135;3,206;-0,436;-0,379;0,273;0,023;-0,005;0,011;0,887;12,372;-165006,700;-185802,600;-677952,900;-80349,480;100142,000;-1137134,000;275461,700;-202558,800;-582215,400;275416,500;-124473,600;921838,100;-80340,550;216113,000;799654,100;-164965,300;-137484,400;1010463,000
31,30;-0,262;2,135;3,206;-0,436;-0,379;0,273;0,023;-0,005;0,011;0,887;12,372;-161972,900;-173831,100;-689738,400;-83944,080;86442,860;-1127693,000;275866,300;-191474,600;-590438,400;275821,100;-111776,000;905673,000;-83935,280;206256,200;814464,500;-161931,500;-125751,000;997995,600
31,32;-0,262;2,135;3,206;-0,436;-0,379;0,273;0,023;-0,005;0,011;0,887;12,372;-161623,400;-172363,600;-691187,600;-84362,400;84776,460;-1126512,000;275912,700;-190107,600;-591482,600;275867,600;-110222,900;903718,100;-84353,610;205040,000;816261,300;-161582,000;-124311,700;996471,200
31,34;-0,262;2,135;3,206;-0,436;-0,379;0,273;0,023;-0,005;0,011;0,887;12,372;-161436,300;-171569,700;-691972,300;-84586,730;83876,090;-1125872,000;275937,600;-189367,300;-592050,700;275892,300;-109383,000;902662,900;-84577,980;204381,300;817231,800;-161394,900;-123532,900;995646,700
31,36;-0,270;2,125;3,211;-0,426;-0,517;0,256;-0,001;-0,011;-0,065;0,887;12,372;-161076,300;-170117,700;-693405,800;-84995,380;82220,050;-1124559,000;275971,200;-188062,400;-593053,800;275934,800;-107950,000;900503,100;-84984,670;203110,700;819038,500;-161057,700;-122113,400;993956,900
31,38;-0,278;2,115;3,216;-0,389;-0,467;0,219;-0,004;-0,013;-0,005;0,887;12,372;-158346,400;-157513,700;-705920,900;-88328,040;68076,830;-1114051,000;276327,900;-176197,000;-602454,000;276303,700;-94549,920;883829,300;-88322,970;192572,100;834251,800;-158308,900;-109728,900;980753,900
31,40;-0,278;2,115;3,216;-0,389;-0,467;0,219;-0,004;-0,013;-0,005;0,887;12,372;-158147,100;-156538,600;-706890,300;-88571,910;66990,020;-1113234,000;276354,200;-175276,200;-603200,600;276329,900;-93523,070;882569,000;-88566,870;191751,000;835418,800;-158109,700;-108770,600;979745,900
31,42;-0,278;2,115;3,216;-0,389;-0,467;0,219;-0,004;-0,013;-0,005;0,887;12,372;-158019,000;-155653,700;-707618,400;-88701,810;65914,250;-1112550,000;276275,200;-174438,500;-603856,000;276251,100;-92572,380;881383,400;-88696,750;191060,600;836554,100;-157981,500;-107881,600;978662,100
31,44;-0,286;2,103;3,220;-0,369;-0,583;0,193;-0,006;-0,001;-0,049;0,887;12,372;-157585,600;-153234,600;-709874,800;-89185,680;63110,670;-1110424,000;276224,800;-172144,100;-605685,000;276199,000;-90068,610;878024,600;-89190,880;189047,900;839563,600;-157556,500;-105471,900;975779,300
31,46;-0,286;2,103;3,220;-0,369;-0,583;0,193;-0,006;-0,001;-0,049;0,887;12,372;-155199,700;-140302,700;-722766,200;-92141,660;48856,810;-1099329,000;276533,800;-159837,400;-615981,600;276508,000;-76489,590;861599,200;-92146,940;178052,700;854838,400;-155170,600;-92743,350;962429,400
31,48;-0,293;2,089;3,224;-0,348;-0,719;0,194;-0,029;-0,004;-0,072;0,887;12,372;-154948,700;-138995,800;-724051,600;-92421,720;47444,090;-1097988,000;276554,600;-158625,100;-617013,600;276537,400;-75216,950;859934,800;-92433,260;176856,900;856361,700;-154947,200;-91470,870;960837,100
31,50;-0,300;2,077;3,228;-0,365;-0,600;0,213;-0,009;-0,011;0,004;0,887;12,372;-154871,500;-137697,300;-725020,900;-92492,740;45838,120;-1096843,000;276356,800;-157378,700;-618041,800;276337,300;-73631,230;858180,100;-92495,660;175918,300;858004,300;-154847,500;-90150,410;958967,200
31,52;-0,300;2,077;3,228;-0,365;-0,600;0,213;-0,009;-0,011;0,004;0,887;12,372;-152751,200;-124096,900;-738635,900;-95165,700;31108,700;-1084790,000;276625,900;-144288,900;-629467,500;276606,400;-59411,610;841343,800;-95168,510;164175,000;873762,000;-152727,200;-76735,190;944959,900
31,54;-0,300;2,077;3,228;-0,365;-0,600;0,213;-0,009;-0,011;0,004;0,887;12,372;-152578,600;-122896,200;-739840,100;-95384,820;29818,810;-1083711,000;276647,800;-143127,600;-630498,700;276628,300;-58158,670;839874,000;-95387,630;163130,700;875141,300;-152554,600;-75549,770;943724,800
31,56;-0,300;2,077;3,228;-0,365;-0,600;0,213;-0,009;-0,011;0,004;0,887;12,372;-152482,100;-122217,600;-740521,000;-95507,480;29090,570;-1083100,000;276660,000;-142471,000;-631082,900;276640,600;-57450,620;839044,400;-95510,300;162539,800;875920,200;-152458,100;-74879,670;943026,600
31,58;-0,314;2,051;3,237;-0,355;-0,539;0,222;0,010;-0,022;0,014;0,887;12,372;-152371,400;-119991,100;-742231,600;-95574,830;26317,790;-1080983,000;276333,800;-140281,000;-632981,400;276311,700;-55013,390;836155,900;-95571,640;160837,800;878733,600;-152340,500;-72588,290;939780,800
31,60;-0,314;2,051;3,237;-0,355;-0,539;0,222;0,010;-0,022;0,014;0,887;12,372;-150621,600;-106148,100;-756143,200;-97817,630;11612,670;-1068316,000;276549,700;-126805,700;-645220,400;276527,600;-40606,140;819474,100;-97814,310;148677,000;894453,900;-150590,600;-58900,960;925548,300
31,62;-0,314;2,051;3,237;-0,355;-0,539;0,222;0,010;-0,022;0,014;0,887;12,372;-150493,300;-105032,400;-757266,500;-97983,080;10437,050;-1067283,000;276565,500;-125714,900;-646225,800;276543,300;-39447,080;818143,900;-97979,720;147689,500;895710,800;-150462,300;-57796,790;924402,300
31,64;-0,314;2,051;3,237;-0,355;-0,539;0,222;0,010;-0,022;0,014;0,887;12,372;-150467,200;-104244,700;-757885,000;-97991,880;9498,688;-1066614,000;276458,200;-124941,200;-646913,700;276436,200;-38606,570;817157,400;-97988,510;147064,800;896682,800;-150436,200;-56993,080;923395,900
31,66;-0,326;2,032;3,244;-0,252;-0,373;0,190;0,024;-0,025;-0,079;0,887;12,372;-150355,500;-101698,400;-760045,900;-98076,540;6481,873;-1064079,000;276192,200;-122383,900;-649237,800;276161,900;-35881,210;813967,800;-98069,700;144766,700;899977,300;-150319,500;-54391,960;919892,300
31,68;-0,326;2,032;3,244;-0,252;-0,373;0,190;0,024;-0,025;-0,079;0,887;12,372;-148783,600;-85403,860;-776483,400;-100121,000;-10466,830;-1048698,000;276380,000;-106344,000;-664353,900;276349,600;-19004,950;794875,100;-100114,100;130172,300;918101,300;-148747,600;-38239,730;903163,800
31,70;-0,329;2,021;3,251;-0,025;-0,227;0,155;-0,010;-0,029;-0,132;0,887;12,372;-148787,400;-83650,050;-777885,800;-100075,700;-12470,940;-1046852,000;276128,600;-104597,500;-665975,900;276122,400;-17153,180;792773,900;-100057,800;128368,500;920575,200;-148745,600;-36454,890;900610,300
31,72;-0,326;2,018;3,254;0,117;-0,020;0,059;-0,010;-0,015;0,009;0,887;12,372;-147626,800;-66426,770;-795156,000;-101554,100;-30128,120;-1030172,000;276141,700;-87456,010;-682612,800;276158,000;612,239;773033,900;-101546,600;112671,300;939516,000;-147606,300;-19265,460;882719,900
31,74;-0,326;2,018;3,254;0,117;-0,020;0,059;-0,010;-0,015;0,009;0,887;12,372;-146867,600;-50332,640;-811499,100;-102558,400;-46254,550;-1014224,000;276229,800;-71334,920;-698659,300;276246,100;17135,220;755078,900;-102550,900;97716,170;956787,100;-146847,100;-3241,619;866238,100
31,76;-0,320;2,014;3,255;0,314;-0,254;0,036;-0,017;0,017;0,021;0,887;12,372;-146985,600;-48952,170;-812198,100;-102284,900;-47867,410;-1012789,000;275879,300;-70057,480;-699769,600;275913,800;18216,390;753630,700;-102294,500;96644,920;958904,200;-146999,500;-1869,312;864233,800
31,78;-0,320;2,014;3,255;0,314;-0,254;0,036;-0,017;0,017;0,021;0,887;12,372;-146650,600;-35814,380;-825577,300;-102730,100;-60811,930;-999503,600;275917,300;-56803,470;-713253,100;275951,900;31648,260;739303,900;-102739,900;84224,480;972774,400;-146664,500;11237,580;850790,800
31,80;-0,320;2,014;3,255;0,314;-0,254;0,036;-0,017;0,017;0,021;0,887;12,372;-146630,900;-34586,830;-826829,100;-102756,300;-62012,600;-998251,400;275919,500;-55561,250;-714528,400;275954,100;32900,840;737979,100;-102766,000;83054,840;974061,000;-146644,700;12463,230;849535,400
31,82;-0,320;2,014;3,255;0,314;-0,254;0,036;-0,017;0,017;0,021;0,887;12,372;-146605,800;-32806,770;-828644,800;-102789,800;-63751,070;-996432,500;275922,400;-53758,870;-716382,400;275956,900;34716,570;736061,800;-102799,400;81355,700;975923,800;-146619,700;14241,050;847714,900
31,84;-0,309;1,992;3,257;0,192;-0,598;0,063;-0,028;0,005;0,094;0,887;12,372;-146618,200;-31747,130;-829652,300;-102812,400;-64766,470;-994924,100;275936,800;-52795,720;-717422,600;275939,600;36036,840;735074,900;-102803,200;80772,070;977486,000;-146610,600;15121,320;846640,100
31,86;-0,309;1,992;3,257;0,192;-0,598;0,063;-0,028;0,005;0,094;0,887;12,372;-146588,500;-18270,510;-843421,000;-102852,000;-77807,900;-981004,600;275940,100;-39099,330;-731669,900;275943,000;49749,000;720752,600;-102842,800;67777,520;991457,200;-146580,900;28595,370;832865,500
31,88;-0,309;1,992;3,257;0,192;-0,598;0,063;-0,028;0,005;0,094;0,887;12,372;-146599,800;-16776,120;-844949,900;-102836,900;-79242,960;-979447,800;275938,800;-37575,970;-733269,000;275941,700;51266,260;719182,400;-102827,800;66324,390;992994,300;-146592,300;30090,640;831338,900
31,90;-0,309;1,992;3,257;0,192;-0,598;0,063;-0,028;0,005;0,094;0,887;12,372;-146607,200;-15963,140;-845781,900;-102827,000;-80023,380;-978599,300;275938,000;-36746,920;-734140,400;275940,900;52091,800;718329,000;-102817,900;65532,750;993829,600;-146599,700;30904,590;830508,200
31,92;-0,302;1,968;3,259;0,058;-0,534;0,035;-0,087;-0,002;0,365;0,887;12,372;-146693,300;-14064,790;-847561,000;-102688,500;-82264,410;-976213,500;275826,200;-34757,830;-736183,700;275831,200;53957,980;716284,800;-102681,200;63774,950;996095,600;-146688,800;32826,050;828403,400
31,94;-0,302;1,968;3,259;0,058;-0,534;0,035;-0,087;-0,002;0,365;0,887;12,372;-147007,400;257,082;-862243,400;-102270,800;-95871,300;-961104,100;275790,800;-20096,250;-751772,800;275795,800;68452,880;701486,800;-102263,500;49674,930;1010656,000;-147003,000;47177,250;813781,600
31,96;-0,302;1,968;3,259;0,058;-0,534;0,035;-0,087;-0,002;0,365;0,887;12,372;-147046,000;1456,555;-863474,900;-102219,500;-97002,020;-959827,800;275786,500;-18864,860;-753093,900;275791,500;69663,610;700263,200;-102212,300;48483,630;1011865,000;-147041,600;48379,980;812557,900
31,98;-0,302;1,968;3,259;0,058;-0,534;0,035;-0,087;-0,002;0,365;0,887;12,372;-147075,800;2344,146;-864386,300;-102180,000;-97837,770;-958882,200;275783,200;-17953,190;-754073,200;275788,100;70559,140;699359,400;-102172,700;47600,900;1012759,000;-147071,400;49270,100;811652,500
32,00;-0,298;1,960;3,260;0,153;-0,383;0,038;-0,058;0,002;0,269;0,887;12,372;-147166,000;5023,522;-867149,800;-102033,200;-100510,000;-955749,400;275776,300;-15168,290;-757053,400;275776,300;73063,480;696608,700;-102031,200;44888,420;1015530,000;-147173,600;51937,910;808940,300
32,02;-0,293;1,960;3,262;0,217;-0,015;0,112;-0,033;0,002;0,184;0,887;12,372;-147803,500;18308,330;-880851,400;-101195,400;-112936,400;-941317,100;275701,600;-1462,897;-771967,600;275710,900;86545,130;683286,600;-101188,600;31447,830;1028884,000;-147815,500;65335,540;795429,600
32,04;-0,293;1,960;3,262;0,217;-0,015;0,112;-0,033;0,002;0,184;0,887;12,372;-147933,700;20563,190;-883175,100;-101023,400;-115023,700;-938865,200;275686,900;868,838;-774524,000;275696,300;88807,700;681059,300;-101016,700;29157,730;1031107,000;-147945,600;67602,290;793131,700
32,06;-0,286;1,963;3,266;0,361;0,123;0,180;0,029;-0,006;0,109;0,887;12,372;-148042,100;22361,400;-885016,000;-100861,700;-116749,400;-936746,500;275661,300;2713,446;-776543,000;275685,400;90523,370;679312,600;-100866,900;27108,340;1033168,000;-148081,300;69638,960;791152,800
32,08;-0,286;1,963;3,266;0,361;0,123;0,180;0,029;-0,006;0,109;0,887;12,372;-149081,200;36783,350;-899910,700;-99495,930;-129968,000;-920881,100;275544,000;17684,710;-793151,300;275568,200;104938,700;665339,900;-99501,190;12279,290;1047212,000;-149120,400;84154,160;776469,600
32,10;-0,286;1,963;3,266;0,361;0,123;0,180;0,029;-0,006;0,109;0,887;12,372;-149179,600;37967,990;-901136,300;-99367,100;-131046,000;-919565,900;275532,800;18918,250;-794531,900;275556,900;106119,500;664209,300;-99372,400;11049,530;1048354,000;-149218,800;85347,690;775264,300
32,12;-0,277;1,966;3,271;0,435;0,186;0,289;0,089;-0,017;0,037;0,887;12,372;-149220,800;38391,570;-901757,500;-99289,860;-131657,300;-918756,400;275526,800;19337,720;-795011,300;275551,300;106532,400;663824,400;-99327,660;10453,480;1049160,000;-149292,700;86016,180;774643,600
32,14;-0,268;1,972;3,279;0,431;0,288;0,443;0,096;-0,003;0,092;0,887;12,372;-149416,000;40538,410;-904130,000;-99051,140;-133564,600;-916313,700;275504,500;21573,230;-797555,300;275544,900;108853,600;661777,300;-99084,730;8460,612;1051323,000;-149480,600;88215,730;772503,700
32,16;-0,268;1,972;3,279;0,431;0,288;0,443;0,096;-0,003;0,092;0,887;12,372;-150813,700;54726,500;-918845,000;-97232,900;-146344,200;-900370,900;275346,200;36402,790;-814358,700;275386,500;122932,200;648539,100;-97266,380;-6458,347;1064808,000;-150878,500;102527,300;758084,900
32,18;-0,268;1,972;3,279;0,431;0,288;0,443;0,096;-0,003;0,092;0,887;12,372;-150924,000;55731,890;-919889,700;-97090,050;-147243,000;-899231,300;275333,700;37456,620;-815563,400;275374,100;123926,300;647616,900;-97123,550;-7525,396;1065753,000;-150988,800;103542,100;757064,300
32,20;-0,258;1,978;3,290;0,507;0,300;0,536;0,155;0,009;-0,052;0,887;12,372;-150992,600;56426,890;-920852,400;-96981,130;-148010,600;-898193,400;275333,800;38176,200;-816397,400;275354,200;124435,100;646975,800;-97025,240;-8136,677;1066599,000;-151073,200;104284,500;756375,600
32,22;-0,249;1,985;3,302;0,454;0,374;0,648;0,158;0,029;-0,059;0,887;12,372;-151270,700;58784,080;-923450,400;-96640,010;-150173,900;-895390,000;275308,500;40666,970;-819270,300;275326,800;126920,000;644801,400;-96669,200;-10631,120;1068949,000;-151322,500;106566,300;754128,200
32,24;-0,249;1,985;3,302;0,454;0,374;0,648;0,158;0,029;-0,059;0,887;12,372;-152869,700;71513,990;-936714,100;-94587,050;-161450,700;-880779,800;275126,800;54061,480;-834771,400;275145,000;139450,800;633408,000;-94616,220;-24315,830;1080736,000;-152921,600;119434,000;741221,100
32,26;-0,249;1,985;3,302;0,454;0,374;0,648;0,158;0,029;-0,059;0,887;12,372;-153073,600;73003,420;-938269,000;-94326,810;-162761,500;-879055,400;275103,500;55633,020;-836605,900;275121,800;140911,800;632099,200;-94355,970;-25931,310;1082100,000;-153125,300;120941,000;739712,400
32,28;-0,249;1,985;3,302;0,454;0,374;0,648;0,158;0,029;-0,059;0,887;12,372;-153200,200;73915,310;-939221,500;-94165,370;-163563,200;-877997,900;275089,100;56595,530;-837731,100;275107,400;141805,900;631300,300;-94194,470;-26922,050;1082933,000;-153252,000;121863,700;738789,000
32,30;-0,234;2,000;3,327;0,349;0,430;0,664;0,167;-0,005;-0,092;0,887;12,372;-153394,000;75228,090;-940920,500;-93951,790;-164904,100;-876139,500;275074,100;58004,250;-839362,400;275163,300;143333,500;630186,800;-93977,130;-28402,050;1084413,000;-153423,400;123078,600;737543,600
32,32;-0,234;2,000;3,327;0,349;0,430;0,664;0,167;-0,005;-0,092;0,887;12,372;-155356,900;88057,160;-954354,400;-91469,980;-176094,100;-861103,300;274849,900;71590,280;-855417,100;274939,100;155854,600;619214,800;-91495,320;-42489,240;1095966,000;-155386,300;136072,900;724571,900
32,34;-0,234;2,000;3,327;0,349;0,430;0,664;0,167;-0,005;-0,092;0,887;12,372;-155539,000;89160,600;-955512,500;-91241,380;-177050,800;-859797,900;274829,000;72762,020;-856814,100;274918,200;156927,600;618290,400;-91266,680;-43711,680;1096948,000;-155568,300;137191,600;723457,500
32,36;-0,234;2,000;3,327;0,349;0,430;0,664;0,167;-0,005;-0,092;0,887;12,372;-155643,400;89787,960;-956171,100;-91110,380;-177594,000;-859055,100;274817,100;73428,390;-857609,600;274906,300;157537,200;617766,500;-91135,820;-44407,370;1097504,000;-155672,800;137827,600;722824,300
32,38;-0,228;2,011;3,339;0,275;0,566;0,573;0,088;-0,023;-0,063;0,887;12,372;-155947,000;91643,230;-958286,800;-90748,390;-179231,300;-856750,500;274783,400;75382,120;-859928,100;274903,600;159194,600;616211,600;-90755,450;-46484,420;1099290,000;-155994,700;139645,300;721057,600
32,40;-0,225;2,024;3,349;0,151;0,653;0,507;0,105;-0,035;-0,001;0,887;12,372;-158160,800;103813,500;-971230,600;-88000,890;-189603,700;-842205,900;274538,200;88380,900;-875611,600;274635,100;171083,500;606350,600;-88008,120;-60125,920;1110023,000;-158202,000;151920,700;708736,800
32,42;-0,225;2,024;3,349;0,151;0,653;0,507;0,105;-0,035;-0,001;0,887;12,372;-158368,200;104879,900;-972356,400;-87745,300;-190514,500;-840916,700;274514,300;89520,680;-877000,800;274611,300;172110,200;605505,200;-87752,510;-61331,980;1110941,000;-158409,400;153003,800;707664,300
32,44;-0,225;2,024;3,349;0,151;0,653;0,507;0,105;-0,035;-0,001;0,887;12,372;-158524,400;105675,600;-973196,900;-87553,090;-191193,200;-839953,800;274496,300;90371,450;-878039,100;274593,200;172875,700;604876,800;-87560,240;-62233,010;1111625,000;-158565,700;153811,600;706864,500
32,46;-0,223;2,038;3,357;0,082;0,719;0,432;0,065;-0,030;0,017;0,887;12,372;-158994,000;108072,400;-975911,400;-86972,550;-193184,300;-837025,600;274449,500;92929,840;-881170,900;274546,800;175072,800;603003,100;-86968,040;-64963,830;1113823,000;-159072,300;156226,800;704445,500
32,48;-0,223;2,038;3,357;0,082;0,719;0,432;0,065;-0,030;0,017;0,887;12,372;-161561,700;120048,700;-988610,000;-83849,840;-203320,300;-822333,400;274152,600;105783,300;-897070,000;274249,800;186525,500;593877,700;-83845,360;-78686,360;1123906,000;-161640,000;168403,400;692437,700
32,50;-0,223;2,038;3,357;0,082;0,719;0,432;0,065;-0,030;0,017;0,887;12,372;-161819,900;121179,800;-989812,800;-83538,800;-204271,500;-820932,300;274122,700;107000,300;-898590,800;274219,800;187601,500;593040,900;-83534,320;-79993,400;1124842,000;-161898,000;169553,800;691306,700
32,52;-0,223;2,055;3,365;-0,038;0,849;0,403;0,013;-0,029;0,054;0,887;12,372;-161929,800;121616,700;-990555,300;-83400,880;-204613,700;-820324,200;274110,100;107485,500;-899351,600;274225,200;187903,100;592721,100;-83397,650;-80503,590;1125414,000;-162030,400;170056,400;690908,600
32,54;-0,225;2,071;3,373;-0,126;0,854;0,393;0,025;-0,028;0,108;0,887;12,372;-162309,900;123194,000;-992381,000;-82951,630;-205729,200;-818530,000;274060,000;109188,100;-901629,600;274123,900;189604,200;591565,100;-82948,170;-82306,510;1126831,000;-162359,300;171616,100;689256,100
32,56;-0,225;2,071;3,373;-0,126;0,854;0,393;0,025;-0,028;0,108;0,887;12,372;-165363,500;135456,500;-1005485,000;-79323,300;-215958,600;-803106,000;273704,300;122439,500;-918441,700;273768,200;201191,700;582890,400;-79319,760;-96651,180;1136738,000;-165412,900;184104,400;677037,300
32,58;-0,225;2,071;3,373;-0,126;0,854;0,393;0,025;-0,028;0,108;0,887;12,372;-165655,700;136558,300;-1006667,000;-78979,840;-216872,300;-801703,800;273670,100;123633,700;-919974,800;273734,000;202227,200;582139,200;-78976,380;-97951,620;1137610,000;-165705,000;185227,500;675942,800
32,60;-0,225;2,071;3,373;-0,126;0,854;0,393;0,025;-0,028;0,108;0,887;12,372;-165813,800;137149,700;-1007302,000;-78794,250;-217362,100;-800950,100;273651,600;124275,200;-920799,400;273715,400;202782,700;581737,900;-78790,830;-98650,480;1138077,000;-165863,100;185830,300;675355,600
32,62;-0,232;2,102;3,388;-0,185;0,732;0,372;0,002;-0,006;0,100;0,887;12,372;-166244,500;138725,700;-1009286,000;-78299,730;-218392,700;-799033,900;273598,200;125950,200;-923420,000;273647,400;204337,700;580698,900;-78280,770;-100526,400;1139532,000;-166283,600;187418,900;673775,500
32,64;-0,232;2,102;3,388;-0,185;0,732;0,372;0,002;-0,006;0,100;0,887;12,372;-169447,600;149857,300;-1021294,000;-74590,890;-227548,500;-784641,100;273221,700;138066,100;-939229,500;273270,900;214718,900;573512,900;-74571,910;-113817,200;1148095,000;-169486,800;198774,100;662771,900
32,66;-0,232;2,102;3,388;-0,185;0,732;0,372;0,002;-0,006;0,100;0,887;12,372;-169751,800;150855,500;-1022375,000;-74242,510;-228364,700;-783335,100;273185,900;139155,700;-940668,900;273235,200;215644,300;572896,200;-74223,520;-115018,900;1148846,000;-169791,000;199792,800;661789,100
32,68;-0,232;2,102;3,388;-0,185;0,732;0,372;0,002;-0,006;0,100;0,887;12,372;-170030,600;151761,900;-1023358,000;-73923,840;-229105,300;-782146,800;273153,000;140145,500;-941979,100;273202,200;216484,000;572339,900;-73904,790;-116111,300;1149525,000;-170069,900;200718,000;660897,400
32,70;-0,240;2,126;3,401;-0,217;0,582;0,328;0,018;-0,002;0,061;0,887;12,372;-170586,100;153522,000;-1025545,000;-73297,570;-230392,000;-779840,400;273085,600;142060,300;-944906,200;273142,300;218197,100;571291,500;-73283,400;-118253,100;1151020,000;-170616,900;202498,000;659146,800
32,72;-0,240;2,126;3,401;-0,217;0,582;0,328;0,018;-0,002;0,061;0,887;12,372;-174182,300;164341,900;-1037351,000;-69252,130;-239167,200;-765408,300;272658,800;153925,900;-960894,100;272715,400;228140,100;565084,600;-69237,980;-131436,900;1158855,000;-174213,200;213551,700;648564,700
32,74;-0,240;2,126;3,401;-0,217;0,582;0,328;0,018;-0,002;0,061;0,887;12,372;-174552,000;165391,000;-1038502,000;-68841,420;-240013,000;-763989,800;272614,700;155080,100;-962471,500;272671,300;229097,500;564517,100;-68827,340;-132725,600;1159594,000;-174582,700;214623,800;647544,300
32,76;-0,240;2,126;3,401;-0,217;0,582;0,328;0,018;-0,002;0,061;0,887;12,372;-174762,800;165984,100;-1039153,000;-68607,630;-240491,000;-763186,000;272589,500;155732,900;-963365,700;272646,200;229638,900;564198,600;-68593,580;-133455,000;1160010,000;-174793,500;215230,300;646967,500
32,78;-0,244;2,137;3,408;-0,236;0,557;0,312;-0,001;0,004;-0,014;0,887;12,372;-175174,600;167142,600;-1040595,000;-68134,970;-241442,100;-761547,100;272541,400;157019,800;-965363,800;272607,400;230504,100;563604,400;-68128,880;-134902,800;1160923,000;-175229,500;216426,000;645847,100
32,80;-0,249;2,147;3,414;-0,256;0,476;0,309;-0,007;0,006;0,026;0,887;12,372;-178957,000;177053,000;-1051663,000;-64013,740;-249323,200;-747937,500;272084,300;167952,700;-980774,300;272124,600;239653,700;558707,000;-64002,860;-147180,300;1167685,000;-178985,700;226550,300;636301,900
32,82;-0,249;2,147;3,414;-0,256;0,476;0,309;-0,007;0,006;0,026;0,887;12,372;-179329,900;177977,900;-1052692,000;-63611,630;-250059,700;-746643,100;272039,400;168977,800;-982226,600;272079,700;240485,400;558281,800;-63600,760;-148337,500;1168288,000;-179358,500;227496,900;635414,900
32,84;-0,249;2,147;3,414;-0,256;0,476;0,309;-0,007;0,006;0,026;0,887;12,372;-179612,800;178673,800;-1053467,000;-63307,180;-250613,100;-745667,300;272005,300;169749,300;-983322,200;272045,600;241110,200;557966,000;-63296,200;-149208,900;1168740,000;-179641,400;228208,800;634748,500
32,86;-0,255;2,155;3,420;-0,283;0,463;0,306;-0,012;0,010;-0,024;0,887;12,372;-180110,300;179890,600;-1054978,000;-62762,810;-251604,500;-743890,900;271945,500;171111,900;-985472,900;271989,900;242092,600;557440,300;-62756,950;-150743,600;1169607,000;-180152,600;229472,700;633575,900
32,88;-0,255;2,155;3,420;-0,283;0,463;0,306;-0,012;0,010;-0,024;0,887;12,372;-184136,000;189110,800;-1065334,000;-58501,580;-258890,500;-730700,300;271456,900;181372,900;-1000355,000;271501,300;250305,000;553696,100;-58495,710;-162396,400;1175307,000;-184178,100;238912,700;624826,700
32,90;-0,255;2,155;3,420;-0,283;0,463;0,306;-0,012;0,010;-0,024;0,887;12,372;-184486,600;189869,300;-1066192,000;-58135,290;-259486,600;-729597,000;271414,100;182219,600;-1001605,000;271458,600;250975,900;553419,100;-58129,380;-163362,000;1175756,000;-184528,800;239689,500;624113,000
32,92;-0,262;2,165;3,427;-0,349;0,529;0,336;-0,039;0,025;-0,012;0,887;12,372;-184614,400;190139,700;-1066714,000;-57970,660;-259744,000;-729077,300;271401,800;182539,400;-1002386,000;271410,600;251168,100;553338,400;-57974,980;-163711,800;1176028,000;-184673,200;240021,700;623836,300
32,94;-0,269;2,176;3,434;-0,367;0,529;0,347;-0,028;0,021;0,020;0,887;12,372;-185601,100;192203,100;-1069158,000;-56969,330;-261246,200;-726176,300;271274,800;184828,900;-1005940,000;271296,800;253086,800;552582,300;-56971,800;-166312,700;1177288,000;-185618,700;242093,900;621933,700
32,96;-0,269;2,176;3,434;-0,367;0,529;0,347;-0,028;0,021;0,020;0,887;12,372;-190259,600;201367,800;-1079671,000;-52210,450;-268388,400;-712446,900;270701,500;195108,200;-1021606,000;270723,500;261103,800;549898,900;-52213,010;-178114,700;1182287,000;-190277,200;251485,200;613445,400
32,98;-0,277;2,185;3,441;-0,408;0,501;0,348;-0,026;0,012;-0,005;0,887;12,372;-190817,800;202392,600;-1081004,000;-51642,340;-269167,600;-710851,800;270631,000;196269,500;-1023633,000;270663,000;261942,400;549690,500;-51653,430;-179465,600;1182864,000;-190846,600;252542,400;612516,400
33,00;-0,285;2,194;3,448;-0,420;0,430;0,357;-0,026;0,018;0,029;0,887;12,372;-191462,500;203549,500;-1082438,000;-51010,240;-269981,200;-709145,100;270550,300;197565,200;-1025809,000;270564,800;263085,500;549438,000;-51010,480;-180961,500;1183488,000;-191467,800;253718,600;611470,200
33,02;-0,285;2,194;3,448;-0,420;0,430;0,357;-0,026;0,018;0,029;0,887;12,372;-196662,200;212279,700;-1092719,000;-45890,850;-276689,400;-695344,800;269900,600;207430,300;-1041751,000;269915,200;270584,500;548060,400;-45891,090;-192413,000;1187483,000;-196667,400;262670,600;603642,600
33,04;-0,285;2,194;3,448;-0,420;0,430;0,357;-0,026;0,018;0,029;0,887;12,372;-197161,100;213058,000;-1093648,000;-45407,660;-277283,400;-694080,800;269837,800;208312,600;-1043220,000;269852,300;271247,600;547991,700;-45407,940;-193442,500;1187804,000;-197166,600;263468,900;602957,100
33,06;-0,303;2,208;3,463;-0,449;0,345;0,368;-0,016;0,017;0,006;0,887;12,372;-197524,900;213600,000;-1094531,000;-45060,470;-277667,200;-693197,900;269790,200;208931,000;-1044615,000;269796,000;271760,200;547967,900;-45060,870;-194171,700;1188102,000;-197514,700;264034,600;602489,600
33,08;-0,303;2,208;3,463;-0,449;0,345;0,368;-0,016;0,017;0,006;0,887;12,372;-203276,700;221772,600;-1104476,000;-39605,100;-283853,500;-679437,800;269059,800;218226,200;-1060727,000;269065,600;278657,400;548013,300;-39605,430;-205093,300;1190963,000;-203266,500;272419,000;595477,300
33,10;-0,322;2,220;3,477;-0,484;0,272;0,356;-0,004;0,004;-0,003;0,887;12,372;-204048,700;222768,900;-1105895,000;-38893,700;-284586,900;-677686,100;268960,300;219362,600;-1063078,000;268968,300;279564,800;548140,700;-38893,980;-206440,900;1191290,000;-204026,900;273426,000;594665,800
33,12;-0,322;2,220;3,477;-0,484;0,272;0,356;-0,004;0,004;-0,003;0,887;12,372;-209625,000;229398,700;-1114304,000;-33797,820;-289522,900;-665654,500;268240,100;226940,600;-1077373,000;268248,100;285071,500;549514,900;-33798,040;-215479,000;1192719,000;-209603,200;280232,100;589312,700
33,14;-0,322;2,220;3,477;-0,484;0,272;0,356;-0,004;0,004;-0,003;0,887;12,372;-210166,200;229987,700;-1115069,000;-33311,800;-289957,400;-664542,300;268169,600;227614,700;-1078705,000;268177,700;285557,300;549702,900;-33311,950;-216289,900;1192801,000;-210144,300;280836,700;588854,600
33,16;-0,332;2,225;3,484;-0,522;0,261;0,359;-0,024;0,013;-0,028;0,887;12,372;-210411,800;230256,300;-1115532,000;-33077,590;-290183,800;-663965,300;268139,400;227923,700;-1079526,000;268139,200;285714,600;549812,000;-33077,020;-216667,700;1192838,000;-210400,900;281135,600;588629,000
33,18;-0,332;2,225;3,484;-0,522;0,261;0,359;-0,024;0,013;-0,028;0,887;12,372;-216312,500;236025,000;-1123252,000;-27880,350;-294393,300;-652495,200;267363,700;234532,600;-1093376,000;267363,400;290443,200;552508,900;-27879,640;-224715,200;1193070,000;-216301,600;287063,100;584366,000
33,20;-0,344;2,231;3,492;-0,580;0,336;0,385;-0,046;0,013;-0,025;0,887;12,372;-216639,300;236287,800;-1123777,000;-27580,160;-294598,000;-651839,500;267319,200;234840,700;-1094355,000;267322,000;290600,800;552668,100;-27593,510;-225095,000;1193042,000;-216642,000;287367,300;584168,600
33,22;-0,356;2,237;3,500;-0,584;0,324;0,388;-0,023;0,006;0,009;0,887;12,372;-216858,200;236477,000;-1124108,000;-27400,650;-294655,000;-651538,400;267289,300;235054,700;-1094956,000;267277,600;290785,400;552791,900;-27416,080;-225343,300;1193038,000;-216846,100;287533,100;584052,400
33,24;-0,356;2,237;3,500;-0,584;0,324;0,388;-0,023;0,006;0,009;0,887;12,372;-222578,900;240978,200;-1130566,000;-22537,780;-297854,200;-641523,800;266523,600;240201,500;-1107262,000;266511,900;294442,700;556458,600;-22553,290;-231805,700;1192158,000;-222566,700;292165,700;581151,300
33,26;-0,356;2,237;3,500;-0,584;0,324;0,388;-0,023;0,006;0,009;0,887;12,372;-223065,700;241319,200;-1131076,000;-22130,870;-298092,500;-640714,400;266457,900;240590,200;-1108266,000;266446,100;294719,100;556810,200;-22146,310;-232303,800;1192041,000;-223053,500;292517,000;580951,900
33,28;-0,356;2,237;3,500;-0,584;0,324;0,388;-0,023;0,006;0,009;0,887;12,372;-223359,200;241521,600;-1131380,000;-21885,980;-298233,700;-640229,400;266418,200;240820,700;-1108868,000;266406,500;294883,300;557025,100;-21901,440;-232600,300;1191968,000;-223347,100;292725,700;580835,300
33,30;-0,380;2,246;3,516;-0,598;0,208;0,390;-0,016;-0,001;-0,008;0,887;12,372;-224604,600;242347,500;-1132772,000;-20875,620;-298747,000;-638272,100;266249,500;241748,600;-1111629,000;266220,500;295600,400;557982,000;-20873,040;-233822,300;1191595,000;-224565,600;293550,300;580390,800
33,32;-0,380;2,246;3,516;-0,598;0,208;0,390;-0,016;-0,001;-0,008;0,887;12,372;-230339,300;245636,900;-1138104,000;-16201,090;-300969,100;-629475,300;265464,400;245460,900;-1122701,000;265435,500;298270,600;562791,600;-16198,610;-238794,100;1189497,000;-230300,300;296950,300;578864,400
33,34;-0,380;2,246;3,516;-0,598;0,208;0,390;-0,016;-0,001;-0,008;0,887;12,372;-230867,200;245897,000;-1138555,000;-15777,840;-301139,300;-628709,100;265391,500;245751,200;-1123676,000;265362,600;298482,800;563272,800;-15775,270;-239199,300;1189262,000;-230828,200;297219,900;578772,300
33,36;-0,380;2,246;3,516;-0,598;0,208;0,390;-0,016;-0,001;-0,008;0,887;12,372;-231290,800;246100,600;-1138912,000;-15439,170;-301271,700;-628099,900;265332,900;245977,900;-1124453,000;265304,000;298648,900;563663,300;-15436,520;-239518,000;1189069,000;-231251,600;297431,000;578703,900
33,38;-0,404;2,251;3,532;-0,593;0,140;0,381;-0,014;0,001;-0,019;0,887;12,372;-232109,800;246474,300;-1139702,000;-14787,270;-301511,000;-626930,100;265219,100;246393,100;-1126193,000;265170,400;298987,500;564434,600;-14778,290;-240111,600;1188612,000;-232051,600;297814,900;578601,700
33,40;-0,404;2,251;3,532;-0,593;0,140;0,381;-0,014;0,001;-0,019;0,887;12,372;-238159,800;248751,900;-1144219,000;-10051,810;-302894,800;-618867,400;264371,600;248859,100;-1136629,000;264322,900;300877,400;570567,000;-10042,820;-243890,600;1185237,000;-238101,500;300195,300;578336,300
33,42;-0,404;2,251;3,532;-0,593;0,140;0,381;-0,014;0,001;-0,019;0,887;12,372;-238634,100;248892,800;-1144538,000;-9686,592;-302972,700;-618274,000;264304,500;249005,800;-1137408,000;264255,600;300997,100;571080,800;-9677,704;-244140,900;1184937,000;-238576,000;300343,900;578358,300
33,44;-0,404;2,251;3,532;-0,593;0,140;0,381;-0,014;0,001;-0,019;0,887;12,372;-238936,700;248979,800;-1144739,000;-9454,222;-303020,300;-617898,300;264261,700;249095,800;-1137902,000;264212,900;301071,200;571410,500;-9445,160;-244297,000;1184742,000;-238878,500;300435,900;578375,000
33,46;-0,428;2,255;3,547;-0,577;0,097;0,367;-0,014;0,002;-0,020;0,887;12,372;-240248,700;249323,300;-1145673,000;-8451,513;-303191,600;-616304,000;264074,300;249442,500;-1140232,000;264009,800;301380,900;572871,300;-8440,809;-244928,500;1183783,000;-240175,500;300801,100;578487,300
33,48;-0,428;2,255;3,547;-0,577;0,097;0,367;-0,014;0,002;-0,020;0,887;12,372;-246378,400;250413,100;-1149122,000;-3851,246;-303607,800;-609387,600;263193,500;250418,400;-1149519,000;263128,800;302391,200;580121,400;-3840,467;-247272,300;1179203,000;-246305,300;301988,700;579585,600
33,50;-0,428;2,255;3,547;-0,577;0,097;0,367;-0,014;0,002;-0,020;0,887;12,372;-247002,000;250475,300;-1149428,000;-3391,163;-303610,300;-608734,700;263102,900;250455,700;-1150412,000;263038,300;302458,700;580899,300;-3380,262;-247451,800;1178691,000;-246928,700;302060,700;579751,900
33,52;-0,440;2,255;3,555;-0,595;0,064;0,378;-0,037;0,010;-0,008;0,887;12,372;-247515,500;250512,400;-1149719,000;-3000,870;-303595,100;-608176,900;263026,500;250465,900;-1151287,000;262977,400;302535,700;581568,000;-2992,165;-247582,000;1178173,000;-247455,100;302122,300;579902,800
33,54;-0,440;2,255;3,555;-0,595;0,064;0,378;-0,037;0,010;-0,008;0,887;12,372;-253590,900;250570,300;-1152191,000;1396,419;-303172,300;-602382,900;262132,700;250121,200;-1159394,000;262083,800;302808,200;589592,100;1405,052;-248673,300;1172679,000;-253530,500;302279,200;582130,900
33,56;-0,452;2,256;3,563;-0,623;0,064;0,392;-0,057;0,012;-0,002;0,887;12,372;-254135,000;250516,700;-1152413,000;1799,375;-303065,600;-601890,900;262050,800;250015,400;-1160228,000;262006,000;302733,800;590341,600;1793,474;-248699,000;1172030,000;-254088,900;302260,800;582387,100
33,58;-0,452;2,256;3,563;-0,623;0,064;0,392;-0,057;0,012;-0,002;0,887;12,372;-254457,900;250491,700;-1152519,000;2028,785;-303019,900;-601612,300;262002,700;249960,500;-1160629,000;261957,900;302728,600;590790,700;2022,845;-248723,600;1171712,000;-254411,800;302241,300;582536,600
33,60;-0,464;2,257;3,571;-0,610;0,037;0,390;-0,021;-0,004;-0,010;0,887;12,372;-255500,100;250386,100;-1152863,000;2758,224;-302844,700;-600763,600;261847,000;249761,700;-1161965,000;261774,600;302707,100;592283,200;2743,463;-248776,900;1170619,000;-255440,500;302151,600;583044,800
33,62;-0,464;2,257;3,571;-0,610;0,037;0,390;-0,021;-0,004;-0,010;0,887;12,372;-261792,400;249287,400;-1154352,000;7135,311;-301449,100;-595976,600;260895,700;247883,300;-1169097,000;260823,400;302192,300;601514,900;7120,416;-248533,800;1163866,000;-261733,000;301167,500;586631,800
33,64;-0,464;2,257;3,571;-0,610;0,037;0,390;-0,021;-0,004;-0,010;0,887;12,372;-262286,700;249164,400;-1154435,000;7473,670;-301308,800;-595639,400;260820,100;247686,600;-1169616,000;260747,800;302127,100;602268,600;7458,917;-248471,500;1163302,000;-262227,300;301053,800;586954,000
33,66;-0,477;2,256;3,579;-0,643;-0,003;0,420;-0,046;0,004;-0,011;0,887;12,372;-262502,200;249102,000;-1154486,000;7619,964;-301224,300;-595490,100;260786,900;247579,300;-1169949,000;260743,300;302080,700;602592,500;7612,666;-248434,200;1162938,000;-262442,400;300997,400;587117,500
33,68;-0,489;2,256;3,588;-0,610;-0,019;0,409;-0,015;-0,004;-0,014;0,887;12,372;-263975,500;248696,400;-1154701,000;8607,260;-300773,500;-594551,000;260562,000;246942,900;-1171492,000;260479,200;301866,400;604868,400;8609,968;-248201,100;1161166,000;-263889,400;300614,300;588120,300
33,70;-0,489;2,256;3,588;-0,610;-0,019;0,409;-0,015;-0,004;-0,014;0,887;12,372;-270109,100;246479,100;-1155088,000;12707,040;-298449,200;-591101,000;259607,200;243573,400;-1177167,000;259524,400;300600,300;614755,400;12709,700;-246631,100;1153549,000;-270022,900;298529,400;592868,400
33,72;-0,489;2,256;3,588;-0,610;-0,019;0,409;-0,015;-0,004;-0,014;0,887;12,372;-270783,000;246185,500;-1155084,000;13150,480;-298151,400;-590775,200;259501,000;243135,600;-1177734,000;259418,200;300428,400;615879,900;13153,180;-246401,300;1152667,000;-270696,800;298251,600;593444,200
33,74;-0,502;2,254;3,596;-0,635;-0,063;0,421;-0,035;0,001;0,001;0,887;12,372;-271083,300;246043,800;-1155078,000;13352,760;-298006,300;-590609,200;259452,800;242917,700;-1178072,000;259401,200;300362,800;616392,000;13358,410;-246282,200;1152135,000;-271012,300;298120,100;593730,800
33,76;-0,514;2,252;3,604;-0,601;-0,057;0,400;-0,010;-0,005;-0,004;0,887;12,372;-272074,100;245588,200;-1155045,000;13988,990;-297556,600;-590164,600;259298,000;242247,400;-1178911,000;259214,700;300087,800;618060,800;14001,580;-245918,400;1150750,000;-271985,800;297687,900;594603,000
33,78;-0,514;2,252;3,604;-0,601;-0,057;0,400;-0,010;-0,005;-0,004;0,887;12,372;-278511,600;242082,100;-1154352,000;18131,100;-294107,100;-587808,400;258265,500;237104,000;-1183529,000;258182,400;297990,300;629337,100;18143,790;-242929,700;1141705,000;-278423,300;294352,500;600856,500
33,80;-0,514;2,252;3,604;-0,601;-0,057;0,400;-0,010;-0,005;-0,004;0,887;12,372;-279026,100;241762,700;-1154260,000;18457,010;-293797,500;-587662,300;258182,000;236638,900;-1183852,000;258098,700;297797,500;630267,700;18469,600;-242646,800;1140947,000;-278937,700;294048,000;601398,000
33,82;-0,526;2,250;3,612;-0,625;-0,103;0,399;-0,037;-0,003;0,013;0,887;12,372;-279311,400;241568,500;-1154186,000;18645,420;-293597,500;-587577,900;258136,000;236356,600;-1184096,000;258073,400;297723,900;630795,900;18655,660;-242467,700;1140374,000;-279243,200;293871,600;601730,800
33,84;-0,538;2,248;3,620;-0,590;-0,075;0,374;-0,026;-0,004;-0,005;0,887;12,372;-280539,900;240780,200;-1153929,000;19403,670;-292837,000;-587279,100;257937,100;235204,900;-1184851,000;257852,400;297226,300;633038,600;19424,380;-241768,500;1138470,000;-280448,500;293119,300;603054,400
33,86;-0,538;2,248;3,620;-0,590;-0,075;0,374;-0,026;-0,004;-0,005;0,887;12,372;-286549,800;236394,700;-1152237,000;23130,330;-288643,300;-586286,400;256943,000;228873,000;-1187875,000;256858,100;294551,100;644410,500;23150,940;-237739,600;1129041,000;-286458,500;288930,200;610076,100
33,88;-0,538;2,248;3,620;-0,590;-0,075;0,374;-0,026;-0,004;-0,005;0,887;12,372;-287118,300;235938,000;-1152038,000;23477,830;-288209,600;-586238,200;256847,800;228216,400;-1188112,000;256763,000;294271,200;645518,100;23498,470;-237312,600;1128112,000;-287027,000;288493,600;610784,300
33,90;-0,538;2,248;3,620;-0,590;-0,075;0,374;-0,026;-0,004;-0,005;0,887;12,372;-287542,100;235592,800;-1151885,000;23736,390;-287881,900;-586207,400;256776,600;227720,300;-1188283,000;256691,800;294059,400;646347,300;23757,020;-236989,000;1127415,000;-287450,800;288163,600;611317,400
33,92;-0,562;2,242;3,635;-0,587;-0,114;0,342;-0,013;0,010;0,006;0,887;12,372;-287919,800;235265,100;-1151686,000;23968,090;-287570,800;-586191,900;256715,100;227256,500;-1188493,000;256624,100;293992,700;647119,900;23988,550;-236683,800;1126539,000;-287836,800;287860,700;611806,500
33,94;-0,562;2,242;3,635;-0,587;-0,114;0,342;-0,013;0,010;0,006;0,887;12,372;-293786,400;229995,200;-1149098,000;27491,470;-282593,800;-586306,800;255716,600;219713,700;-1190283,000;255625,500;290744,000;658975,800;27511,870;-231671,100;1116461,000;-293703,200;282820,100;619700,900
33,96;-0,562;2,242;3,635;-0,587;-0,114;0,342;-0,013;0,010;0,006;0,887;12,372;-294367,000;229430,300;-1148801,000;27835,460;-282062,200;-586365,700;255616,600;218907,800;-1190409,000;255525,500;290394,600;660182,400;27855,990;-231128,300;1115425,000;-294283,900;282279,800;620527,300
33,98;-0,562;2,242;3,635;-0,587;-0,114;0,342;-0,013;0,010;0,006;0,887;12,372;-294675,900;229126,500;-1148640,000;28018,160;-281776,500;-586400,300;255563,200;218474,500;-1190473,000;255472,200;290206,500;660826,900;28038,600;-230836,100;1114871,000;-294592,800;281989,200;620970,400
34,00;-0,586;2,236;3,648;-0,566;-0,133;0,319;0,000;0,009;0,011;0,887;12,372;-295780,800;228008,500;-1147975,000;28673,280;-280728,200;-586568,800;255368,500;216900,800;-1190699,000;255277,100;289609,500;663136,300;28687,680;-229749,900;1112641,000;-295689,900;280916,300;622578,600
34,02;-0,604;2,233;3,659;-0,402;-0,016;0,225;-0,004;0,027;-0,022;0,887;12,372;-304123,900;218681,200;-1142528,000;33479,960;-271993,900;-588813,500;253897,400;203652,200;-1191067,000;253783,800;283538,300;681384,400;33522,260;-220660,700;1096627,000;-303987,500;271959,300;635743,800
34,04;-0,620;2,228;3,667;-0,349;-0,120;0,206;-0,035;0,016;-0,024;0,887;12,372;-312927,200;206906,200;-1134825,000;38400,340;-260932,300;-593276,700;252280,100;187089,800;-1189118,000;252212,000;276091,200;702247,300;38420,800;-209029,800;1077812,000;-312843,400;260647,400;651517,300
34,06;-0,634;2,218;3,676;-0,346;-0,230;0,216;-0,046;0,011;-0,027;0,887;12,372;-320418,300;195124,500;-1126481,000;42456,860;-249848,200;-598987,400;250857,900;170739,400;-1185314,000;250806,000;268556,300;721444,800;42457,480;-197310,900;1060054,000;-320348,700;249357,200;666793,400
34,08;-0,649;2,206;3,686;-0,353;-0,259;0,235;-0,034;0,000;-0,029;0,887;12,372;-327422,700;182457,000;-1117033,000;46140,630;-237895,800;-606160,000;249486,300;153388,100;-1179765,000;249423,600;260331,700;740801,500;46135,800;-184661,100;1041918,000;-327356,700;237235,900;682789,000
34,10;-0,664;2,193;3,696;-0,356;-0,269;0,259;-0,025;-0,010;-0,025;0,887;12,372;-334587,300;167616,200;-1105470,000;49794,870;-223800,700;-615631,800;248037,000;133358,900;-1171817,000;247972,900;250494,300;762255,400;49803,340;-169790,000;1021595,000;-334518,800;222993,600;701059,600
34,12;-0,672;2,185;3,702;-0,389;-0,364;0,259;-0,062;-0,005;-0,015;0,887;12,372;-340769,500;152958,300;-1093653,000;52877,790;-209762,100;-625870,100;246747,100;113931,600;-1162806,000;246721,800;240539,400;782462,000;52893,030;-155066,300;1002318,000;-340719,700;208882,800;718695,500
34,14;-0,672;2,185;3,702;-0,389;-0,364;0,259;-0,062;-0,005;-0,015;0,887;12,372;-344861,900;142157,000;-1084796,000;54884,430;-199403,800;-633831,100;245871,000;99881,590;-1155629,000;245845,600;233112,000;796890,000;54899,740;-144213,200;988632,500;-344812,100;198485,000;731499,400
34,16;-0,672;2,185;3,702;-0,389;-0,364;0,259;-0,062;-0,005;-0,015;0,887;12,372;-345183,900;141264,100;-1084055,000;55041,110;-198545,800;-634503,900;245801,200;98729,700;-1155015,000;245775,900;232492,700;798066,200;55056,360;-143315,700;987513,100;-345134,100;197624,800;732550,700
34,18;-0,681;2,176;3,707;-0,441;-0,456;0,257;-0,127;0,011;-0,011;0,887;12,372;-345233,300;141086,300;-1083598,000;55067,620;-198306,700;-634639,000;245790,500;98463,410;-1154645,000;245799,200;232182,300;798200,800;55082,840;-143123,700;986813,200;-345206,200;197413,900;732695,000
34,20;-0,689;2,162;3,712;-0,393;-0,700;0,237;-0,062;-0,006;-0,040;0,887;12,372;-345806,200;139442,100;-1082031,000;55351,140;-196689,700;-635967,800;245667,900;96390,600;-1153319,000;245657,500;230589,200;800373,900;55344,570;-141467,500;984470,600;-345809,100;195756,100;734687,300
34,22;-0,689;2,162;3,712;-0,393;-0,700;0,237;-0,062;-0,006;-0,040;0,887;12,372;-350354,100;125774,700;-1070492,000;57539,290;-183505,300;-646620,800;244667,500;79011,110;-1143455,000;244657,000;220958,800;818020,300;57532,680;-127720,100;967606,300;-350357,200;182566,500;750616,200
34,24;-0,705;2,132;3,724;-0,377;-0,595;0,306;-0,032;-0,024;-0,104;0,887;12,372;-350626,900;124915,500;-1069522,000;57644,000;-182858,200;-647149,600;244602,900;77976,770;-1142626,000;244543,900;220770,300;819135,400;57665,040;-126900,800;966230,600;-350557,500;181798,700;751569,900
34,26;-0,705;2,132;3,724;-0,377;-0,595;0,306;-0,032;-0,024;-0,104;0,887;12,372;-354196,100;112846,300;-1059093,000;59335,770;-171155,800;-656957,000;243800,200;62955,620;-1133383,000;243741,100;212068,800;834312,600;59356,810;-114751,500;951643,700;-354126,800;170122,700;765444,800
34,28;-0,705;2,132;3,724;-0,377;-0,595;0,306;-0,032;-0,024;-0,104;0,887;12,372;-354537,600;111623,300;-1058026,000;59496,620;-169967,300;-657968,400;243722,600;61449,320;-1132423,000;243663,400;211177,200;835833,000;59517,580;-113519,800;950178,800;-354468,200;168937,900;766842,400
34,30;-0,712;2,121;3,730;-0,366;-0,547;0,305;-0,015;-0,014;-0,006;0,887;12,372;-354700,600;110977,600;-1057322,000;59571,130;-169314,100;-658532,800;243683,400;60649,690;-1131789,000;243646,100;210845,600;836653,900;59608,700;-112831,600;949219,100;-354646,400;168306,400;767596,200
34,32;-0,719;2,113;3,736;-0,345;-0,362;0,313;0,015;-0,015;-0,013;0,887;12,372;-356072,400;105923,300;-1052801,000;60201,790;-164384,500;-662782,700;243373,400;54472,370;-1127693,000;243312,300;206999,600;842867,800;60254,330;-107747,200;943085,800;-355994,300;163396,300;773369,400
34,34;-0,719;2,113;3,736;-0,345;-0,362;0,313;0,015;-0,015;-0,013;0,887;12,372;-359168,000;93521,950;-1041773,000;61643,610;-152279,100;-673354,400;242658,000;39510,560;-1117550,000;242596,900;197758,300;857979,200;61696,110;-95251,380;928466,800;-359090,000;151354,400;787384,900
34,36;-0,719;2,113;3,736;-0,345;-0,362;0,313;0,015;-0,015;-0,013;0,887;12,372;-359420,500;92445,390;-1040807,000;61760,610;-151225,700;-674286,100;242599,100;38226,240;-1116652,000;242538,000;196946,300;859278,100;61813,050;-94166,210;927207,600;-359342,500;150307,500;788595,000
34,38;-0,726;2,103;3,742;-0,346;-0,513;0,280;-0,019;-0,014;0,014;0,887;12,372;-359624,100;91517,480;-1039808,000;61864,690;-150251,100;-675153,600;242552,300;37084,420;-1115708,000;242536,300;196154,600;860375,600;61901,340;-93222,270;925902,100;-359590,400;149403,000;789616,400
34,40;-0,732;2,093;3,748;-0,324;-0,471;0,274;0,003;-0,018;-0,001;0,887;12,372;-360827,000;86225,140;-1034901,000;62403,290;-145068,300;-679779,900;242272,400;30816,330;-1111121,000;242236,400;192231,400;866718,700;62450,270;-87896,910;919579,000;-360765,900;144227,500;795577,900
34,42;-0,732;2,093;3,748;-0,324;-0,471;0,274;0,003;-0,018;-0,001;0,887;12,372;-364047,800;70350,050;-1020373,000;63879,790;-129462,600;-693927,300;241508,700;12346,670;-1097353,000;241472,800;179935,400;885485,700;63926,710;-71884,840;901314,600;-363986,900;128743,800;813210,900
34,44;-0,745;2,067;3,757;-0,296;-0,610;0,234;-0,015;-0,013;-0,027;0,887;12,372;-364195,400;69532,150;-1019257,000;63945,230;-128646,900;-694691,600;241475,400;11412,010;-1096285,000;241441,100;179238,800;886444,100;63991,270;-71069,980;899938,100;-364130,500;127944,800;814110,900
34,46;-0,745;2,067;3,757;-0,296;-0,610;0,234;-0,015;-0,013;-0,027;0,887;12,372;-366643,600;55143,880;-1005827,000;65056,620;-114432,200;-707888,900;240885,300;-4865,277;-1083338,000;240851,100;167756,000;903110,700;65102,600;-56547,380;883655,800;-366578,800;113861,800;829899,400
34,48;-0,745;2,067;3,757;-0,296;-0,610;0,234;-0,015;-0,013;-0,027;0,887;12,372;-366847,700;53826,450;-1004586,000;65148,880;-113127,600;-709112,900;240835,800;-6335,377;-1082134,000;240801,600;166689,300;904622,500;65194,890;-55217,220;882176,300;-366783,000;112570,200;831336,800
34,50;-0,754;2,048;3,761;-0,173;-0,375;0,033;-0,111;-0,007;-0,082;0,887;12,372;-366918,400;53293,700;-1003784,000;65155,160;-112656,900;-709619,900;240821,400;-6938,673;-1081352,000;240807,900;165578,400;905500,300;65223,800;-54683,310;881260,800;-366872,800;111996,600;831971,800
34,52;-0,754;2,048;3,761;-0,173;-0,375;0,033;-0,111;-0,007;-0,082;0,887;12,372;-369064,800;37662,190;-988906,800;66121,410;-97137,380;-724352,100;240296,800;-24100,180;-1066802,000;240283,200;152694,900;923251,400;66189,990;-38894,970;863857,400;-369019,100;96638,820;848915,100
34,54;-0,755;2,041;3,760;-0,050;-0,373;-0,130;-0,144;0,002;-0,031;0,887;12,372;-369186,000;36400,320;-987527,400;66198,210;-95846,030;-725601,800;240262,800;-25454,580;-1065442,000;240280,100;151490,400;924875,800;66245,520;-37616,250;862506,800;-369209,200;95405,460;850236,900
34,56;-0,756;2,035;3,756;-0,024;-0,333;-0,210;-0,117;0,011;-0,004;0,887;12,372;-370765,600;21566,100;-973041,200;66910,590;-81075,430;-739901,200;239874,900;-41225,310;-1051130,000;239879,100;138821,700;941539,700;66945,570;-22587,760;846248,100;-370809,100;80756,840;866141,200
34,58;-0,756;2,035;3,756;-0,024;-0,333;-0,210;-0,117;0,011;-0,004;0,887;12,372;-370890,000;20209,110;-971715,000;66966,090;-79718,940;-741226,100;239844,000;-42651,070;-1049812,000;239848,300;137648,500;943039,800;67001,110;-21215,900;844770,600;-370933,500;79416,070;867587,000
34,60;-0,755;2,029;3,750;0,059;-0,361;-0,341;-0,173;-0,003;-0,013;0,887;12,372;-371087,200;17931,670;-969317,900;67085,100;-77404,200;-743451,400;239787,500;-45040,980;-1047414,000;239824,100;135418,800;945763,000;67081,300;-18913,500;842343,700;-371137,600;77196,020;869968,300
34,62;-0,755;2,029;3,750;0,059;-0,361;-0,341;-0,173;-0,003;-0,013;0,887;12,372;-372149,400;3391,024;-954956,500;67557,810;-62831,850;-757840,000;239522,500;-60037,210;-1033058,000;239559,200;122590,400;961662,000;67553,950;-4209,110;826656,100;-372199,800;62794,840;885350,600
34,64;-0,749;2,017;3,735;0,143;-0,308;-0,406;-0,035;0,006;0,109;0,887;12,372;-372275,000;1100,989;-952231,200;67652,070;-60380,300;-760177,800;239487,400;-62735,010;-1030280,000;239486,700;120671,000;964610,300;67628,400;-1851,224;824163,500;-372323,500;60475,050;887825,300
34,66;-0,749;2,017;3,735;0,143;-0,308;-0,406;-0,035;0,006;0,109;0,887;12,372;-372885,300;-13207,480;-937857,600;67922,770;-45980,120;-774641,900;239334,300;-77046,500;-1015793,000;239333,700;107612,300;979977,400;67899,030;12624,560;808956,900;-372933,600;46247,300;902785,100
34,68;-0,749;2,017;3,735;0,143;-0,308;-0,406;-0,035;0,006;0,109;0,887;12,372;-372945,800;-15360,430;-935677,400;67949,600;-43809,040;-776839,800;239319,100;-79168,550;-1013588,000;239318,500;105614,900;982269,800;67925,880;14803,150;806685,100;-372994,100;44102,350;905023,400
34,70;-0,739;2,015;3,719;0,235;-0,031;-0,419;0,055;0,007;0,234;0,887;12,372;-372978,100;-16728,020;-933948,000;67957,570;-42394,190;-778242,400;239315,900;-80787,760;-1011765,000;239304,300;104302,000;984048,600;67946,050;16192,560;805232,200;-373026,500;42725,450;906832,900
34,72;-0,739;2,015;3,719;0,235;-0,031;-0,419;0,055;0,007;0,234;0,887;12,372;-373128,500;-31718,640;-918619,300;68024,180;-27241,760;-793732,000;239278,100;-95294,480;-996194,800;239266,500;90104,870;999835,300;68012,710;31363,330;789560,600;-373176,900;27754,720;922306,400
34,74;-0,739;2,015;3,719;0,235;-0,031;-0,419;0,055;0,007;0,234;0,887;12,372;-373123,200;-32966,110;-917333,800;68021,810;-25978,540;-795033,000;239279,400;-96484,480;-994884,900;239267,800;88904,090;1001137,000;68010,270;32626,020;788265,800;-373171,700;26506,510;923586,500
34,76;-0,731;2,017;3,710;0,335;0,052;-0,464;0,037;-0,002;0,262;0,887;12,372;-373119,400;-33543,810;-916553,200;68012,960;-25426,680;-795601,100;239269,400;-97061,420;-994125,700;239297,000;88233,320;1001948,000;68002,170;33190,070;787703,800;-373171,300;25951,140;924376,800
34,78;-0,723;2,021;3,700;0,375;0,105;-0,523;0,091;0,002;0,315;0,887;12,372;-372821,600;-48193,330;-901211,400;67886,410;-10573,930;-811053,300;239351,700;-110725,700;-978523,500;239346,300;74019,410;1017212,000;67869,630;48020,260;772609,400;-372878,800;11284,940;939437,100
34,80;-0,723;2,021;3,700;0,375;0,105;-0,523;0,091;0,002;0,315;0,887;12,372;-372779,800;-49420,630;-899926,900;67867,880;-9326,501;-812357,900;239362,200;-111862,100;-977206,300;239356,800;72797,380;1018469,000;67851,200;49262,520;771355,600;-372837,000;10052,220;940681,400
34,82;-0,712;2,024;3,688;0,494;0,091;-0,598;0,065;-0,011;0,335;0,887;12,372;-372711,500;-51264,110;-897817,700;67831,990;-7475,936;-814295,100;239366,600;-113540,700;-975080,100;239396,800;70965,990;1020546,000;67813,760;51120,170;769502,700;-372773,400;8209,875;942715,300
34,84;-0,712;2,024;3,688;0,494;0,091;-0,598;0,065;-0,011;0,335;0,887;12,372;-371871,200;-67115,020;-881064,200;67458,880;8670,405;-831343,400;239577,100;-127945,800;-957835,500;239607,100;54838,440;1036577,000;67440,460;67162,320;753478,500;-371933,100;-7751,901;958661,400
34,86;-0,686;2,029;3,659;0,641;0,064;-0,758;0,085;-0,007;0,371;0,887;12,372;-371789,600;-68124,630;-879581,900;67429,020;9707,604;-832476,500;239607,800;-128846,100;-956278,200;239610,700;53809,790;1038034,000;67406,550;68195,540;752446,100;-371847,100;-8772,702;960117,800
34,88;-0,686;2,029;3,659;0,641;0,064;-0,758;0,085;-0,007;0,371;0,887;12,372;-370660,200;-81798,840;-864911,300;66925,850;23682,960;-847451,800;239889,000;-140925,100;-941088,100;239891,800;39431,120;1051580,000;66903,380;82030,700;738854,000;-370717,700;-22594,530;973702,600
34,90;-0,686;2,029;3,659;0,641;0,064;-0,758;0,085;-0,007;0,371;0,887;12,372;-370508,700;-83364,880;-863219,300;66858,230;25285,970;-849181,600;239926,600;-142290,300;-939331,100;239929,600;37758,750;1053115,000;66835,750;83614,860;737310,300;-370566,200;-24180,310;975248,900
34,92;-0,653;2,032;3,627;0,787;0,025;-0,810;0,054;0,039;0,314;0,887;12,372;-370350,500;-84942,590;-861557,000;66789,910;26864,350;-850914,000;239996,900;-143592,300;-937243,400;239988,900;36012,430;1055036,000;66604,910;85518,920;735873,100;-370378,400;-25778,560;977063,200
34,94;-0,653;2,032;3,627;0,787;0,025;-0,810;0,054;0,039;0,314;0,887;12,372;-368802,100;-98463,080;-846821,100;66096,450;40729,180;-866007,600;240378,900;-155189,100;-921886,600;240370,900;21295,970;1068111,000;65911,550;99190,580;722691,600;-368830,000;-39498,850;990309,400
34,96;-0,653;2,032;3,627;0,787;0,025;-0,810;0,054;0,039;0,314;0,887;12,372;-368615,100;-99913,260;-845229,400;66012,510;42218,570;-867640,600;240424,700;-156417,000;-920222,900;240416,800;19693,540;1069498,000;65827,700;100656,500;721290,500;-368643,200;-40973,110;991721,300
34,98;-0,634;2,032;3,611;0,922;-0,043;-0,763;0,029;0,058;0,308;0,887;12,372;-368427,800;-101398,900;-843622,900;65912,260;43753,850;-869290,600;240462,700;-157665,000;-918268,900;240457,100;19024,150;1071168,000;65708,460;102540,500;719679,700;-368447,200;-42496,070;993347,500
35,00;-0,634;2,032;3,611;0,922;-0,043;-0,763;0,029;0,058;0,308;0,887;12,372;-366434,400;-114956,800;-828613,400;65013,360;57701,390;-884720,600;240948,700;-168967,300;-902519,400;240943,000;3761,679;1083933,000;64809,660;116238,200;706736,800;-366453,700;-56306,860;1006438,000
35,02;-0,613;2,033;3,598;1,052;0,082;-0,699;-0,036;0,096;0,175;0,887;12,372;-366238,200;-116184,300;-827258,800;64912,300;58943,300;-886116,000;240995,000;-170113,300;-900679,800;240999,300;2217,229;1085338,000;64708,460;117789,900;705455,900;-366231,400;-57598,030;1007898,000
35,04;-0,591;2,036;3,586;1,089;0,166;-0,602;0,009;0,128;0,125;0,887;12,372;-366024,900;-117502,600;-825776,700;64818,060;60291,230;-887674,800;241068,500;-171137,100;-899012,200;241047,100;655,977;1086649,000;64606,300;119163,200;704336,300;-366012,200;-58903,970;1009259,000
35,06;-0,591;2,036;3,586;1,089;0,166;-0,602;0,009;0,128;0,125;0,887;12,372;-363656,300;-130640,200;-811004,100;63740,990;73846,290;-902921,400;241637,700;-181793,800;-883394,800;241616,300;-14621,840;1098654,000;63529,270;132420,300;692081,700;-363643,700;-72335,540;1021749,000
35,08;-0,591;2,036;3,586;1,089;0,166;-0,602;0,009;0,128;0,125;0,887;12,372;-363417,300;-131862,600;-809619,900;63631,850;75109,260;-904352,900;241694,800;-182773,500;-881926,200;241673,300;-16063,940;1099755,000;63420,020;133653,000;690954,100;-363404,600;-73587,240;1022903,000
35,10;-0,591;2,036;3,586;1,089;0,166;-0,602;0,009;0,128;0,125;0,887;12,372;-363220,000;-132859,100;-808490,100;63541,730;76139,000;-905521,500;241741,800;-183571,000;-880726,800;241720,500;-17241,970;1100650,000;63330,050;134657,900;690036,500;-363207,400;-74607,880;1023842,000
35,12;-0,545;2,045;3,566;1,132;0,224;-0,415;0,039;0,178;0,124;0,887;12,372;-362926,400;-134316,000;-806825,600;63406,000;77667,480;-907634,300;241816,500;-184661,200;-878641,100;241791,200;-18973,200;1102217,000;63226,510;136321,300;688860,700;-362911,000;-76081,780;1025480,000
35,14;-0,545;2,045;3,566;1,132;0,224;-0,415;0,039;0,178;0,124;0,887;12,372;-360088,300;-147374,400;-791891,900;62101,340;91180,770;-923121,900;242486,300;-194960,100;-862710,100;242461,100;-34677,480;1113716,000;61921,950;149476,700;677015,300;-360072,800;-89482,090;1037676,000
35,16;-0,545;2,045;3,566;1,132;0,224;-0,415;0,039;0,178;0,124;0,887;12,372;-359833,300;-148467,200;-790633,200;61983,470;92313,170;-924430,400;242546,100;-195812,200;-861361,600;242520,800;-36009,960;1114662,000;61804,030;150576,700;676036,700;-359817,800;-90605,340;1038689,000
35,18;-0,545;2,045;3,566;1,132;0,224;-0,415;0,039;0,178;0,124;0,887;12,372;-359664,500;-149184,000;-789806,800;61905,430;93055,550;-925289,200;242585,500;-196370,300;-860475,900;242560,200;-36885,160;1115280,000;61726,020;151298,100;675395,800;-359648,900;-91341,910;1039352,000
35,20;-0,500;2,057;3,555;1,063;0,279;-0,176;0,155;0,239;0,225;0,887;12,372;-359152,000;-151313,400;-787345,200;61666,260;95258,800;-928205,800;242702,900;-197639,900;-857788,400;242683,000;-39501,660;1117359,000;61578,810;153783,000;673529,900;-359132,400;-93540,160;1041588,000
35,22;-0,500;2,057;3,555;1,063;0,279;-0,176;0,155;0,239;0,225;0,887;12,372;-356085,700;-163269,600;-773433,100;60238,380;107665,400;-942715,600;243411,700;-206819,200;-842791,000;243391,900;-54350,040;1127436,000;60150,950;165802,700;663027,600;-356066,000;-105852,800;1052542,000
35,24;-0,500;2,057;3,555;1,063;0,279;-0,176;0,155;0,239;0,225;0,887;12,372;-355764,400;-164447,600;-772052,800;60087,950;108889,000;-944159,100;243485,300;-207714,400;-841295,900;243465,500;-55831,160;1128410,000;60000,560;166985,900;662007,400;-355744,800;-107067,500;1053612,000
35,26;-0,500;2,057;3,555;1,063;0,279;-0,176;0,155;0,239;0,225;0,887;12,372;-355510,300;-165370,700;-770969,800;59968,840;109847,900;-945291,700;243543,500;-208414,400;-840122,400;243523,700;-56993,940;1129170,000;59881,420;167912,600;661210,200;-355490,700;-108019,400;1054449,000
35,28;-0,479;2,064;3,553;1,025;0,320;-0,104;0,130;0,253;0,270;0,887;12,372;-355089,800;-166859,900;-769222,600;59769,770;111422,100;-947376,300;243623,900;-209406,600;-838117,600;243616,000;-58839,250;1130560,000;59694,980;169644,500;659905,900;-355057,300;-109575,200;1055974,000
35,30;-0,460;2,068;3,552;0,953;0,213;-0,007;0,119;0,263;0,174;0,887;12,372;-351529,800;-178897,800;-754978,900;58082,630;123885,300;-962454,900;244439,900;-218262,500;-822581,300;244414,600;-74323,590;1140269,000;58039,310;181815,900;649744,100;-351487,000;-121978,500;1066859,000
35,32;-0,460;2,068;3,552;0,953;0,213;-0,007;0,119;0,263;0,174;0,887;12,372;-351194,000;-179963,700;-753707,100;57922,960;124995,000;-963793,900;244515,000;-219052,800;-821186,100;244489,700;-75703,370;1141103,000;57879,640;182883,600;648856,800;-351151,300;-123081,100;1067806,000
35,34;-0,441;2,071;3,552;0,919;0,122;0,027;0,064;0,240;0,118;0,887;12,372;-350813,000;-181207,600;-752236,100;57726,350;126288,100;-965561,100;244589,200;-219959,300;-819392,800;244568,000;-77257,610;1142193,000;57732,970;184270,000;647828,000;-350770,700;-124362,900;1069041,000
35,36;-0,441;2,071;3,552;0,919;0,122;0,027;0,064;0,240;0,118;0,887;12,372;-347131,300;-192150,000;-739066,000;55960,750;137690,000;-979483,100;245402,900;-227981,800;-804843,400;245381,900;-91607,550;1150482,000;55967,220;195214,400;638913,400;-347088,900;-135696,400;1078657,000
35,38;-0,441;2,071;3,552;0,919;0,122;0,027;0,064;0,240;0,118;0,887;12,372;-346466,200;-194018,900;-736798,900;55639,430;139638,600;-981888,300;245548,400;-229338,900;-802322,700;245527,300;-94085,380;1151855,000;55645,930;197081,100;637421,300;-346423,800;-137634,000;1080282,000
35,40;-0,407;2,074;3,555;0,827;0,013;0,130;0,107;0,208;0,008;0,887;12,372;-346109,800;-194977,500;-735633,400;55471,310;140615,900;-983541,400;245640,300;-230079,500;-800637,100;245597,500;-95416,500;1152784,000;55506,620;198297,600;636637,100;-346095,800;-138605,900;1081396,000
35,42;-0,407;2,074;3,555;0,827;0,013;0,130;0,107;0,208;0,008;0,887;12,372;-341130,200;-207928,100;-719742,800;53038,250;154131,000;-1000496,000;246711,700;-239365,800;-782789,000;246668,900;-112840,100;1161866,000;53073,520;211207,300;626618,800;-341116,400;-152053,400;1092484,000
35,44;-0,377;2,074;3,562;0,736;-0,050;0,241;0,145;0,147;-0,047;0,887;12,372;-340656,700;-209074,900;-718314,600;52802,050;155346,200;-1002336,000;246821,400;-240214,500;-780854,600;246768,900;-114397,600;1162798,000;52842,160;212508,900;625793,600;-340648,100;-153260,200;1093654,000
35,46;-0,377;2,074;3,562;0,736;-0,050;0,241;0,145;0,147;-0,047;0,887;12,372;-336203,200;-219383,000;-705431,400;50585,400;166112,500;-1016219,000;247755,400;-247470,600;-766129,500;247702,800;-128557,300;1169425,000;50625,480;222750,600;618256,100;-336194,600;-163984,900;1102248,000
35,48;-0,377;2,074;3,562;0,736;-0,050;0,241;0,145;0,147;-0,047;0,887;12,372;-335794,100;-220283,100;-704296,900;50380,000;167052,700;-1017447,000;247840,200;-248099,400;-764821,500;247787,700;-129803,900;1169977,000;50420,040;223643,500;617616,400;-335785,500;-164922,000;1102989,000
35,50;-0,377;2,074;3,562;0,736;-0,050;0,241;0,145;0,147;-0,047;0,887;12,372;-335567,000;-220779,500;-703670,500;50265,820;167571,300;-1018126,000;247887,300;-248445,900;-764098,400;247834,800;-130492,500;1170281,000;50306,030;224135,900;617265,100;-335558,400;-165438,700;1103397,000
35,52;-0,350;2,071;3,574;0,637;-0,114;0,366;0,206;0,106;-0,069;0,887;12,372;-334287,800;-223497,900;-700222,800;49627,710;170424,700;-1022171,000;248153,700;-250371,800;-759810,800;248101,000;-134272,300;1172053,000;49640,450;226994,200;615366,200;-334277,500;-168274,100;1105807,000
35,54;-0,350;2,071;3,574;0,637;-0,114;0,366;0,206;0,106;-0,069;0,887;12,372;-329367,100;-233442,900;-687500,300;47118,990;180812,500;-1036075,000;249153,800;-257236,300;-744910,200;249101,000;-148226,900;1177643,000;47131,790;236835,100;608670,600;-329356,800;-178639,600;1113805,000
35,56;-0,350;2,071;3,574;0,637;-0,114;0,366;0,206;0,106;-0,069;0,887;12,372;-328838,900;-234454,800;-686193,100;46847,060;181868,900;-1037513,000;249259,700;-257929,800;-743362,600;249207,000;-149657,300;1178176,000;46859,930;237834,700;608015,600;-328828,800;-179694,700;1114606,000
35,58;-0,340;2,072;3,582;0,491;0,054;0,421;0,084;-0,007;-0,049;0,887;12,372;-328343,500;-235170,000;-685178,500;46608,190;182648,000;-1038778,000;249246,700;-258505,700;-742028,800;249264,900;-150635,000;1178632,000;46651,070;238637,200;607555,200;-328441,600;-180450,300;1115301,000
35,60;-0,340;2,072;3,582;0,491;0,054;0,421;0,084;-0,007;-0,049;0,887;12,372;-323012,900;-244747,000;-672654,900;43828,750;192641,000;-1052667,000;250300,200;-265017,600;-726991,800;250318,200;-164283,600;1183228,000;43871,650;248080,800;601670,400;-323110,900;-190443,400;1122728,000
35,62;-0,340;2,072;3,582;0,491;0,054;0,421;0,084;-0,007;-0,049;0,887;12,372;-322532,300;-245563,900;-671575,100;43575,440;193492,600;-1053874,000;250393,900;-265569,400;-725678,300;250412,100;-165455,300;1183585,000;43618,350;248885,100;601193,400;-322630,300;-191296,300;1123350,000
35,64;-0,335;2,079;3,589;0,249;0,384;0,322;0,028;0,019;0,048;0,887;12,372;-322122,700;-246036,100;-670864,000;43446,970;193994,900;-1054828,000;250373,100;-265848,800;-724814,000;250468,800;-166031,500;1183855,000;43452,070;249400,400;600981,200;-322356,700;-191741,200;1123826,000
35,66;-0,335;2,090;3,596;-0,036;0,518;0,334;0,012;0,042;-0,035;0,887;12,372;-321244,200;-247519,400;-668875,300;42995,670;195520,200;-1057189,000;250580,000;-266801,700;-722439,900;250645,700;-168282,000;1184523,000;42971,710;250812,900;600152,600;-321446,700;-193330,300;1125038,000
35,68;-0,335;2,090;3,596;-0,036;0,518;0,334;0,012;0,042;-0,035;0,887;12,372;-315697,500;-256210,900;-657191,600;40023,650;204563,200;-1070407,000;251641,300;-272624,000;-707936,400;251707,100;-180850,000;1187728,000;39999,660;259353,300;595498,300;-315900,100;-202407,100;1131454,000
35,70;-0,340;2,102;3,603;-0,244;0,627;0,351;-0,051;0,023;-0,044;0,887;12,372;-315267,800;-256879,100;-656249,700;39752,800;205309,200;-1071726,000;251733,300;-273105,200;-706651,700;251797,900;-181845,700;1187998,000;39707,320;260035,200;595056,500;-315398,800;-203168,300;1132056,000
35,72;-0,348;2,114;3,612;-0,377;0,577;0,425;0,019;0,059;-0,124;0,887;12,372;-314379,200;-258319,800;-654353,700;39223,920;206774,400;-1074085,000;251993,700;-274046,700;-704215,800;251999,600;-184018,200;1188457,000;39178,810;261329,100;594430,900;-314399,400;-204704,900;1133158,000
35,74;-0,348;2,114;3,612;-0,377;0,577;0,425;0,019;0,059;-0,124;0,887;12,372;-308497,800;-266330,700;-643248,100;35981,910;215065,900;-1086951,000;253084,000;-279347,200;-689885,600;253090,000;-195733,800;1190350,000;35936,870;269181,700;590893,600;-308517,900;-213074,700;1138729,000
35,76;-0,348;2,114;3,612;-0,377;0,577;0,425;0,019;0,059;-0,124;0,887;12,372;-308034,800;-266923,100;-642414,800;35723,520;215676,900;-1087927,000;253168,700;-279737,100;-688790,300;253174,800;-196603,600;1190451,000;35678,570;269761,900;590659,700;-308055,000;-213693,600;1139128,000
35,78;-0,367;2,138;3,633;-0,490;0,574;0,563;0,027;0,042;-0,155;0,887;12,372;-307708,900;-267398,800;-641782,400;35505,590;216170,800;-1088991,000;253290,700;-280039,100;-687967,400;253251,200;-197294,800;1190557,000;35495,140;270063,600;590433,800;-307686,600;-214148,700;1139552,000
35,80;-0,367;2,138;3,633;-0,490;0,574;0,563;0,027;0,042;-0,155;0,887;12,372;-301710,400;-274515,800;-631585,200;32107,170;223478,400;-1101119,000;254371,200;-284702,500;-674242,900;254331,600;-207790,500;1191168,000;32096,700;277035,300;588049,600;-301688,200;-221585,400;1144164,000
35,82;-0,367;2,138;3,633;-0,490;0,574;0,563;0,027;0,042;-0,155;0,887;12,372;-301163,200;-275121,900;-630701,400;31793,030;224097,400;-1102185,000;254468,400;-285098,000;-673026,600;254428,900;-208687,300;1191170,000;31782,610;277629,300;587882,300;-301140,800;-222218,700;1144541,000
35,84;-0,367;2,138;3,633;-0,490;0,574;0,563;0,027;0,042;-0,155;0,887;12,372;-300785,200;-275536,200;-630095,600;31575,620;224520,500;-1102917,000;254535,500;-285368,000;-672190,300;254496,000;-209300,800;1191165,000;31565,080;278035,300;587771,600;-300762,900;-222651,700;1144797,000
35,86;-0,379;2,148;3,645;-0,533;0,515;0,627;0,021;0,015;-0,133;0,887;12,372;-299776,600;-276623,600;-628586,200;30982,310;225631,200;-1105027,000;254719,700;-286096,100;-669940,300;254670,500;-210857,500;1191129,000;30973,790;279034,700;587539,300;-299748,500;-223790,600;1145526,000
35,88;-0,390;2,158;3,660;-0,561;0,463;0,728;0,066;0,002;-0,131;0,887;12,372;-294210,700;-282262,900;-620204,000;27715,580;231277,100;-1115449,000;255704,500;-289699,200;-658100,900;255647,500;-219185,400;1190400,000;27730,880;284447,300;586479,700;-294176,800;-229616,000;1148811,000
35,90;-0,390;2,158;3,660;-0,561;0,463;0,728;0,066;0,002;-0,131;0,887;12,372;-293651,300;-282783,400;-619407,800;27384,140;231799,900;-1116447,000;255800,900;-290036,100;-656938,300;255743,900;-219961,800;1190278,000;27399,460;284959,600;586422,800;-293617,500;-230160,100;1149098,000
35,92;-0,390;2,158;3,660;-0,561;0,463;0,728;0,066;0,002;-0,131;0,887;12,372;-292748,700;-283608,700;-618139,000;26847,680;232627,000;-1118043,000;255956,000;-290569,300;-655074,300;255898,900;-221193,500;1190064,000;26862,960;285772,200;586348,100;-292714,800;-231022,800;1149545,000
35,94;-0,402;2,166;3,675;-0,589;0,432;0,793;0,050;-0,020;-0,107;0,887;12,372;-292125,800;-284168,800;-617258,300;26467,060;233190,800;-1119300,000;256043,600;-290929,300;-653792,800;256004,200;-221992,100;1189877,000;26483,920;286275,100;586335,100;-292089,200;-231601,500;1149883,000
35,96;-0,402;2,166;3,675;-0,589;0,432;0,793;0,050;-0,020;-0,107;0,887;12,372;-286050,500;-289159,100;-609333,600;22791,700;238122,600;-1129525,000;257070,800;-294139,300;-641698,400;257031,300;-229474,800;1187741,000;22808,500;291214,300;586478,700;-286013,900;-236820,000;1152336,000
35,98;-0,415;2,175;3,692;-0,629;0,428;0,819;0,063;-0,001;-0,052;0,887;12,372;-285622,300;-289497,600;-608752,100;22513,810;238464,900;-1130471,000;257143,700;-294327,600;-640792,500;257114,000;-229961,000;1187484,000;22506,310;291550,600;586555,600;-285542,300;-237165,100;1152528,000
36,00;-0,415;2,175;3,692;-0,629;0,428;0,819;0,063;-0,001;-0,052;0,887;12,372;-285276,300;-289753,200;-608332,100;22301,060;238713,500;-1131028,000;257201,400;-294491,300;-640126,200;257171,500;-230346,300;1187328,000;22293,540;291805,300;586596,300;-285196,300;-237432,700;1152639,000
36,02;-0,429;2,183;3,709;-0,665;0,368;0,879;0,068;0,011;-0,088;0,887;12,372;-283764,500;-290839,300;-606545,300;21387,650;239733,200;-1133495,000;257461,000;-295142,800;-637370,800;257421,300;-232022,700;1186589,000;21397,530;292809,500;586818,000;-283708,900;-238554,000;1153113,000
36,04;-0,429;2,183;3,709;-0,665;0,368;0,879;0,068;0,011;-0,088;0,887;12,372;-277823,400;-294631,200;-599987,900;17659,320;243315,800;-1142496,000;258433,800;-297554,300;-626404,400;258394,000;-237783,200;1183178,000;17669,260;296635,800;588193,800;-277767,800;-242527,000;1154443,000
36,06;-0,429;2,183;3,709;-0,665;0,368;0,879;0,068;0,011;-0,088;0,887;12,372;-277246,600;-294959,200;-599395,300;17292,120;243617,500;-1143333,000;258527,100;-297761,900;-625370,900;258487,300;-238285,500;1182799,000;17301,950;296971,100;588372,400;-277191,000;-242871,400;1154534,000
36,08;-0,443;2,190;3,727;-0,702;0,336;0,882;0,065;0,018;-0,032;0,887;12,372;-276968,700;-295157,600;-599036,500;17084,320;243796,800;-1143956,000;258575,500;-297840,100;-624814,000;258535,900;-238504,300;1182509,000;17092,070;297150,400;588479,900;-276862,500;-243063,000;1154595,000
36,10;-0,457;2,196;3,744;-0,723;0,274;0,896;0,081;0,039;-0,058;0,887;12,372;-275970,500;-295715,100;-598024,700;16448,780;244290,500;-1145467,000;258757,800;-298145,100;-623162,800;258700,500;-239371,900;1181783,000;16478,250;297669,100;588809,800;-275863,100;-243638,700;1154735,000
36,12;-0,457;2,196;3,744;-0,723;0,274;0,896;0,081;0,039;-0,058;0,887;12,372;-269449,800;-298727,800;-592094,600;12203,010;246892,700;-1154295,000;259793,800;-300025,400;-612027,500;259736,400;-244066,200;1176675,000;12232,520;300838,300;591602,100;-269342,500;-246813,500;1155085,000
36,14;-0,457;2,196;3,744;-0,723;0,274;0,896;0,081;0,039;-0,058;0,887;12,372;-268981,200;-298909,800;-591706,800;11892,970;247039,100;-1154898,000;259867,300;-300137,400;-611254,300;259809,900;-244355,000;1176268,000;11922,460;301035,500;591841,000;-268873,800;-247006,000;1155076,000
36,16;-0,472;2,201;3,762;-0,743;0,242;0,861;0,066;0,041;-0,014;0,887;12,372;-268778,000;-299004,000;-591507,000;11741,730;247115,100;-1155311,000;259898,500;-300158,600;-610946,100;259839,100;-244447,000;1175983,000;11776,690;301133,100;591948,900;-268649,500;-247094,100;1155068,000
36,18;-0,487;2,205;3,778;-0,742;0,228;0,851;0,105;0,050;-0,020;0,887;12,372;-267521,000;-299472,600;-590506,000;10904,340;247473,800;-1156973,000;260095,300;-300368,300;-609052,800;260039,500;-245192,000;1174799,000;10954,250;301616,300;592607,800;-267386,000;-247589,400;1155015,000
36,20;-0,487;2,205;3,778;-0,742;0,228;0,851;0,105;0,050;-0,020;0,887;12,372;-261311,700;-301222,900;-586099,300;6701,449;248638,300;-1164354,000;261052,700;-301406,900;-599326,700;260996,900;-248106,000;1168642,000;6751,366;303657,900;596492,300;-261176,600;-249466,200;1154281,000
36,22;-0,487;2,205;3,778;-0,742;0,228;0,851;0,105;0,050;-0,020;0,887;12,372;-260594,600;-301371,800;-585649,600;6208,249;248709,700;-1165157,000;261162,000;-301490,700;-598245,800;261106,000;-248369,700;1167870,000;6258,202;303848,000;596998,500;-260459,700;-249628,600;1154146,000
36,24;-0,487;2,205;3,778;-0,742;0,228;0,851;0,105;0,050;-0,020;0,887;12,372;-260105,800;-301466,900;-585350,100;5871,061;248750,900;-1165699,000;261236,300;-301543,600;-597513,700;261180,500;-248540,700;1167337,000;5920,922;303972,200;597350,400;-259970,800;-249733,000;1154048,000
36,26;-0,517;2,214;3,809;-0,744;0,219;0,768;0,136;0,065;0,002;0,887;12,372;-259404,900;-301573,100;-584998,500;5421,673;248776,900;-1166575,000;261333,600;-301413,600;-596768,600;261277,800;-248715,900;1166445,000;5467,012;304117,400;597816,400;-259316,100;-249855,700;1153876,000
36,28;-0,517;2,214;3,809;-0,744;0,219;0,768;0,136;0,065;0,002;0,887;12,372;-253654,100;-302201,500;-582022,200;1379,987;248675,600;-1172497,000;262196,700;-301697,500;-588547,400;262140,800;-250068,600;1159625,000;1425,264;305164,500;602480,400;-253565,300;-250584,900;1152261,000
36,30;-0,517;2,214;3,809;-0,744;0,219;0,768;0,136;0,065;0,002;0,887;12,372;-253071,000;-302224,700;-581765,700;963,999;248616,900;-1173060,000;262283,300;-301698,300;-587746,300;262227,300;-250151,800;1158889,000;1009,249;305236,700;602996,300;-252982,300;-250617,900;1152059,000
36,32;-0,517;2,214;3,809;-0,744;0,219;0,768;0,136;0,065;0,002;0,887;12,372;-252637,900;-302237,100;-581580,600;654,149;248567,300;-1173473,000;262347,500;-301695,300;-587155,300;262291,700;-250207,000;1158337,000;699,434;305286,300;603384,700;-252549,200;-250637,400;1151905,000
36,34;-0,548;2,222;3,838;-0,753;0,205;0,739;0,156;0,067;-0,011;0,887;12,372;-252102,800;-302248,600;-581417,300;274,972;248477,000;-1174084,000;262417,000;-301438,100;-586812,700;262368,500;-250259,900;1157502,000;322,291;305297,600;603850,600;-252027,400;-250647,100;1151667,000
36,36;-0,548;2,222;3,838;-0,753;0,205;0,739;0,156;0,067;-0,011;0,887;12,372;-246149,300;-301905,400;-579445,200;-4063,893;247179,400;-1179291,000;263288,800;-301037,300;-579103,800;263240,300;-250350,800;1149352,000;-4016,576;305555,700;609726,500;-246074,000;-250400,000;1149068,000
36,38;-0,548;2,222;3,838;-0,753;0,205;0,739;0,156;0,067;-0,011;0,887;12,372;-245624,400;-301836,600;-579314,400;-4452,604;247018,400;-1179714,000;263364,900;-300974,700;-578455,400;263316,300;-250308,900;1148591,000;-4405,126;305546,600;610285,100;-245549,000;-250339,500;1148803,000
36,40;-0,548;2,222;3,838;-0,753;0,205;0,739;0,156;0,067;-0,011;0,887;12,372;-245284,400;-301788,500;-579233,600;-4704,928;246910,000;-1179985,000;263414,100;-300931,400;-578038,600;263365,500;-250277,400;1148095,000;-4657,567;305538,100;610650,300;-245209,000;-250296,800;1148628,000
36,42;-0,564;2,225;3,852;-0,770;0,180;0,729;0,130;0,054;-0,010;0,887;12,372;-244587,100;-301677,400;-579106,400;-5233,543;246664,500;-1180600,000;263505,800;-300709,100;-577362,000;263461,300;-250200,000;1146943,000;-5190,729;305483,900;611429,800;-244507,800;-250185,800;1148214,000
36,44;-0,564;2,225;3,852;-0,770;0,180;0,729;0,130;0,054;-0,010;0,887;12,372;-238823,800;-300347,500;-578311,900;-9593,020;244202,300;-1184704,000;264329,900;-299604,300;-570723,300;264285,400;-249013,000;1137985,000;-9550,228;304919,800;618152,300;-238744,600;-248948,500;1144774,000
36,46;-0,564;2,225;3,852;-0,770;0,180;0,729;0,130;0,054;-0,010;0,887;12,372;-238324,600;-300195,300;-578284,400;-9976,583;243944,000;-1185025,000;264400,600;-299481,400;-570179,500;264356,100;-248863,800;1137170,000;-9933,772;304841,100;618772,600;-238245,400;-248804,100;1144442,000
36,48;-0,580;2,228;3,866;-0,803;0,118;0,734;0,094;0,052;-0,023;0,887;12,372;-238060,200;-300093,300;-578312,200;-10176,720;243788,200;-1185258,000;264434,000;-299319,500;-570015,400;264392,500;-248777,100;1136569,000;-10145,160;304766,200;619127,800;-237987,800;-248702,400;1144194,000
36,50;-0,596;2,228;3,880;-0,810;0,038;0,690;0,083;0,091;-0,072;0,887;12,372;-237350,000;-299912,800;-578280,800;-10715,680;243395,600;-1185739,000;264522,700;-299185,900;-569471,100;264501,400;-248518,700;1135286,000;-10673,780;304594,400;620023,300;-237275,100;-248482,600;1143666,000
36,52;-0,596;2,228;3,880;-0,810;0,038;0,690;0,083;0,091;-0,072;0,887;12,372;-231590,400;-297552,500;-578638,400;-15239,230;239683,300;-1188861,000;265327,900;-297315,600;-563714,200;265306,600;-246055,800;1125252,000;-15197,340;303201,800;627794,600;-231515,500;-246220,900;1139279,000
36,54;-0,596;2,228;3,880;-0,810;0,038;0,690;0,083;0,091;-0,072;0,887;12,372;-230992,000;-297259,500;-578728,700;-15716,990;239239,400;-1189140,000;265410,800;-297084,900;-563157,600;265389,500;-245741,800;1124160,000;-15675,120;303018,800;628650,500;-230917,200;-245938,500;1138780,000
36,56;-0,596;2,228;3,880;-0,810;0,038;0,690;0,083;0,091;-0,072;0,887;12,372;-230561,700;-297043,200;-578800,000;-16061,490;238913,400;-1189335,000;265470,300;-296914,700;-562762,300;265449,100;-245509,300;1123369,000;-16019,600;302883,000;629271,500;-230486,700;-245730,000;1138415,000
36,58;-0,631;2,225;3,903;-0,832;-0,107;0,522;0,002;0,123;-0,127;0,887;12,372;-229803,300;-296793,000;-578885,800;-16658,690;238318,600;-1189723,000;265567,600;-297351,900;-562159,900;265546,000;-245096,700;1121714,000;-16580,610;302538,900;630363,300;-229741,800;-245348,300;1137646,000
36,60;-0,631;2,225;3,903;-0,832;-0,107;0,522;0,002;0,123;-0,127;0,887;12,372;-224494,600;-293601,500;-580347,800;-20993,030;233662,700;-1191623,000;266293,600;-294845,500;-557747,000;266272,100;-241608,200;1111419,000;-20914,960;300446,900;638550,500;-224433,200;-242259,900;1132670,000
36,62;-0,631;2,225;3,903;-0,832;-0,107;0,522;0,002;0,123;-0,127;0,887;12,372;-223840,400;-293155,900;-580586,200;-21535,590;233025,300;-1191806,000;266382,300;-294495,300;-557250,400;266360,800;-241116,700;1110097,000;-21457,560;300147,500;639612,100;-223779,000;-241827,800;1132008,000
36,64;-0,631;2,225;3,903;-0,832;-0,107;0,522;0,002;0,123;-0,127;0,887;12,372;-223295,800;-292776,000;-580794,600;-21988,760;232484,000;-1191949,000;266456,000;-294196,600;-556844,900;266434,600;-240697,100;1108987,000;-21910,810;299891,400;640504,500;-223234,400;-241459,400;1131450,000
36,66;-0,647;2,223;3,911;-0,805;-0,106;0,423;0,012;0,087;-0,059;0,887;12,372;-222785,200;-292443,500;-581022,600;-22394,380;232000,100;-1192082,000;266506,800;-294168,800;-556537,700;266486,400;-240311,100;1107850,000;-22335,700;299636,800;641306,500;-222774,500;-241121,100;1130874,000
36,68;-0,662;2,221;3,918;-0,742;-0,088;0,350;0,044;0,071;-0,039;0,887;12,372;-217450,900;-288245,900;-583655,600;-26885,980;226109,100;-1192971,000;267207,200;-290907,300;-553101,100;267199,800;-235616,800;1096443,000;-26837,030;296738,100;650458,400;-217489,300;-237034,800;1124917,000
36,70;-0,662;2,221;3,918;-0,742;-0,088;0,350;0,044;0,071;-0,039;0,887;12,372;-216912,700;-287771,600;-583971,100;-27349,570;225455,000;-1193016,000;267278,800;-290531,900;-552791,800;267271,400;-235089,000;1095246,000;-27300,660;296406,700;651438,700;-216951,100;-236573,800;1124274,000
36,72;-0,662;2,221;3,918;-0,742;-0,088;0,350;0,044;0,071;-0,039;0,887;12,372;-216472,300;-287377,300;-584236,300;-27729,960;224911,800;-1193046,000;267337,200;-290219,300;-552544,900;267329,800;-234649,600;1094261,000;-27680,900;296130,600;652247,300;-216510,700;-236190,300;1123742,000
36,74;-0,677;2,218;3,925;-0,717;-0,116;0,331;0,014;0,053;-0,028;0,887;12,372;-215853,600;-286790,100;-584681,600;-28270,120;224132,000;-1193083,000;267408,700;-289734,800;-552210,800;267413,600;-234053,400;1092718,000;-28234,080;295724,800;653391,300;-215895,400;-235638,400;1122908,000
36,76;-0,677;2,218;3,925;-0,717;-0,116;0,331;0,014;0,053;-0,028;0,887;12,372;-210490,800;-281400,500;-588558,800;-32994,080;216814,800;-1192869,000;268113,700;-285435,200;-549761,900;268118,600;-228043,500;1080128,000;-32957,960;291896,900;663818,400;-210532,600;-230392,700;1115890,000
36,78;-0,677;2,218;3,925;-0,717;-0,116;0,331;0,014;0,053;-0,028;0,887;12,372;-210019,500;-280883,200;-588947,400;-33416,040;216119,700;-1192807,000;268175,200;-285020,300;-549588,700;268180,000;-227466,800;1078978,000;-33379,960;291526,100;664777,900;-210061,200;-229889,300;1115233,000
36,80;-0,692;2,214;3,932;-0,718;-0,212;0,347;-0,056;0,041;-0,026;0,887;12,372;-209778,500;-280548,400;-589189,300;-33647,880;215750,200;-1192769,000;268197,500;-284733,200;-549510,300;268216,400;-227167,300;1078130,000;-33622,060;291308,000;665310,700;-209807,100;-229600,600;1114747,000
36,82;-0,706;2,208;3,938;-0,681;-0,262;0,308;-0,058;0,050;-0,076;0,887;12,372;-208857,600;-279549,600;-589974,100;-34467,010;214331,400;-1192592,000;268332,800;-283864,600;-549188,400;268337,800;-225965,500;1075716,000;-34435,670;290547,500;667187,300;-208884,300;-228599,000;1113356,000
36,84;-0,706;2,208;3,938;-0,681;-0,262;0,308;-0,058;0,050;-0,076;0,887;12,372;-203720,100;-273200,800;-594991,800;-39173,630;205911,800;-1191196,000;268995,500;-278722,600;-547999,900;269000,600;-218898,000;1062466,000;-39142,210;285937,100;678349,900;-203746,600;-222414,200;1105535,000
36,86;-0,706;2,208;3,938;-0,681;-0,262;0,308;-0,058;0,050;-0,076;0,887;12,372;-203236,100;-272555,300;-595516,600;-39624,050;205062,700;-1191016,000;269057,500;-278196,100;-547935,400;269062,600;-218180,400;1061171,000;-39592,770;285464,800;679448,300;-203262,700;-221785,000;1104754,000
36,88;-0,706;2,208;3,938;-0,681;-0,262;0,308;-0,058;0,050;-0,076;0,887;12,372;-202864,900;-272054,000;-595925,700;-39970,430;204404,300;-1190873,000;269105,000;-277787,000;-547891,800;269110,100;-217623,500;1060171,000;-39939,090;285097,700;680296,900;-202891,500;-221296,800;1104150,000
36,90;-0,733;2,194;3,949;-0,639;-0,359;0,244;-0,103;0,046;-0,125;0,887;12,372;-202370,500;-271421,100;-596486,400;-40453,670;203442,100;-1190611,000;269182,200;-277143,400;-547846,600;269173,800;-216809,200;1058408,000;-40415,750;284510,800;681501,400;-202368,500;-220592,300;1103080,000
36,92;-0,733;2,194;3,949;-0,639;-0,359;0,244;-0,103;0,046;-0,125;0,887;12,372;-196701,300;-262979,300;-603591,400;-45855,760;192471,100;-1187610,000;269900,600;-270183,800;-547983,600;269892,200;-207456,900;1042350,000;-45817,850;278269,600;695239,900;-196699,500;-212363,600;1093111,000
36,94;-0,746;2,186;3,954;-0,633;-0,409;0,203;-0,139;0,041;-0,138;0,887;12,372;-196195,700;-262181,000;-604321,600;-46354,150;191388,400;-1187231,000;269966,000;-269479,900;-548060,900;269954,400;-206579,200;1040622,000;-46326,030;277588,700;696587,900;-196185,700;-211540,300;1092015,000
36,96;-0,758;2,177;3,957;-0,603;-0,406;0,136;-0,128;0,037;-0,148;0,887;12,372;-191948,700;-254952,500;-610673,800;-50538,790;182040,100;-1183942,000;270500,200;-263348,300;-549192,000;270485,100;-198470,100;1027458,000;-50496,940;272078,300;707842,300;-191933,300;-204412,900;1083530,000
36,98;-0,758;2,177;3,957;-0,603;-0,406;0,136;-0,128;0,037;-0,148;0,887;12,372;-191496,500;-254127,800;-611404,400;-50990,000;180991,700;-1183547,000;270556,400;-262652,900;-549360,300;270541,300;-197563,400;1026025,000;-50948,110;271457,000;709088,300;-191481,200;-203608,300;1082593,000
37,00;-0,758;2,177;3,957;-0,603;-0,406;0,136;-0,128;0,037;-0,148;0,887;12,372;-191152,400;-253493,700;-611967,400;-51334,250;180186,600;-1183240,000;270599,100;-262117,700;-549494,900;270584,100;-196866,500;1024928,000;-51292,350;270978,900;710043,000;-191136,900;-202989,900;1081873,000
37,02;-0,770;2,168;3,959;-0,580;-0,424;0,102;-0,155;0,012;-0,122;0,887;12,372;-190560,500;-252376,400;-613001,600;-51945,700;178752,000;-1182629,000;270694,900;-261170,100;-549753,400;270657,800;-195656,800;1022795,000;-51904,500;270082,200;711752,500;-190535,400;-201875,500;1080472,000
37,04;-0,770;2,168;3,959;-0,580;-0,424;0,102;-0,155;0,012;-0,122;0,887;12,372;-186410,000;-244142,100;-620421,900;-56169,750;168384,500;-1178313,000;271206,400;-254154,700;-552002,600;271169,200;-186637,200;1008973,000;-56128,620;263829,500;723851,900;-186384,900;-193840,500;1071232,000
37,06;-0,770;2,168;3,959;-0,580;-0,424;0,102;-0,155;0,012;-0,122;0,887;12,372;-186018,100;-243318,900;-621171,500;-56574,000;167354,800;-1177858,000;271254,500;-253448,400;-552263,800;271217,200;-185737,900;1007621,000;-56532,920;263201,000;725040,000;-185992,900;-193037,100;1070316,000
37,08;-0,782;2,159;3,963;-0,579;-0,429;0,144;-0,121;0,000;-0,033;0,887;12,372;-185602,500;-242339,500;-622025,100;-57016,830;166242,000;-1177261,000;271329,500;-252723,500;-552478,600;271276,400;-184729,600;1005879,000;-56995,710;262485,700;726394,300;-185565,000;-192142,400;1069131,000
37,10;-0,793;2,152;3,967;-0,555;-0,360;0,196;-0,067;-0,015;0,012;0,887;12,372;-185245,600;-241596,800;-622727,400;-57354,200;165368,700;-1176805,000;271375,800;-252162,100;-552669,300;271318,700;-183929,000;1004589,000;-57349,220;262001,500;727338,600;-185236,000;-191470,400;1068246,000
37,12;-0,793;2,152;3,967;-0,555;-0,360;0,196;-0,067;-0,015;0,012;0,887;12,372;-181067,900;-232079,500;-631509,800;-61746,590;153579,500;-1171181,000;271884,200;-243912,600;-556252,600;271827,200;-173570,500;989429,800;-61741,680;254677,200;740747,000;-181058,400;-182176,500;1057768,000
37,14;-0,793;2,152;3,967;-0,555;-0,360;0,196;-0,067;-0,015;0,012;0,887;12,372;-180730,600;-231265,300;-632267,600;-62106,060;152578,000;-1170679,000;271925,000;-243201,600;-556591,600;271868,100;-172686,700;988159,200;-62101,050;254046,900;741875,600;-180721,200;-181381,100;1056878,000
37,16;-0,793;2,152;3,967;-0,555;-0,360;0,196;-0,067;-0,015;0,012;0,887;12,372;-180521,500;-230757,000;-632741,100;-62329,290;151953,100;-1170364,000;271950,300;-242757,700;-556805,400;271893,200;-172135,000;987367,700;-62324,320;253653,300;742578,700;-180512,000;-180884,500;1056323,000
37,18;-0,814;2,138;3,978;-0,507;-0,310;0,293;-0,020;-0,017;0,036;0,887;12,372;-179954,000;-229215,500;-634061,900;-62932,340;150219,300;-1169358,000;271994,700;-241480,300;-557462,100;271965,300;-170621,300;984867,100;-62938,200;252638,300;744451,900;-179943,000;-179533,800;1054570,000
37,20;-0,814;2,138;3,978;-0,507;-0,310;0,293;-0,020;-0,017;0,036;0,887;12,372;-176115,500;-219188,700;-643491,600;-67098,110;138006,800;-1162851,000;272456,300;-232638,400;-562147,500;272426,800;-159777,800;969628,000;-67103,980;244814,200;758061,800;-176104,500;-169733,000;1043701,000
37,22;-0,814;2,138;3,978;-0,507;-0,310;0,293;-0,020;-0,017;0,036;0,887;12,372;-175795,400;-218304,300;-644329,000;-67450,010;136937,200;-1162258,000;272494,600;-231852,800;-562591,100;272465,000;-158823,800;968307,600;-67455,910;244120,100;759245,600;-175784,300;-168868,000;1042748,000
37,24;-0,814;2,138;3,978;-0,507;-0,310;0,293;-0,020;-0,017;0,036;0,887;12,372;-175591,900;-217738,100;-644865,500;-67674,010;136253,000;-1161876,000;272518,900;-231349,700;-562877,200;272489,400;-158213,200;967464,100;-67679,910;243675,400;760002,000;-175580,900;-168314,200;1042138,000
37,26;-0,833;2,125;3,992;-0,459;-0,322;0,333;-0,012;-0,015;0,017;0,887;12,372;-174884,800;-215582,800;-646809,800;-68474,500;133784,000;-1160338,000;272591,400;-229479,500;-563995,400;272573,800;-155994,900;964076,600;-68474,980;242070,600;762733,300;-174858,800;-166297,200;1039681,000
37,28;-0,833;2,125;3,992;-0,459;-0,322;0,333;-0,012;-0,015;0,017;0,887;12,372;-171419,700;-205184,300;-656741,600;-72352,520;121342,300;-1153052,000;273003,400;-220152,600;-569699,500;272985,800;-144820,100;948932,100;-72353,030;233836,700;776383,100;-171393,700;-156120,400;1028553,000
37,30;-0,833;2,125;3,992;-0,459;-0,322;0,333;-0,012;-0,015;0,017;0,887;12,372;-171049,800;-204010,300;-657868,800;-72771,530;119947,800;-1152207,000;273047,200;-219092,700;-570378,500;273029,600;-143561,700;947249,300;-72771,980;232901,500;777905,300;-171023,800;-154970,900;1027302,000
37,32;-0,833;2,125;3,992;-0,459;-0,322;0,333;-0,012;-0,015;0,017;0,887;12,372;-170700,800;-202890,800;-658944,800;-73167,680;118620,000;-1151398,000;273088,400;-218080,700;-571032,300;273071,000;-142362,100;945649,100;-73168,090;232008,800;779353,300;-170674,700;-153874,600;1026110,000
37,34;-0,842;2,117;3,999;-0,444;-0,410;0,348;-0,048;-0,020;-0,034;0,887;12,372;-170324,700;-201659,100;-660041,000;-73588,440;117192,100;-1150417,000;273124,400;-216989,800;-571751,800;273110,600;-141164,000;943704,600;-73581,890;230994,100;780964,200;-170309,500;-152690,700;1024658,000
37,36;-0,842;2,117;3,999;-0,444;-0,410;0,348;-0,048;-0,020;-0,034;0,887;12,372;-166898,600;-189840,000;-671469,900;-77534,360;103308,200;-1141600,000;273527,700;-206216,700;-579079,600;273513,900;-128539,000;927134,900;-77527,690;221492,700;796025,500;-166883,500;-141107,500;1012138,000
37,38;-0,851;2,106;4,007;-0,473;-0,529;0,366;-0,085;-0,019;-0,067;0,887;12,372;-166689,600;-189013,700;-672147,500;-77778,340;102411,800;-1140838,000;273560,300;-205526,200;-579568,900;273536,300;-127714,700;925745,000;-77784,550;220794,000;797033,900;-166671,700;-140346,000;1011076,000
37,40;-0,851;2,106;4,007;-0,473;-0,529;0,366;-0,085;-0,019;-0,067;0,887;12,372;-166500,500;-188315,500;-672826,100;-77999,100;101598,800;-1140304,000;273582,500;-204885,000;-580023,800;273558,600;-126970,700;924782,300;-78005,250;220228,500;797912,300;-166482,500;-139661,100;1010339,000
37,42;-0,861;2,096;4,014;-0,460;-0,479;0,359;-0,021;-0,012;-0,013;0,887;12,372;-165973,800;-186253,000;-674890,500;-78631,800;99221,990;-1138598,000;273653,600;-202995,500;-581393,000;273625,100;-124660,900;921766,800;-78641,340;218579,800;800466,900;-165938,800;-137638,900;1008021,000
37,44;-0,861;2,096;4,014;-0,460;-0,479;0,359;-0,021;-0,012;-0,013;0,887;12,372;-162780,500;-173462,400;-687389,200;-82412,630;84490,380;-1128520,000;274026,100;-191151,900;-590169,600;273997,500;-111078,600;904468,000;-82422,220;208126,800;816320,600;-162745,500;-125082,800;994586,400
37,46;-0,870;2,084;4,021;-0,450;-0,573;0,375;-0,026;-0,021;-0,057;0,887;12,372;-162445,000;-172065,700;-688763,900;-82802,240;82879,340;-1127250,000;274072,300;-189847,900;-591183,400;274032,300;-109674,900;902361,000;-82806,160;206950,500;818062,900;-162424,500;-123698,100;992930,800
37,48;-0,878;2,075;4,029;-0,419;-0,479;0,369;0,008;-0,020;0,004;0,887;12,372;-162292,100;-171323,900;-689510,900;-83010,690;82028,130;-1126548,000;274087,200;-189133,000;-591756,400;274056,200;-108791,100;901197,700;-83012,110;206364,100;818940,200;-162252,400;-122953,800;992021,000
37,50;-0,878;2,075;4,029;-0,419;-0,479;0,369;0,008;-0,020;0,004;0,887;12,372;-159535,600;-158613,200;-702028,600;-86349,160;67652,650;-1116101,000;274406,300;-177207,000;-601158,600;274375,300;-95361,220;884510,100;-86350,610;195815,400;834340,800;-159495,800;-110456,000;978751,500
37,52;-0,878;2,075;4,029;-0,419;-0,479;0,369;0,008;-0,020;0,004;0,887;12,372;-159192,000;-156916,600;-703704,800;-86769,480;65750,040;-1114682,000;274446,000;-175605,800;-602453,000;274415,000;-93572,540;882311,600;-86770,900;194396,900;836375,900;-159152,300;-108786,500;976984,500
37,54;-0,894;2,053;4,042;-0,357;-0,471;0,327;0,020;-0,012;-0,010;0,887;12,372;-158992,300;-155987,100;-704662,300;-87008,020;64624,570;-1113611,000;274465,700;-174669,400;-603250,600;274436,900;-92537,770;880710,800;-87002,500;193571,800;837539,600;-158956,100;-107814,200;975666,400
37,56;-0,894;2,053;4,042;-0,357;-0,471;0,327;0,020;-0,012;-0,010;0,887;12,372;-156383,900;-141925,100;-718605,200;-90234,740;49023,810;-1101601,000;274765,600;-161306,300;-614361,900;274737,000;-77753,130;862771,900;-90229,300;181706,500;854209,300;-156347,800;-93962,410;961060,200
37,58;-0,894;2,053;4,042;-0,357;-0,471;0,327;0,020;-0,012;-0,010;0,887;12,372;-156183,000;-140756,000;-719767,700;-90485,530;47738,340;-1100586,000;274788,700;-160189,000;-615311,200;274760,000;-76526,790;861299,300;-90480,040;180712,400;855581,900;-156146,800;-92810,000;959848,600
37,60;-0,900;2,042;4,048;-0,298;-0,569;0,272;0,029;0,001;-0,038;0,887;12,372;-156082,700;-140275,400;-720264,000;-90580,200;47213,130;-1100027,000;274791,800;-159743,800;-615671,100;274766,800;-76164,540;860748,800;-90592,180;180283,500;856170,700;-156068,600;-92328,830;959170,800
37,62;-0,905;2,032;4,053;-0,276;-0,487;0,267;0,008;-0,010;-0,016;0,887;12,372;-154110,600;-127798,100;-732712,800;-93088,430;33581,890;-1088898,000;275022,600;-147712,600;-626114,700;274995,600;-62928,200;845182,600;-93083,660;169589,500;870700,100;-154078,500;-79993,940;946107,800
37,64;-0,905;2,032;4,053;-0,276;-0,487;0,267;0,008;-0,010;-0,016;0,887;12,372;-153860,200;-126096,500;-734412,700;-93405,950;31742,050;-1087378,000;275051,100;-146070,500;-627561,600;275024,100;-61150,140;843087,600;-93401,160;168120,700;872663,800;-153828,100;-78313,590;944349,600
37,66;-0,905;2,032;4,053;-0,276;-0,487;0,267;0,008;-0,010;-0,016;0,887;12,372;-153662,500;-124730,700;-735777,800;-93656,910;30267,860;-1086155,000;275073,700;-144751,100;-628728,300;275046,600;-59723,520;841410,100;-93652,130;166939,800;874237,300;-153630,400;-76964,410;942938,500
37,68;-0,910;2,020;4,057;-0,226;-0,574;0,214;-0,005;0,006;-0,038;0,887;12,372;-153467,400;-123391,100;-737130,300;-93890,640;28836,840;-1084813,000;275092,800;-143478,700;-629859,400;275068,800;-58448,600;839812,500;-93899,610;165761,400;875799,100;-153441,100;-75642,910;941381,800
37,70;-0,910;2,020;4,057;-0,226;-0,574;0,214;-0,005;0,006;-0,038;0,887;12,372;-151727,800;-110098,500;-750448,300;-96116,040;14632,330;-1072725,000;275290,800;-130567,800;-641495,400;275266,700;-44597,040;823699,200;-96125,080;154164,100;890962,600;-151701,600;-62499,950;927671,200
37,72;-0,910;2,020;4,057;-0,226;-0,574;0,214;-0,005;0,006;-0,038;0,887;12,372;-151578,900;-108854,900;-751696,800;-96307,750;13313,870;-1071580,000;275307,700;-129354,500;-642605,300;275283,700;-43303,280;822207,200;-96316,730;153070,900;892370,100;-151552,600;-61269,080;926389,800
37,74;-0,914;2,006;4,061;-0,191;-0,676;0,208;-0,013;0,004;-0,094;0,887;12,372;-151430,100;-107835,800;-752707,500;-96463,360;12259,930;-1070422,000;275304,200;-128386,000;-643457,400;275293,900;-42277,980;821052,500;-96465,070;152076,800;893627,100;-151438,200;-60285,140;925089,900
37,76;-0,919;1,995;4,066;-0,202;-0,562;0,227;-0,017;-0,007;-0,057;0,887;12,372;-151128,000;-104916,300;-755660,500;-96902,120;9143,424;-1067530,000;275351,900;-125497,900;-646146,900;275334,200;-39037,610;817476,300;-96885,370;149454,500;896965,400;-151099,700;-57374,340;921896,600
37,78;-0,919;1,995;4,066;-0,202;-0,562;0,227;-0,017;-0,007;-0,057;0,887;12,372;-149641,500;-90291,870;-770385,100;-98832,390;-6147,930;-1053808,000;275520,300;-111132,800;-659589,100;275502,700;-23873,240;800238,600;-98815,660;136433,200;913303,800;-149613,200;-42880,810;906854,800
37,80;-0,919;1,995;4,066;-0,202;-0,562;0,227;-0,017;-0,007;-0,057;0,887;12,372;-149542,600;-89198,300;-771488,100;-98961,400;-7281,587;-1052770,000;275531,600;-110054,100;-660612,300;275513,900;-22741,650;798963,800;-98944,700;135451,400;914515,800;-149514,400;-41796,050;905731,000
37,82;-0,921;1,984;4,070;-0,070;-0,505;0,183;-0,012;0,000;-0,178;0,887;12,372;-149493,000;-88711,460;-772016,400;-99008,990;-7797,163;-1052106,000;275535,800;-109564,100;-661104,800;275516,500;-22415,890;798404,000;-98992,800;134819,200;915239,200;-149479,300;-41326,550;905016,300
37,84;-0,922;1,977;4,074;-0,029;-0,336;0,198;-0,013;-0,009;-0,158;0,887;12,372;-149297,200;-86284,480;-774497,500;-99290,000;-10362,070;-1049611,000;275572,600;-107139,600;-663449,900;275545,600;-19679,860;795498,500;-99273,200;132433,900;918116,400;-149259,500;-38873,900;902330,800
37,86;-0,922;1,977;4,074;-0,029;-0,336;0,198;-0,013;-0,009;-0,158;0,887;12,372;-148216,100;-71857,390;-789084,200;-100709,400;-25139,470;-1035699,000;275694,700;-92828,910;-677269,100;275667,600;-4790,680;778935,600;-100692,600;119329,500;933924,600;-148178,400;-24543,950;887523,300
37,88;-0,922;1,977;4,074;-0,029;-0,336;0,198;-0,013;-0,009;-0,158;0,887;12,372;-148128,200;-70486,630;-790472,200;-100825,200;-26531,470;-1034363,000;275704,600;-91463,870;-678603,300;275677,600;-3378,944;777379,300;-100808,500;118074,000;935414,600;-148090,500;-23181,260;886117,600
37,90;-0,919;1,967;4,080;0,110;-0,217;0,145;0,010;-0,024;-0,174;0,887;12,372;-148043,300;-69086,580;-791949,700;-100939,400;-27986,150;-1032641,000;275712,100;-90009,090;-680015,600;275683,800;-1876,744;775752,100;-100923,300;116309,800;937412,300;-148010,700;-21712,840;884295,900
37,92;-0,919;1,967;4,080;0,110;-0,217;0,145;0,010;-0,024;-0,174;0,887;12,372;-147344,100;-55567,190;-805665,600;-101864,000;-41583,770;-1019304,000;275790,900;-76489,190;-693406,500;275762,600;12015,910;760593,900;-101847,900;103803,100;951973,100;-147311,500;-8257,225;870441,400
37,94;-0,919;1,967;4,080;0,110;-0,217;0,145;0,010;-0,024;-0,174;0,887;12,372;-147286,700;-54194,290;-807060,600;-101940,100;-42954,070;-1017937,000;275797,400;-75111,360;-694785,400;275769,000;13424,260;759070,300;-101924,000;102522,600;953440,900;-147254,100;-6889,334;869035,000
37,96;-0,919;1,967;4,080;0,110;-0,217;0,145;0,010;-0,024;-0,174;0,887;12,372;-147234,500;-52888,630;-808387,400;-102009,400;-44255,310;-1016634,000;275803,300;-73800,450;-696099,800;275774,900;14762,940;757624,300;-101993,200;101303,400;954834,700;-147201,900;-5588,531;867697,900
37,98;-0,915;1,962;4,082;0,242;-0,247;0,106;0,029;-0,009;-0,219;0,887;12,372;-147191,400;-51857,460;-809434,600;-102052,700;-45252,860;-1015442,000;275800,400;-72781,950;-697078,400;275783,600;15628,690;756537,800;-102055,000;100121,000;956168,800;-147165,800;-4599,874;866690,400
38,00;-0,911;1,958;4,083;0,232;-0,200;0,085;0,014;-0,003;-0,103;0,887;12,372;-146799,000;-38895,710;-822618,700;-102578,100;-58153,090;-1002312,000;275830,600;-59679,360;-710353,100;275827,500;29026,810;742366,700;-102553,500;87815,400;969999,800;-146789,400;8327,488;853439,900
38,02;-0,911;1,958;4,083;0,232;-0,200;0,085;0,014;-0,003;-0,103;0,887;12,372;-146772,000;-37507,400;-824033,800;-102614,000;-59514,420;-1000901,000;275833,600;-58276,050;-711789,100;275830,500;30444,500;740862,600;-102589,500;86496,480;971458,800;-146762,400;9713,380;852019,700
38,04;-0,911;1,958;4,083;0,232;-0,200;0,085;0,014;-0,003;-0,103;0,887;12,372;-146742,900;-35841,640;-825731,900;-102652,800;-61145,480;-999203,800;275836,900;-56591,230;-713516,600;275833,800;32144,740;739061,800;-102628,100;84911,210;973206,600;-146733,200;11376,330;850315,900
38,06;-0,905;1,955;4,084;0,289;-0,129;0,029;0,011;0,020;-0,065;0,887;12,372;-146713,000;-34591,460;-826814,900;-102671,600;-62518,780;-997800,900;275829,900;-55471,260;-714644,500;275836,300;33120,070;737888,100;-102657,600;83691,090;974570,700;-146716,200;12474,580;849218,700
38,08;-0,905;1,955;4,084;0,289;-0,129;0,029;0,011;0,020;-0,065;0,887;12,372;-146633,300;-21280,810;-840406,900;-102777,800;-75436,210;-984099,400;275838,800;-41959,440;-728650,300;275845,300;46674,290;723681,400;-102763,700;70899,030;988411,500;-146636,400;25777,890;835611,200
38,10;-0,905;1,955;4,084;0,289;-0,129;0,029;0,011;0,020;-0,065;0,887;12,372;-146640,500;-19435,610;-842293,700;-102768,200;-77213,310;-982183,200;275838,100;-40080,770;-730615,800;275844,400;48549,220;721734,200;-102754,000;69110,810;990314,900;-146643,600;27623,750;833725,800
38,12;-0,900;1,953;4,084;0,269;-0,128;0,013;0,013;0,031;-0,009;0,887;12,372;-146638,100;-18637,260;-842900,300;-102740,700;-78182,730;-981106,900;275836,900;-39401,850;-731286,400;275840,100;49214,220;721053,300;-102748,300;68224,850;991288,900;-146646,000;28280,160;833072,600
38,14;-0,896;1,952;4,085;0,184;-0,020;0,027;-0,011;0,010;0,080;0,887;12,372;-146569,800;-16432,150;-845349,100;-102874,700;-80127,310;-978699,900;275998,900;-37210,200;-733632,200;276000,800;51484,450;718849,300;-102877,900;65984,850;993461,900;-146566,500;30382,380;831145,200
38,16;-0,896;1,952;4,085;0,184;-0,020;0,027;-0,011;0,010;0,080;0,887;12,372;-146846,900;-1802,690;-860339,500;-102506,300;-94059,920;-963306,900;275967,400;-22247,080;-749499,100;275969,300;66300,460;703679,400;-102509,600;51619,130;1008372,000;-146843,500;45037,290;816207,200
38,18;-0,896;1,952;4,085;0,184;-0,020;0,027;-0,011;0,010;0,080;0,887;12,372;-146887,900;-413,826;-861764,800;-102451,900;-95372,160;-961832,300;275962,700;-20822,230;-751024,100;275964,500;67703,500;702257,600;-102455,200;50242,650;1009775,000;-146884,400;46429,710;814789,900
38,20;-0,896;1,952;4,085;0,184;-0,020;0,027;-0,011;0,010;0,080;0,887;12,372;-146914,300;440,365;-862641,500;-102416,700;-96178,460;-960924,100;275959,700;-19945,460;-751963,800;275961,600;68566,440;701384,400;-102419,900;49395,010;1010637,000;-146910,900;47286,390;813918,100
38,22;-0,886;1,951;4,086;0,224;0,041;0,047;-0,041;-0,008;0,202;0,887;12,372;-146983,400;2280,047;-864549,000;-102324,100;-98021,860;-958671,400;275939,800;-18050,520;-754003,000;275958,700;70432,200;699497,300;-102324,400;47441,430;1012761,000;-146979,100;49153,980;812026,100
38,24;-0,886;1,951;4,086;0,224;0,041;0,047;-0,041;-0,008;0,202;0,887;12,372;-147563,800;15642,430;-878288,600;-101555,100;-110521,300;-944314,900;275873,600;-4287,020;-768911,600;275892,500;83887,330;686051,600;-101555,400;34038,370;1026104,000;-147559,500;62569,520;798397,800
38,26;-0,886;1,951;4,086;0,224;0,041;0,047;-0,041;-0,008;0,202;0,887;12,372;-147629,600;16875,930;-879558,800;-101468,200;-111667,000;-942978,900;275866,200;-3012,962;-770303,100;275885,100;85126,310;684826,000;-101468,500;32790,380;1027325,000;-147625,300;63808,870;797140,500
38,28;-0,886;1,951;4,086;0,224;0,041;0,047;-0,041;-0,008;0,202;0,887;12,372;-147672,100;17654,130;-880360,300;-101412,000;-112389,100;-942135,000;275861,300;-2208,842;-771182,400;275880,100;85907,630;684054,300;-101412,200;32002,240;1028095,000;-147667,800;64590,920;796347,400
38,30;-0,870;1,954;4,090;0,386;0,131;0,152;0,003;0,002;0,197;0,887;12,372;-147766,400;19350,470;-882151,100;-101258,500;-114029,300;-940003,900;275849,500;-426,148;-773149,900;275876,100;87644,190;682342,600;-101272,900;30064,040;1030183,000;-147799,100;66585,560;794529,600
38,32;-0,870;1,954;4,090;0,386;0,131;0,152;0,003;0,002;0,197;0,887;12,372;-148793,900;34378,160;-897659,900;-99906,430;-127843,100;-923522,300;275732,200;15158,690;-790385,400;275758,800;102680,700;667707,400;-99920,830;14662,710;1044867,000;-148826,600;81706,140;779223,600
38,34;-0,860;1,956;4,095;0,508;0,090;0,224;0,060;-0,004;0,088;0,887;12,372;-148952,800;36371,710;-899878,000;-99674,750;-129784,100;-921074,100;275714,500;17226,750;-792694,600;275734,100;104492,400;665800,100;-99710,160;12614,310;1047027,000;-149013,000;83955,230;777029,900
38,36;-0,860;1,956;4,095;0,508;0,090;0,224;0,060;-0,004;0,088;0,887;12,372;-150148,600;49448,000;-913421,200;-98114,640;-141621,200;-906464,100;275577,700;30869,510;-808065,100;275597,300;117494,900;653469,300;-98150,090;-1051,848;1059539,000;-150208,800;97138,180;763730,800
38,38;-0,860;1,956;4,095;0,508;0,090;0,224;0,060;-0,004;0,088;0,887;12,372;-150293,500;50868,110;-914894,600;-97926,390;-142898,000;-904864,100;275561,100;32355,180;-809753,000;275580,700;118902,700;652151,000;-97961,860;-2548,945;1060884,000;-150353,700;98571,110;762287,600
38,40;-0,847;1,959;4,101;0,616;0,182;0,365;0,120;-0,010;-0,016;0,887;12,372;-150364,400;51447,370;-915803,600;-97820,950;-143673,700;-903820,800;275549,800;32957,800;-810440,600;275574,600;119480,800;651627,300;-97877,730;-3048,719;1061709,000;-150451,000;99351,010;761570,900
38,42;-0,836;1,966;4,111;0,581;0,363;0,531;0,140;0,008;-0,061;0,887;12,372;-150549,000;53048,330;-917643,900;-97608,010;-145168,900;-901875,300;275535,100;34664,530;-812419,900;275565,900;121285,800;650118,300;-97644,410;-4673,972;1063376,000;-150612,900;100883,900;760083,200
38,44;-0,836;1,966;4,111;0,581;0,363;0,531;0,140;0,008;-0,061;0,887;12,372;-152238,200;67370,120;-932541,900;-95430,790;-157921,500;-885536,600;275341,100;49706,050;-829721,900;275372,000;135418,100;637139,700;-95467,160;-19971,350;1076740,000;-152302,100;115353,700;745546,600
38,46;-0,836;1,966;4,111;0,581;0,363;0,531;0,140;0,008;-0,061;0,887;12,372;-152400,900;68620,880;-933845,800;-95222,390;-159027,000;-884096,600;275322,400;51023,370;-831251,300;275353,200;136647,500;636028,100;-95258,910;-21320,100;1077893,000;-152464,800;116618,200;744278,800
38,48;-0,815;1,983;4,133;0,483;0,450;0,586;0,142;-0,008;-0,135;0,887;12,372;-152470,000;69166,400;-934735,800;-95157,880;-159751,500;-883100,600;275330,400;51597,570;-831924,100;275379,700;137345,700;635581,500;-95181,810;-21928,310;1078666,000;-152514,500;116932,900;743937,000
38,50;-0,815;1,983;4,133;0,483;0,450;0,586;0,142;-0,008;-0,135;0,887;12,372;-154359,000;82358,620;-948519,900;-92755,880;-171327,700;-867755,900;275112,600;65536,260;-848270,700;275161,900;150263,000;624104,100;-92779,840;-36301,520;1090670,000;-154403,600;130286,300;730578,800
38,52;-0,815;1,983;4,133;0,483;0,450;0,586;0,142;-0,008;-0,135;0,887;12,372;-154540,100;83525,380;-949741,600;-92527,230;-172344,800;-866386,300;275091,600;66772,450;-849733,400;275141,000;151401,000;623109,600;-92551,080;-37584,020;1091719,000;-154584,500;131468,200;729398,900
38,54;-0,815;1,983;4,133;0,483;0,450;0,586;0,142;-0,008;-0,135;0,887;12,372;-154653,100;84246,630;-950497,200;-92384,550;-172972,900;-865538,700;275078,600;67536,850;-850639,100;275128,000;152104,100;622496,700;-92408,500;-38378,010;1092366,000;-154697,600;132198,900;728669,800
38,56;-0,802;2,006;4,153;0,251;0,616;0,504;0,105;-0,023;-0,012;0,887;12,372;-154973,900;86330,520;-952928,400;-92000,700;-174724,000;-863024,600;275050,900;69752,740;-853228,300;275099,600;154175,500;620769,300;-92002,200;-40663,860;1094449,000;-155014,100;134143,500;726611,800
38,58;-0,802;2,006;4,153;0,251;0,616;0,504;0,105;-0,023;-0,012;0,887;12,372;-157120,900;98776,700;-966005,000;-89317,760;-185476,600;-848224,100;274802,000;82991,150;-869099,700;274850,700;166248,000;610481,200;-89319,210;-54521,640;1105433,000;-157161,100;146767,200;714050,600
38,60;-0,802;2,006;4,153;0,251;0,616;0,504;0,105;-0,023;-0,012;0,887;12,372;-157370,800;100127,100;-967427,400;-89007,800;-186635,900;-846603,200;274773,000;84431,450;-870842,800;274821,600;167552,300;609390,800;-89009,270;-56038,480;1106609,000;-157411,100;148138,000;712689,900
38,62;-0,802;2,006;4,153;0,251;0,616;0,504;0,105;-0,023;-0,012;0,887;12,372;-157589,300;101292,600;-968655,600;-88737,270;-187635,300;-845201,800;274747,500;85675,270;-872350,600;274796,200;168677,000;608453,800;-88738,770;-57349,870;1107621,000;-157629,600;149321,100;711516,100
38,64;-0,799;2,019;4,162;0,170;0,697;0,434;0,065;-0,025;-0,006;0,887;12,372;-157806,900;102480,800;-970111,100;-88463,380;-188642,000;-843695,500;274727,500;86935,310;-873876,600;274819,200;169660,600;607493,200;-88460,590;-58721,020;1108818,000;-157889,000;150523,400;710365,400
38,66;-0,799;2,019;4,162;0,170;0,697;0,434;0,065;-0,025;-0,006;0,887;12,372;-160295,200;114720,400;-983051,400;-85414,580;-199060,300;-828805,400;274437,200;100040,500;-889951,400;274528,900;181411,400;597949,900;-85411,770;-72638,420;1119258,000;-160377,300;162961,000;698065,100
38,68;-0,799;2,019;4,162;0,170;0,697;0,434;0,065;-0,025;-0,006;0,887;12,372;-160551,500;115901,600;-984303,900;-85103,340;-200059,600;-827354,100;274407,300;101308,900;-891522,900;274499,000;182540,100;597054,000;-85100,480;-73993,590;1120250,000;-160633,500;164162,100;696880,600
38,70;-0,798;2,036;4,170;0,017;0,857;0,407;0,019;-0,039;0,077;0,887;12,372;-160664,700;116354,000;-985070,800;-84961,740;-200394,100;-826731,500;274388,200;101804,200;-892208,500;274510,700;182935,100;596703,500;-84970,670;-74515,270;1120851,000;-160744,200;164702,400;696445,800
38,72;-0,799;2,053;4,178;-0,084;0,868;0,400;0,046;-0,046;0,124;0,887;12,372;-161048,100;118021,800;-986994,200;-84512,840;-201585,100;-824858,800;274342,300;103621,600;-894551,900;274388,500;184740,800;595456,400;-84514,100;-76424,510;1122371,000;-161066,000;166359,600;694687,800
38,74;-0,799;2,053;4,178;-0,084;0,868;0,400;0,046;-0,046;0,124;0,887;12,372;-163881,000;129985,500;-999735,800;-81117,960;-211622,600;-809945,400;274009,500;116519,100;-910765,600;274055,600;196096,300;586753,800;-81119,210;-90313,820;1132186,000;-163899,000;178538,400;682730,400
38,76;-0,799;2,053;4,178;-0,084;0,868;0,400;0,046;-0,046;0,124;0,887;12,372;-164134,900;130993,800;-1000813,000;-80816,770;-212463,600;-808674,800;273979,600;117609,300;-912150,900;274025,700;197048,600;586044,000;-80818,060;-91494,740;1132999,000;-164152,800;179565,700;681725,400
38,78;-0,799;2,053;4,178;-0,084;0,868;0,400;0,046;-0,046;0,124;0,887;12,372;-164312,000;131691,600;-1001559,000;-80606,930;-213045,200;-807794,300;273958,700;118364,200;-913111,800;274004,800;197707,100;585555,100;-80608,220;-92312,890;1133559,000;-164329,900;180276,600;681030,300
38,80;-0,804;2,085;4,193;-0,154;0,758;0,374;0,021;-0,045;0,106;0,887;12,372;-164727,400;133286,400;-1003554,000;-80119,410;-214085,100;-805888,900;273904,200;120057,300;-915724,900;273943,100;199265,900;584460,300;-80115,290;-94195,570;1135046,000;-164728,800;181849,800;679412,900
38,82;-0,804;2,085;4,193;-0,154;0,758;0,374;0,021;-0,045;0,106;0,887;12,372;-167762,100;144391,900;-1015483,000;-76570,310;-223273,800;-791680,100;273544,800;132113,000;-931287,300;273583,700;209676,200;577025,300;-76566,220;-107350,900;1143756,000;-167763,500;193173,400;668391,400
38,84;-0,804;2,085;4,193;-0,154;0,758;0,374;0,021;-0,045;0,106;0,887;12,372;-168097,300;145549,600;-1016731,000;-76182,470;-224226,000;-790181,900;273504,900;133373,400;-932933,400;273543,800;210755,400;576280,300;-76178,400;-108733,700;1144645,000;-168098,700;194354,500;667246,400
38,86;-0,804;2,085;4,193;-0,154;0,758;0,374;0,021;-0,045;0,106;0,887;12,372;-168347,500;146405,800;-1017655,000;-75893,410;-224929,800;-789071,600;273475,100;134306,000;-934154,100;273514,000;211552,800;575733,300;-75889,340;-109757,500;1145300,000;-168349,100;195228,200;666400,300
38,88;-0,810;2,110;4,206;-0,183;0,590;0,332;0,027;-0,025;0,069;0,887;12,372;-168838,800;148065,400;-1019718,000;-75346,080;-226134,900;-786921,700;273419,800;136092,900;-936904,900;273458,700;213177,800;574723,900;-75319,420;-111757,700;1146755,000;-168870,800;196908,000;664750,800
38,90;-0,810;2,110;4,206;-0,183;0,590;0,332;0,027;-0,025;0,069;0,887;12,372;-172614,900;159982,700;-1032659,000;-71054,290;-235853,700;-771201,100;272968,100;149128,600;-954269,500;273007,100;224187,100;567580,100;-71027,680;-126172,700;1155580,000;-172646,900;209078,400;653039,100
38,92;-0,810;2,110;4,206;-0,183;0,590;0,332;0,027;-0,025;0,069;0,887;12,372;-173029,900;161211,400;-1034001,000;-70588,740;-236849,600;-769556,600;272918,300;150477,200;-956093,000;272957,300;225314,700;566884,700;-70562,100;-127672,400;1156464,000;-173061,900;210334,200;651837,800
38,94;-0,819;2,130;4,219;-0,217;0,479;0,326;0,006;0,003;0,028;0,887;12,372;-173424,100;162347,700;-1035524,000;-70140,780;-237727,800;-768013,300;272870,300;151720,200;-958161,600;272896,600;226376,100;566266,300;-70118,950;-129056,300;1157458,000;-173449,000;211492,100;650729,800
38,96;-0,819;2,130;4,219;-0,217;0,479;0,326;0,006;0,003;0,028;0,887;12,372;-177631,100;173858,600;-1048185,000;-65501,650;-246986,700;-752314,000;272361,600;164407,900;-975659,400;272387,900;236846,600;560268,100;-65479,910;-143257,400;1165416,000;-177656,000;223263,600;639558,600
38,98;-0,823;2,139;4,225;-0,246;0,477;0,327;-0,011;0,006;-0,027;0,887;12,372;-178117,500;175108,400;-1049724,000;-64959,930;-248012,500;-750512,000;272301,000;165808,400;-977833,600;272333,500;237817,000;559682,100;-64948,540;-144827,300;1166337,000;-178153,700;224557,300;638348,800
39,00;-0,823;2,139;4,225;-0,246;0,477;0,327;-0,011;0,006;-0,027;0,887;12,372;-182123,300;184763,700;-1060491,000;-60666,680;-255686,600;-736900,500;271811,500;176524,000;-993134,900;271844,000;246472,100;555416,000;-60655,330;-156941,900;1172528,000;-182159,300;234441,500;629111,000
39,02;-0,823;2,139;4,225;-0,246;0,477;0,327;-0,011;0,006;-0,027;0,887;12,372;-182599,100;185844,500;-1061705,000;-60163,550;-256540,800;-735351,300;271753,100;177727,200;-994883,900;271785,500;247434,200;554982,300;-60152,150;-158308,500;1173193,000;-182635,200;235548,500;628085,000
39,04;-0,830;2,150;4,233;-0,314;0,557;0,364;-0,044;0,019;-0,008;0,887;12,372;-182744,100;186159,400;-1062290,000;-59982,430;-256834,600;-734773,100;271733,600;178097,700;-995743,800;271743,400;247656,800;554866,900;-59986,570;-158702,300;1173504,000;-182796,600;235930,800;627764,700
39,06;-0,836;2,161;4,240;-0,333;0,569;0,380;-0,035;0,028;0,027;0,887;12,372;-183398,900;187604,400;-1064025,000;-59307,980;-257848,900;-732814,500;271650,100;179688,400;-998235,000;271659,000;249027,900;554275,400;-59308,860;-160500,900;1174453,000;-183412,700;237371,700;626436,800
39,08;-0,836;2,161;4,240;-0,333;0,569;0,380;-0,035;0,028;0,027;0,887;12,372;-187707,300;196594,600;-1074238,000;-54842,230;-264900,100;-719599,300;271116,800;189742,000;-1013247,000;271125,700;256950,100;551222,200;-54843,040;-171988,500;1179630,000;-187721,200;246583,600;618011,400
39,10;-0,836;2,161;4,240;-0,333;0,569;0,380;-0,035;0,028;0,027;0,887;12,372;-188188,700;197539,200;-1075321,000;-54350,350;-265636,700;-718183,800;271056,900;190801,600;-1014863,000;271065,800;257776,200;550946,400;-54351,100;-173204,600;1180145,000;-188202,500;247551,800;617135,400
39,12;-0,851;2,180;4,256;-0,376;0,452;0,378;-0,020;0,013;0,032;0,887;12,372;-188709,200;198526,000;-1076684,000;-53837,460;-266296,900;-716756,400;270991,900;191904,300;-1016895,000;270999,800;258742,300;550701,800;-53834,410;-174501,700;1180787,000;-188697,200;248537,300;616229,900
39,14;-0,851;2,180;4,256;-0,376;0,452;0,378;-0,020;0,013;0,032;0,887;12,372;-193932,000;207918,400;-1087600,000;-48608,670;-273566,200;-702269,300;270336,200;202485,000;-1033541,000;270344,000;266876,100;548637,500;-48605,650;-186717,300;1185469,000;-193920,100;258168,500;607663,700
39,16;-0,859;2,188;4,263;-0,399;0,405;0,380;-0,024;0,012;-0,005;0,887;12,372;-194424,700;208748,600;-1088708,000;-48108,720;-274204,600;-700915,600;270273,200;203431,400;-1035274,000;270278,500;267528,800;548549,000;-48112,210;-187818,600;1185884,000;-194424,100;259040,900;606908,100
39,18;-0,867;2,195;4,271;-0,409;0,341;0,381;-0,008;-0,004;0,005;0,887;12,372;-198969,000;215827,800;-1097235,000;-43721,210;-279585,200;-689467,900;269692,600;211449,000;-1048742,000;269710,100;273698,800;547901,400;-43722,910;-197172,300;1188860,000;-198951,000;266288,100;600688,000
39,20;-0,867;2,195;4,271;-0,409;0,341;0,381;-0,008;-0,004;0,005;0,887;12,372;-199417,000;216484,100;-1098028,000;-43293,000;-280084,100;-688376,600;269635,200;212194,800;-1050017,000;269652,700;274254,600;547883,400;-43294,690;-198046,000;1189105,000;-199399,000;266961,600;600118,200
39,22;-0,867;2,195;4,271;-0,409;0,341;0,381;-0,008;-0,004;0,005;0,887;12,372;-199746,400;216961,700;-1098606,000;-42978,840;-280446,700;-687579,400;269593,000;212737,800;-1050949,000;269610,500;274658,400;547875,500;-42980,480;-198682,500;1189279,000;-199728,400;267451,900;599704,900
39,24;-0,875;2,201;4,278;-0,435;0,314;0,378;-0,023;0,002;-0,020;0,887;12,372;-200472,600;218008,700;-1099991,000;-42278,990;-281255,200;-685781,600;269501,900;213931,900;-1053200,000;269504,100;275504,700;547880,800;-42277,750;-200086,900;1189683,000;-200463,300;268540,200;598792,600
39,26;-0,875;2,201;4,278;-0,435;0,314;0,378;-0,023;0,002;-0,020;0,887;12,372;-205176,600;224256,900;-1107696,000;-37876,980;-285961,900;-674976,100;268893,800;221054,400;-1065924,000;268896,000;280746,000;548360,400;-37875,640;-208494,300;1191578,000;-205167,300;274954,300;593528,100
39,28;-0,875;2,201;4,278;-0,435;0,314;0,378;-0,023;0,002;-0,020;0,887;12,372;-205670,200;224867,700;-1108462,000;-37421,760;-286418,700;-673887,900;268829,500;221751,800;-1067213,000;268831,800;281254,900;548457,100;-37420,570;-209322,400;1191730,000;-205660,900;275581,200;593026,100
39,30;-0,885;2,208;4,287;-0,483;0,375;0,405;-0,041;0,006;-0,031;0,887;12,372;-205846,600;225065,100;-1108882,000;-37237,480;-286598,600;-673424,400;268806,600;221991,000;-1067936,000;268804,700;281362,200;548472,800;-37249,130;-209599,100;1191807,000;-205853,700;275821,800;592835,300
39,32;-0,895;2,215;4,295;-0,488;0,372;0,413;-0,023;-0,002;-0,006;0,887;12,372;-206496,100;225842,200;-1109938,000;-36659,300;-287106,800;-672115,300;268720,400;222867,500;-1069711,000;268710,100;282021,000;548611,600;-36668,110;-210632,200;1192011,000;-206484,500;276581,100;592212,000
39,34;-0,895;2,215;4,295;-0,488;0,372;0,413;-0,023;-0,002;-0,006;0,887;12,372;-211941,000;231869,000;-1117712,000;-31747,460;-291568,000;-660828,300;268004,400;229765,100;-1083205,000;267994,100;287001,600;550393,400;-31756,240;-218910,000;1192957,000;-211929,500;282771,800;587469,900
39,36;-0,895;2,215;4,295;-0,488;0,372;0,413;-0,023;-0,002;-0,006;0,887;12,372;-212556,500;232491,100;-1118535,000;-31201,490;-292024,300;-659612,100;267922,800;230477,800;-1084669,000;267912,500;287512,500;550653,700;-31210,350;-219773,700;1193003,000;-212544,900;283411,300;587000,300
39,38;-0,915;2,227;4,312;-0,502;0,288;0,417;-0,024;-0,004;0,000;0,887;12,372;-212825,800;232759,200;-1119050,000;-30982,640;-292144,000;-659153,900;267887,000;230770,700;-1085580,000;267873,500;287756,100;550796,400;-30977,250;-220143,200;1193028,000;-212794,400;283653,300;586848,600
39,40;-0,915;2,227;4,312;-0,502;0,288;0,417;-0,024;-0,004;0,000;0,887;12,372;-218208,800;237651,600;-1125729,000;-26295,280;-295689,500;-649073,800;267166,700;236375,700;-1097828,000;267153,200;291752,700;553608,700;-26289,880;-227026,400;1192875,000;-218177,500;288684,500;583360,800
39,42;-0,915;2,227;4,312;-0,502;0,288;0,417;-0,024;-0,004;0,000;0,887;12,372;-218685,200;238044,000;-1126282,000;-25887,010;-295970,200;-648223,100;267102,400;236824,700;-1098870,000;267088,800;292071,900;553896,800;-25881,670;-227585,500;1192820,000;-218654,000;289088,000;583098,300
39,44;-0,915;2,227;4,312;-0,502;0,288;0,417;-0,024;-0,004;0,000;0,887;12,372;-219043,900;238335,000;-1126694,000;-25580,350;-296178,100;-647587,000;267054,000;237157,700;-1099650,000;267040,300;292308,500;554118,100;-25575,030;-228001,300;1192774,000;-219012,600;289387,400;582905,300
39,46;-0,925;2,231;4,321;-0,517;0,226;0,417;-0,037;0,007;-0,015;0,887;12,372;-220112,600;239181,300;-1127993,000;-24661,810;-296781,100;-645680,800;266911,300;238127,500;-1102137,000;266895,000;293020,900;554834,700;-24652,520;-229223,600;1192594,000;-220088,700;290277,400;582345,200
39,48;-0,925;2,231;4,321;-0,517;0,226;0,417;-0,037;0,007;-0,015;0,887;12,372;-225424,800;242904,100;-1133548,000;-20215,520;-299387,300;-636854,600;266185,800;242370,900;-1113086,000;266169,300;296040,500;558660,800;-20206,230;-234657,900;1191332,000;-225400,800;294115,100;580152,100
39,50;-0,936;2,235;4,329;-0,555;0,246;0,437;-0,054;0,010;-0,019;0,887;12,372;-225785,900;243107,400;-1134001,000;-19900,670;-299536,600;-636237,900;266135,100;242609,700;-1114018,000;266115,700;296197,600;558932,200;-19903,880;-234974,800;1191180,000;-225771,300;294361,400;580034,000
39,52;-0,936;2,235;4,329;-0,555;0,246;0,437;-0,054;0,010;-0,019;0,887;12,372;-226484,600;243531,900;-1134671,000;-19326,510;-299826,900;-635143,300;266038,700;243090,500;-1115390,000;266019,300;296541,900;559495,800;-19329,660;-235609,100;1190949,000;-226470,200;294799,900;579819,200
39,54;-0,947;2,240;4,338;-0,553;0,218;0,438;-0,028;-0,002;-0,001;0,887;12,372;-227127,100;243902,300;-1135329,000;-18811,240;-300036,800;-634212,200;265947,800;243508,800;-1116740,000;265916,300;296882,200;560040,300;-18819,450;-236156,400;1190715,000;-227099,600;295171,300;579657,000
39,56;-0,947;2,240;4,338;-0,553;0,218;0,438;-0,028;-0,002;-0,001;0,887;12,372;-232645,400;246712,700;-1140115,000;-14365,970;-301892,600;-626118,900;265178,000;246653,700;-1127019,000;265146,500;299172,300;564980,100;-14374,260;-240500,000;1188360,000;-232618,000;298084,300;578573,400
39,58;-0,947;2,240;4,338;-0,553;0,218;0,438;-0,028;-0,002;-0,001;0,887;12,372;-233236,800;246968,200;-1140586,000;-13897,070;-302054,600;-625298,300;265094,800;246935,200;-1128073,000;265063,300;299382,000;565550,400;-13905,390;-240909,400;1188063,000;-233209,400;298350,200;578508,900
39,60;-0,959;2,243;4,348;-0,575;0,192;0,461;-0,048;0,007;-0,011;0,887;12,372;-233544,200;247095,700;-1140898,000;-13653,140;-302111,900;-624874,900;265051,200;247069,300;-1128778,000;265026,400;299468,500;565845,500;-13655,390;-241119,300;1187855,000;-233513,500;298487,700;578489,900
39,62;-0,970;2,246;4,357;-0,551;0,146;0,442;-0,022;-0,004;-0,008;0,887;12,372;-234282,500;247394,800;-1141500,000;-13089,070;-302268,700;-623924,200;264946,400;247394,000;-1130138,000;264904,400;299738,400;566578,300;-13084,380;-241601,500;1187449,000;-234227,600;298781,200;578446,700
39,64;-0,970;2,246;4,357;-0,551;0,146;0,442;-0,022;-0,004;-0,008;0,887;12,372;-239992,700;249257,800;-1145483,000;-8660,599;-303345,600;-616619,100;264132,000;249367,300;-1139680,000;264090,100;301305,800;572607,300;-8655,790;-244814,200;1184000,000;-239937,800;300739,500;578503,400
39,66;-0,970;2,246;4,357;-0,551;0,146;0,442;-0,022;-0,004;-0,008;0,887;12,372;-240645,100;249421,100;-1145892,000;-8162,688;-303428,200;-615835,700;264038,100;249530,600;-1140718,000;263996,100;301447,600;573338,800;-8157,987;-245120,400;1183558,000;-240590,100;300913,100;578566,000
39,68;-0,970;2,246;4,357;-0,551;0,146;0,442;-0,022;-0,004;-0,008;0,887;12,372;-241052,800;249517,800;-1146143,000;-7852,366;-303475,800;-615351,300;263979,300;249626,400;-1141361,000;263937,300;301532,600;573800,200;-7847,562;-245305,800;1183278,000;-240997,800;301016,500;578610,700
39,70;-0,992;2,249;4,374;-0,534;0,075;0,424;-0,018;-0,005;-0,020;0,887;12,372;-241954,200;249711,600;-1146762,000;-7176,431;-303552,500;-614307,800;263849,300;249808,500;-1142971,000;263786,600;301736,700;574835,800;-7161,806;-245694,600;1182548,000;-241879,100;301227,100;578735,300
39,72;-0,992;2,249;4,374;-0,534;0,075;0,424;-0,018;-0,005;-0,020;0,887;12,372;-248966,100;250603,300;-1150361,000;-1963,703;-303740,900;-606777,300;262822,600;250472,600;-1153207,000;262760,000;302635,800;583416,300;-1949,160;-247942,900;1176989,000;-248891,100;302230,400;580370,900
39,74;-1,013;2,250;4,391;-0,512;0,032;0,408;-0,020;-0,003;-0,020;0,887;12,372;-250198,300;250634,800;-1150943,000;-1065,699;-303666,500;-605574,300;262639,100;250427,700;-1155069,000;262568,700;302712,300;585029,200;-1048,677;-248182,800;1175777,000;-250112,800;302293,500;580797,100
39,76;-1,013;2,250;4,391;-0,512;0,032;0,408;-0,020;-0,003;-0,020;0,887;12,372;-256341,600;250309,700;-1153073,000;3327,487;-302923,800;-600128,900;261716,300;249578,700;-1162844,000;261645,800;302719,900;593445,600;3344,512;-248826,100;1169878,000;-256256,200;302070,600;583460,700
39,78;-1,013;2,250;4,391;-0,512;0,032;0,408;-0,020;-0,003;-0,020;0,887;12,372;-256919,100;250235,900;-1153233,000;3733,908;-302818,300;-599662,200;261628,600;249442,000;-1163527,000;261558,000;302690,900;594271,100;3751,006;-248835,500;1169284,000;-256833,700;302006,800;583758,800
39,80;-1,013;2,250;4,391;-0,512;0,032;0,408;-0,020;-0,003;-0,020;0,887;12,372;-257273,200;250187,000;-1153328,000;3982,527;-302750,300;-599380,000;261574,700;249353,500;-1163942,000;261504,200;302670,700;594780,300;3999,541;-248836,700;1168916,000;-257187,800;301964,200;583945,600
39,82;-1,033;2,250;4,408;-0,495;0,011;0,398;-0,017;-0,003;-0,009;0,887;12,372;-258283,400;250018,800;-1153619,000;4694,189;-302541,100;-598560,300;261419,500;249070,000;-1165282,000;261348,000;302598,200;596262,800;4705,167;-248805,600;1167695,000;-258201,100;301830,300;584515,500
39,84;-1,033;2,250;4,408;-0,495;0,011;0,398;-0,017;-0,003;-0,009;0,887;12,372;-264607,600;248521,600;-1154736,000;9041,806;-300809,500;-594177,700;260442,700;246657,400;-1172008,000;260371,200;301815,300;605843,100;9052,823;-248098,800;1160562,000;-264525,300;300452,800;588537,300
39,86;-1,043;2,249;4,416;-0,507;-0,016;0,416;-0,038;0,007;0,014;0,887;12,372;-265670,300;248173,900;-1154851,000;9767,985;-300417,300;-593525,100;260275,100;246118,600;-1173134,000;260219,600;301651,200;607530,400;9778,396;-247866,500;1159172,000;-265602,400;300141,000;589327,800
39,88;-1,043;2,249;4,416;-0,507;-0,016;0,416;-0,038;0,007;0,014;0,887;12,372;-272225,100;245536,600;-1155000,000;14118,920;-297704,500;-590138,100;259235,600;242153,800;-1178890,000;259180,300;300120,900;618297,600;14129,230;-245879,800;1150802,000;-272157,400;297649,500;594677,900
39,90;-1,043;2,249;4,416;-0,507;-0,016;0,416;-0,038;0,007;0,014;0,887;12,372;-272754,200;245283,000;-1154974,000;14464,480;-297450,800;-589908,300;259150,700;241778,300;-1179309,000;259095,400;299970,800;619197,600;14474,810;-245672,900;1150090,000;-272686,400;297408,900;595153,600
39,92;-1,065;2,247;4,433;-0,548;-0,052;0,412;-0,024;-0,012;0,001;0,887;12,372;-273083,600;245091,700;-1154941,000;14692,740;-297217,800;-589785,200;259098,600;241528,200;-1179712,000;259058,700;299767,900;619776,300;14668,220;-245521,500;1149388,000;-273047,200;297251,300;595479,100
39,94;-1,065;2,247;4,433;-0,548;-0,052;0,412;-0,024;-0,012;0,001;0,887;12,372;-279529,200;241438,800;-1154098,000;18828,450;-293638,300;-587593,900;258048,500;236181,400;-1184165,000;258008,700;297574,000;631171,500;18803,970;-242366,800;1140215,000;-279492,900;293770,900;601880,200
39,96;-1,065;2,247;4,433;-0,548;-0,052;0,412;-0,024;-0,012;0,001;0,887;12,372;-280168,400;241026,800;-1153968,000;19232,200;-293240,000;-587430,400;257943,000;235582,900;-1184549,000;257903,200;297324,300;632339,400;19207,650;-241998,500;1139261,000;-280131,900;293377,300;602568,300
39,98;-1,076;2,245;4,442;-0,580;-0,090;0,446;-0,033;0,000;0,039;0,887;12,372;-280516,600;240796,300;-1153877,000;19453,280;-292968,500;-587366,100;257884,200;235223,000;-1184814,000;257860,500;297313,800;633057,100;19438,890;-241779,600;1138593,000;-280489,500;293158,200;602975,100
40,00;-1,087;2,243;4,451;-0,559;-0,096;0,440;-0,018;-0,011;0,004;0,887;12,372;-286283,800;236609,500;-1152245,000;23017,900;-288969,400;-586420,400;256921,000;229195,700;-1187756,000;256867,700;294764,000;643899,600;23017,000;-237940,400;1129509,000;-286224,300;289165,800;609659,200
40,02;-1,087;2,243;4,451;-0,559;-0,096;0,440;-0,018;-0,011;0,004;0,887;12,372;-286759,600;236230,900;-1152080,000;23309,740;-288609,200;-586377,400;256840,400;228651,000;-1187959,000;256787,200;294531,600;644824,100;23308,750;-237586,800;1128735,000;-286700,100;288803,400;610247,700
40,04;-1,087;2,243;4,451;-0,559;-0,096;0,440;-0,018;-0,011;0,004;0,887;12,372;-287208,000;235869,300;-1151921,000;23584,190;-288265,600;-586341,800;256764,400;228131,000;-1188144,000;256711,100;294309,800;645698,300;23583,170;-237248,200;1128002,000;-287148,500;288457,600;610807,000
40,06;-1,098;2,240;4,460;-0,574;-0,143;0,445;-0,015;0,006;0,029;0,887;12,372;-287997,400;235207,900;-1151597,000;24076,280;-287622,600;-586303,800;256629,900;227166,300;-1188492,000;256586,600;294071,400;647268,300;24079,210;-236622,800;1126555,000;-287944,900;287825,400;611833,800
40,08;-1,098;2,240;4,460;-0,574;-0,143;0,445;-0,015;0,006;0,029;0,887;12,372;-293729,700;230067,600;-1149063,000;27526,420;-282764,100;-586419,100;255642,700;219806,500;-1190246,000;255599,300;290900,700;658844,800;27529,280;-231733,200;1116723,000;-293677,200;282905,200;619528,400
40,10;-1,110;2,236;4,469;-0,603;-0,208;0,445;-0,020;0,008;0,039;0,887;12,372;-294102,500;229697,100;-1148818,000;27756,110;-282382,400;-586464,800;255577,100;219275,400;-1190362,000;255551,300;290852,300;659594,300;27752,960;-231372,300;1115867,000;-294055,100;282556,200;620064,000
40,12;-1,122;2,232;4,477;-0,562;-0,179;0,411;-0,015;-0,010;0,015;0,887;12,372;-295176,100;228644,000;-1148223,000;28378,690;-281395,800;-586600,800;255388,400;217800,700;-1190578,000;255314,800;290058,800;661814,600;28377,040;-230348,800;1113844,000;-295110,900;281546,800;621591,300
40,14;-1,122;2,232;4,477;-0,562;-0,179;0,411;-0,015;-0,010;0,015;0,887;12,372;-301270,100;222103,000;-1144501,000;31933,750;-275249,500;-587911,600;254307,200;208503,800;-1191165,000;254233,700;285988,100;674956,300;31932,090;-223995,500;1102437,000;-301205,100;275282,800;630894,300
40,16;-1,122;2,232;4,477;-0,562;-0,179;0,411;-0,015;-0,010;0,015;0,887;12,372;-301815,500;221473,500;-1144126,000;32247,590;-274658,700;-588077,900;254209,100;207612,200;-1191165,000;254135,700;285594,900;676166,800;32245,940;-223380,200;1101376,000;-301750,400;274680,100;631772,100
40,18;-1,122;2,232;4,477;-0,562;-0,179;0,411;-0,015;-0,010;0,015;0,887;12,372;-302112,500;221127,600;-1143918,000;32418,240;-274334,200;-588171,800;254155,600;207122,200;-1191161,000;254082,200;285378,600;676828,700;32416,710;-223041,900;1100796,000;-302047,400;274348,800;632253,800
40,20;-1,143;2,223;4,493;-0,510;-0,186;0,380;-0,027;-0,015;-0,001;0,887;12,372;-302943,700;220142,300;-1143226,000;32885,180;-273389,200;-588471,000;254002,800;205727,700;-1191128,000;253921,100;284740,000;678667,700;32894,330;-222067,700;1098886,000;-302857,000;273388,800;633618,900
40,22;-1,143;2,223;4,493;-0,510;-0,186;0,380;-0,027;-0,015;-0,001;0,887;12,372;-308307,700;213378,500;-1138980,000;35920,200;-267044,100;-590742,000;253021,400;196188,300;-1190440,000;252939,700;280491,100;691032,300;35929,370;-215412,100;1087944,000;-308220,900;266910,900;642847,500
40,24;-1,143;2,223;4,493;-0,510;-0,186;0,380;-0,027;-0,015;-0,001;0,887;12,372;-308825,700;212685,700;-1138531,000;36209,860;-266394,100;-591005,400;252925,500;195214,400;-1190326,000;252843,800;280054,100;692258,200;36219,040;-214727,800;1086852,000;-308739,000;266247,300;643779,600
40,26;-1,143;2,223;4,493;-0,510;-0,186;0,380;-0,027;-0,015;-0,001;0,887;12,372;-309240,900;212125,100;-1138166,000;36441,640;-265868,100;-591222,400;252848,400;194426,700;-1190228,000;252766,700;279700,300;693245,200;36450,850;-214173,800;1085972,000;-309154,300;265710,300;644532,100
40,28;-1,143;2,223;4,493;-0,510;-0,186;0,380;-0,027;-0,015;-0,001;0,887;12,372;-309671,100;211539,400;-1137784,000;36681,380;-265318,600;-591452,500;252768,500;193604,300;-1190121,000;252686,800;279330,600;694271,600;36690,470;-213595,000;1085055,000;-309584,300;265149,500;645316,500
40,30;-1,163;2,214;4,508;-0,460;-0,220;0,341;-0,011;-0,011;-0,008;0,887;12,372;-310092,400;210944,300;-1137279,000;36913,980;-264756,200;-591696,300;252691,600;192767,900;-1189977,000;252603,100;278995,700;695306,700;36926,630;-213005,000;1083858,000;-310009,900;264563,800;646098,100
40,32;-1,163;2,214;4,508;-0,460;-0,220;0,341;-0,011;-0,011;-0,008;0,887;12,372;-315430,300;203171,400;-1132038,000;39848,850;-257456,300;-595116,100;251684,700;181902,700;-1188041,000;251596,200;274060,600;708459,300;39861,560;-205294,800;1072026,000;-315347,500;257118,300;656351,800
40,34;-1,163;2,214;4,508;-0,460;-0,220;0,341;-0,011;-0,011;-0,008;0,887;12,372;-315880,800;202478,100;-1131559,000;40093,840;-256804,500;-595446,100;251598,600;180937,600;-1187833,000;251510,100;273618,100;709600,600;40106,560;-204605,500;1070993,000;-315798,200;256453,900;657255,800
40,36;-1,163;2,214;4,508;-0,460;-0,220;0,341;-0,011;-0,011;-0,008;0,887;12,372;-316206,200;201973,800;-1131210,000;40270,520;-256330,300;-595688,700;251536,300;180235,800;-1187678,000;251448,000;273296,200;710427,800;40283,190;-204104,000;1070244,000;-316123,700;255970,900;657911,900
40,38;-1,172;2,208;4,515;-0,458;-0,292;0,329;-0,019;-0,002;0,003;0,887;12,372;-317060,300;200606,400;-1130186,000;40742,340;-255041,300;-596355,400;251373,800;178327,600;-1187214,000;251329,300;272527,900;712675,900;40749,990;-202751,700;1068077,000;-317002,000;254654,300;659674,000
40,40;-1,172;2,208;4,515;-0,458;-0,292;0,329;-0,019;-0,002;0,003;0,887;12,372;-322048,100;192330,800;-1124292,000;43413,380;-247247,000;-600678,500;250404,500;166880,800;-1184191,000;250360,000;267208,200;725816,800;43421,010;-194501,800;1056091,000;-321989,800;246723,800;670291,100
40,42;-1,172;2,208;4,515;-0,458;-0,292;0,329;-0,019;-0,002;0,003;0,887;12,372;-322514,100;191517,500;-1123701,000;43660,360;-246479,600;-601127,300;250312,800;165761,100;-1183861,000;250268,300;266682,500;727078,900;43667,960;-193689,500;1054933,000;-322455,800;245944,200;671324,100
40,44;-1,182;2,200;4,522;-0,481;-0,372;0,328;-0,040;-0,012;-0,006;0,887;12,372;-322792,300;191031,400;-1123228,000;43808,360;-245985,800;-601405,400;250256,100;165084,900;-1183601,000;250237,500;266379,100;727778,700;43805,200;-193207,000;1054001,000;-322749,700;245449,500;671908,600
40,46;-1,191;2,193;4,528;-0,429;-0,322;0,324;-0,025;-0,009;-0,021;0,887;12,372;-323423,400;189919,100;-1122334,000;44134,540;-244944,800;-602022,300;250131,200;163573,500;-1183080,000;250042,900;265537,800;729518,000;44141,870;-192083,200;1052272,000;-323362,700;244376,600;673337,800
40,48;-1,191;2,193;4,528;-0,429;-0,322;0,324;-0,025;-0,009;-0,021;0,887;12,372;-328279,500;180826,200;-1115567,000;46672,980;-236347,600;-607382,200;249160,000;151150,400;-1178902,000;249071,600;259609,900;743209,600;46680,200;-182989,300;1039633,000;-328218,800;235656,800;684730,800
40,50;-1,191;2,193;4,528;-0,429;-0,322;0,324;-0,025;-0,009;-0,021;0,887;12,372;-328703,400;179992,200;-1114936,000;46892,390;-235557,300;-607895,000;249074,100;150017,600;-1178489,000;248985,800;259062,500;744440,600;46899,680;-182154,200;1038492,000;-328642,700;234856,600;685766,400
40,52;-1,191;2,193;4,528;-0,429;-0,322;0,324;-0,025;-0,009;-0,021;0,887;12,372;-328998,100;179408,400;-1114494,000;47044,750;-235004,200;-608255,600;249014,400;149225,100;-1178198,000;248925,900;258679,100;745299,700;47052,020;-181569,800;1037695,000;-328937,300;234296,500;686490,400
40,54;-1,207;2,179;4,542;-0,383;-0,311;0,321;0,001;-0,012;-0,028;0,887;12,372;-329587,300;178214,100;-1113427,000;47340,770;-233905,600;-608977,900;248895,800;147612,000;-1177487,000;248799,200;257925,400;747037,500;47359,940;-180377,100;1035788,000;-329509,600;233158,400;687965,800
40,56;-1,207;2,179;4,542;-0,383;-0,311;0,321;0,001;-0,012;-0,028;0,887;12,372;-334218,900;168459,900;-1105890,000;49707,880;-224640,400;-615287,600;247942,900;134477,800;-1172224,000;247846,200;251462,000;761063,600;49727,000;-170600,400;1022706,000;-334141,300;223793,800;699934,800
40,58;-1,207;2,179;4,542;-0,383;-0,311;0,321;0,001;-0,012;-0,028;0,887;12,372;-334753,600;167276,000;-1104962,000;49978,570;-223513,400;-616079,900;247831,600;132894,500;-1171549,000;247735,000;250671,600;762735,400;49997,760;-169413,000;1021140,000;-334676,000;222656,700;701375,300
40,60;-1,207;2,179;4,542;-0,383;-0,311;0,321;0,001;-0,012;-0,028;0,887;12,372;-335007,100;166710,200;-1104517,000;50106,740;-222974,600;-616460,600;247778,700;132138,800;-1171224,000;247681,900;250293,400;763532,300;50125,930;-168845,500;1020394,000;-334929,400;222113,000;702062,900
40,62;-1,215;2,172;4,549;-0,382;-0,366;0,317;-0,020;-0,004;0,003;0,887;12,372;-335530,000;165516,000;-1103471,000;50368,250;-221808,900;-617292,700;247668,500;130518,500;-1170450,000;247621,500;249521,100;765223,700;50393,110;-167645,800;1018645,000;-335470,300;220951,400;703500,400
40,64;-1,222;2,165;4,555;-0,345;-0,326;0,308;0,011;-0,011;-0,006;0,887;12,372;-339951,600;155041,900;-1095018,000;52578,370;-211799,500;-624609,800;246733,000;116679,800;-1164011,000;246657,100;242484,800;779665,400;52602,770;-157119,800;1004896,000;-339889,300;210872,600;716122,900
40,66;-1,222;2,165;4,555;-0,345;-0,326;0,308;0,011;-0,011;-0,006;0,887;12,372;-340336,000;154083,800;-1094243,000;52769,080;-210883,000;-625296,400;246650,700;115421,700;-1163402,000;246574,800;241832,500;780966,900;52793,570;-156157,500;1003667,000;-340273,800;209950,800;717267,400
40,68;-1,222;2,165;4,555;-0,345;-0,326;0,308;0,011;-0,011;-0,006;0,887;12,372;-340605,100;153408,500;-1093695,000;52902,410;-210236,600;-625782,300;246593,000;114535,800;-1162970,000;246517,200;241372,200;781882,400;52926,870;-155479,300;1002801,000;-340542,900;209301,000;718073,600
40,70;-1,229;2,157;4,561;-0,352;-0,409;0,303;-0,024;0,004;-0,007;0,887;12,372;-341553,100;150976,300;-1091604,000;53370,110;-207903,700;-627547,800;246392,300;111326,400;-1161302,000;246349,800;239675,700;785180,000;53397,160;-153048,200;999521,300;-341511,900;206952,600;720962,300
40,72;-1,229;2,157;4,561;-0,352;-0,409;0,303;-0,024;0,004;-0,007;0,887;12,372;-345660,500;139913,400;-1082480,000;55382,860;-197280,000;-635788,600;245498,000;96983,610;-1153842,000;245455,400;232036,300;799877,300;55409,970;-141928,700;985568,100;-345619,200;196292,900;734037,400
40,74;-1,229;2,157;4,561;-0,352;-0,409;0,303;-0,024;0,004;-0,007;0,887;12,372;-346014,900;138908,900;-1081641,000;55555,220;-196313,200;-636553,800;245420,000;95692,530;-1153141,000;245377,400;231336,100;801193,600;55582,340;-140918,600;984314,600;-345973,700;195324,100;735216,400
40,76;-1,237;2,147;4,567;-0,382;-0,501;0,307;-0,078;0,001;-0,041;0,887;12,372;-346197,900;138416,700;-1081043,000;55635,550;-195795,300;-636941,500;245380,100;95035,550;-1152641,000;245360,900;230695,600;801834,000;55660,040;-140441,100;983421,200;-346162,600;194802,500;735761,800
40,78;-1,244;2,137;4,574;-0,343;-0,474;0,311;-0,009;-0,002;-0,028;0,887;12,372;-346665,000;137059,200;-1079789,000;55864,290;-194522,100;-637957,800;245274,200;93341,600;-1151589,000;245216,200;229971,300;803605,000;55886,460;-139067,400;981556,800;-346608,300;193488,900;737362,400
40,80;-1,244;2,137;4,574;-0,343;-0,474;0,311;-0,009;-0,002;-0,028;0,887;12,372;-350530,100;125294,700;-1069822,000;57725,480;-183162,500;-647180,900;244411,100;78413,890;-1143036,000;244353,100;221657,800;818751,600;57747,540;-127231,700;967077,600;-350473,200;182126,600;751050,000
40,82;-1,244;2,137;4,574;-0,343;-0,474;0,311;-0,009;-0,002;-0,028;0,887;12,372;-350838,000;124305,400;-1068975,000;57872,720;-182205,300;-647971,600;244341,700;77170,910;-1142297,000;244283,600;220951,500;820009,400;57894,760;-126236,100;965871,800;-350781,200;181170,400;752193,600
40,84;-1,244;2,137;4,574;-0,343;-0,474;0,311;-0,009;-0,002;-0,028;0,887;12,372;-351062,100;123580,500;-1068353,000;57979,750;-181503,400;-648552,500;244291,000;76261,230;-1141753,000;244233,000;220433,100;820929,900;58001,940;-125506,500;964989,300;-351005,200;180469,400;753030,800
40,86;-1,258;2,116;4,586;-0,318;-0,458;0,303;0,014;-0,002;-0,038;0,887;12,372;-351569,800;121891,300;-1066674,000;58212,100;-179919,900;-649890,100;244177,600;74157,900;-1140277,000;244107,300;219250,500;823027,800;58247,380;-123796,400;962613,100;-351496,300;178849,900;754979,200
40,88;-1,258;2,116;4,586;-0,318;-0,458;0,303;0,014;-0,002;-0,038;0,887;12,372;-354976,300;110076,500;-1056411,000;59826,380;-168448,200;-659574,600;243398,500;59520,190;-1131126,000;243328,100;210686,600;837812,100;59861,770;-111900,200;948393,600;-354902,900;167408,200;768522,800
40,90;-1,258;2,116;4,586;-0,318;-0,458;0,303;0,014;-0,002;-0,038;0,887;12,372;-355329,400;108780,400;-1055273,000;59992,640;-167186,900;-660655,000;243316,900;57931,070;-1130099,000;243246,600;209736,600;839416,100;60028,020;-110594,700;946847,300;-355256,000;166151,500;769999,800
40,92;-1,258;2,116;4,586;-0,318;-0,458;0,303;0,014;-0,002;-0,038;0,887;12,372;-355556,600;107938,400;-1054534,000;60099,530;-166367,200;-661358,800;243264,400;56900,450;-1129429,000;243194,100;209118,500;840456,300;60134,840;-109746,600;945843,900;-355483,100;165335,000;770958,400
40,94;-1,270;2,097;4,598;-0,278;-0,419;0,281;0,020;0,006;-0,017;0,887;12,372;-356184,500;105564,600;-1052200,000;60385,160;-164041,600;-663387,800;243119,100;53992,120;-1127306,000;243048,800;207338,900;843372,800;60432,930;-107349,600;942696,300;-356104,900;163012,000;773659,100
40,96;-1,270;2,097;4,598;-0,278;-0,419;0,281;0,020;0,006;-0,017;0,887;12,372;-359302,200;93013,170;-1041024,000;61840,570;-151784,000;-674106,500;242389,100;38861,230;-1117022,000;242318,700;197973,500;858657,800;61888,370;-94701,430;927911,700;-359222,600;150817,900;787836,200
40,98;-1,270;2,097;4,598;-0,278;-0,419;0,281;0,020;0,006;-0,017;0,887;12,372;-359580,300;91820,190;-1039952,000;61969,710;-150616,100;-675140,800;242323,400;37439,040;-1116025,000;242253,100;197072,300;860096,400;62017,520;-93498,660;926517,700;-359500,700;149657,100;789176,300
41,00;-1,270;2,097;4,598;-0,278;-0,419;0,281;0,020;0,006;-0,017;0,887;12,372;-359760,300;91041,100;-1039251,000;62053,160;-149853,600;-675817,300;242280,800;36512,330;-1115372,000;242210,600;196483,300;861033,900;62100,900;-92713,370;925608,600;-359680,600;148899,300;790050,400
41,02;-1,276;2,087;4,603;-0,279;-0,499;0,257;-0,046;-0,003;-0,023;0,887;12,372;-360190,600;89163,190;-1037398,000;62250,690;-147988,800;-677465,900;242176,000;34257,700;-1113635,000;242156,600;194754,000;863298,900;62289,510;-90832,410;923221,500;-360139,200;147041,100;792124,200
41,04;-1,281;2,078;4,608;-0,249;-0,463;0,250;0,011;-0,003;-0,007;0,887;12,372;-362937,000;76183,800;-1025450,000;63513,080;-135240,900;-688953,400;241519,600;19071,350;-1102388,000;241481,500;185024,500;878732,900;63556,710;-77744,700;908056,900;-362873,100;134374,800;806605,500
41,06;-1,281;2,078;4,608;-0,249;-0,463;0,250;0,011;-0,003;-0,007;0,887;12,372;-363176,000;74971,100;-1024336,000;63622,700;-134047,500;-690040,400;241462,000;17667,140;-1101329,000;241423,900;184080,400;880161,300;63666,330;-76521,440;906666,200;-363112,100;133191,000;807949,400
41,08;-1,281;2,078;4,608;-0,249;-0,463;0,250;0,011;-0,003;-0,007;0,887;12,372;-363382,500;73910,520;-1023361,000;63717,380;-133003,500;-690992,900;241412,200;16441,650;-1100401,000;241374,100;183252,800;881408,800;63761,060;-75451,530;905451,100;-363318,500;132155,400;809123,600
41,10;-1,286;2,066;4,613;-0,248;-0,575;0,239;-0,064;0,014;-0,018;0,887;12,372;-363712,700;72188,160;-1021601,000;63859,410;-131289,900;-692561,100;241335,700;14423,980;-1098710,000;241304,200;181662,000;883459,200;63916,100;-73707,450;903266,300;-363665,700;130469,200;811028,500
41,12;-1,286;2,066;4,613;-0,248;-0,575;0,239;-0,064;0,014;-0,018;0,887;12,372;-366004,000;59238,570;-1009559,000;64904,410;-118507,400;-704373,600;240778,300;-314,796;-1087142,000;240746,800;171391,000;898524,100;64961,020;-60638,550;888563,900;-365956,900;117800,400;825272,800
41,14;-1,286;2,066;4,613;-0,248;-0,575;0,239;-0,064;0,014;-0,018;0,887;12,372;-366206,800;57994,870;-1008393,000;64996,540;-117277,000;-705521,800;240728,700;-1713,092;-1086015,000;240697,200;170391,500;899958,800;65053,180;-59382,860;887161,500;-366159,800;116581,500;826633,900
41,16;-1,291;2,053;4,617;-0,243;-0,641;0,175;-0,114;0,008;-0,064;0,887;12,372;-366289,400;57484,730;-1007669,000;65037,000;-116744,700;-705996,100;240710,300;-2298,404;-1085314,000;240715,700;169821,300;900711,600;65076,890;-58889,600;886298,000;-366262,100;116055,200;827169,400
41,18;-1,296;2,041;4,621;-0,219;-0,543;0,153;-0,069;0,000;-0,068;0,887;12,372;-366826,900;54084,420;-1004328,000;65261,570;-113435,200;-709127,400;240578,200;-6079,144;-1082068,000;240551,100;167048,400;904673,700;65319,970;-55466,050;882301,900;-366743,900;112689,200;830923,800
41,20;-1,301;2,031;4,625;-0,093;-0,136;0,052;-0,042;-0,004;-0,057;0,887;12,372;-369151,200;37075,480;-988075,900;66298,300;-96675,360;-725107,600;240000,100;-24731,830;-1066188,000;239939,600;152550,300;924036,300;66387,810;-38258,270;863326,900;-369040,800;95972,840;849352,400
41,22;-1,301;2,031;4,625;-0,093;-0,136;0,052;-0,042;-0,004;-0,057;0,887;12,372;-370657,900;23234,830;-974680,300;66974,510;-82874,500;-738447,400;239623,300;-39520,980;-1052950,000;239562,800;140801,100;939492,800;67063,960;-24270,700;848132,200;-370547,700;82324,510;864194,100
41,24;-1,301;2,031;4,625;-0,093;-0,136;0,052;-0,042;-0,004;-0,057;0,887;12,372;-370796,700;21773,300;-973254,300;67036,640;-81414,300;-739870,900;239588,400;-41061,520;-1051534,000;239528,000;139542,200;941111,500;67126,220;-22793,270;846538,600;-370686,500;80880,910;865752,900
41,26;-1,301;2,031;4,625;-0,093;-0,136;0,052;-0,042;-0,004;-0,057;0,887;12,372;-370870,600;20979,410;-972478,900;67069,660;-80620,650;-740645,300;239569,800;-41896,870;-1050763,000;239509,400;138856,500;941990,100;67159,170;-21990,630;845673,600;-370760,300;80096,190;866599,500
41,28;-1,299;2,024;4,620;0,049;-0,243;-0,154;-0,126;-0,024;-0,028;0,887;12,372;-371035,000;18844,850;-969849,300;67225,510;-78145,560;-742807,800;239522,400;-44145,920;-1048138,000;239543,700;136540,500;944985,000;67212,130;-19815,570;843464,100;-371058,500;77986,600;868843,000
41,30;-1,299;2,024;4,620;0,049;-0,243;-0,154;-0,126;-0,024;-0,028;0,887;12,372;-372040,800;5520,619;-956706,100;67674,450;-64796,170;-755970,500;239268,400;-57921,820;-1035009,000;239289,700;124815,500;959575,800;67661,110;-6342,081;829073,100;-372064,100;64792,380;882950,700
41,32;-1,299;2,024;4,620;0,049;-0,243;-0,154;-0,126;-0,024;-0,028;0,887;12,372;-372128,000;4121,727;-955316,100;67713,340;-63392,160;-757365,300;239246,300;-59349,140;-1033616,000;239267,600;123566,900;961095,600;67699,930;-4927,294;827572,100;-372151,400;63404,890;884424,200
41,34;-1,299;2,024;4,620;0,049;-0,243;-0,154;-0,126;-0,024;-0,028;0,887;12,372;-372171,400;3403,959;-954602,000;67732,670;-62671,450;-758082,000;239235,300;-60080,110;-1032900,000;239256,600;122924,800;961874,800;67719,340;-4201,325;826802,500;-372194,800;62692,720;885180,000
41,36;-1,295;2,009;4,613;0,103;-0,367;-0,212;-0,083;-0,008;-0,044;0,887;12,372;-372305,900;805,174;-951667,300;67804,040;-60013,540;-760725,100;239196,200;-62908,630;-1029945,000;239213,200;120497,500;965007,500;67789,790;-1546,396;823971,800;-372338,200;60065,000;887970,500
41,38;-1,295;2,009;4,613;0,103;-0,367;-0,212;-0,083;-0,008;-0,044;0,887;12,372;-372883,300;-12708,680;-938092,300;68060,910;-46413,390;-774384,900;239049,600;-76426,700;-1016263,000;239066,500;108164,600;979522,100;68046,630;12124,920;809610,300;-372915,500;46626,540;902099,100
41,40;-1,295;2,009;4,613;0,103;-0,367;-0,212;-0,083;-0,008;-0,044;0,887;12,372;-372918,500;-13887,790;-936899,100;68076,520;-45224,380;-775587,600;239040,600;-77591,050;-1015057,000;239057,600;107072,500;980779,100;68062,250;13318,110;808365,100;-372950,600;45451,820;903325,800
41,42;-1,295;2,009;4,613;0,103;-0,367;-0,212;-0,083;-0,008;-0,044;0,887;12,372;-372944,900;-14837,520;-935937,300;68088,300;-44266,860;-776557,300;239033,900;-78526,840;-1014084,000;239050,900;106191,400;981789,900;68073,970;14278,950;807363,400;-372977,100;44505,710;904312,900
41,44;-1,292;2,004;4,609;0,171;-0,266;-0,215;-0,040;-0,016;0,047;0,887;12,372;-373003,000;-17166,160;-933369,300;68110,240;-41910,480;-778921,000;238999,200;-81189,340;-1011336,000;239055,300;104018,800;984469,400;68098,500;16631,960;804935,400;-373040,500;42151,890;906969,400
41,46;-1,292;2,004;4,609;0,171;-0,266;-0,215;-0,040;-0,016;0,047;0,887;12,372;-373147,400;-30691,300;-919544,300;68174,370;-28241,130;-792889,400;238962,400;-94286,470;-997294,900;239018,500;91218,980;998718,100;68162,590;30319,040;790792,100;-373184,900;28645,660;920932,600
41,48;-1,287;2,003;4,605;0,191;-0,113;-0,222;0,049;-0,004;0,149;0,887;12,372;-373135,200;-31889,790;-918007,700;68169,850;-27013,740;-794115,400;238957,800;-95679,530;-995698,000;239016,100;90042,740;1000264,000;68157,640;31537,150;789564,900;-373179,800;27449,790;922490,100
41,50;-1,287;2,003;4,605;0,191;-0,113;-0,222;0,049;-0,004;0,149;0,887;12,372;-373131,700;-32660,910;-917213,100;68168,300;-26232,850;-794919,900;238958,700;-96414,880;-994888,200;239017,100;89300,130;1001069,000;68156,180;32317,540;788765,000;-373176,200;26678,130;923281,600
41,52;-1,283;2,005;4,600;0,196;0,031;-0,256;0,115;0,016;0,175;0,887;12,372;-373108,900;-34992,340;-914639,800;68164,730;-23853,490;-797402,900;238989,000;-98604,450;-992374,000;238989,800;87022,180;1003637,000;68151,870;34690,570;786298,400;-373149,600;24373,820;925833,900
41,54;-1,283;2,005;4,600;0,196;0,031;-0,256;0,115;0,016;0,175;0,887;12,372;-372796,800;-49098,850;-899968,000;68026,040;-9537,830;-812282,900;239068,400;-111821,000;-977365,900;239069,200;73163,400;1018196,000;68013,200;48967,840;771796,900;-372837,500;10226,310;940206,600
41,56;-1,283;2,005;4,600;0,196;0,031;-0,256;0,115;0,016;0,175;0,887;12,372;-372751,100;-50374,120;-898632,300;68005,740;-8241,884;-813639,300;239080,000;-112999,400;-975995,800;239080,900;71891,230;1019501,000;67992,810;50258,380;770495,600;-372791,800;8945,402;941498,400
41,58;-1,277;2,008;4,593;0,293;0,065;-0,322;0,116;-0,002;0,216;0,887;12,372;-372714,100;-51307,370;-897452,400;67982,230;-7323,592;-814601,400;239087,400;-113893,100;-974840,600;239108,100;70903,670;1020668,000;67966,630;51186,430;769573,900;-372764,900;8029,131;942632,200
41,60;-1,269;2,011;4,585;0,347;0,114;-0,384;0,133;0,009;0,221;0,887;12,372;-372632,000;-53220,610;-895316,500;67948,770;-5378,753;-816664,000;239121,300;-115581,700;-972726,800;239115,800;68962,240;1022744,000;67933,520;53131,490;767608,800;-372682,600;6117,320;944690,100
41,62;-1,269;2,011;4,585;0,347;0,114;-0,384;0,133;0,009;0,221;0,887;12,372;-371856,500;-67257,880;-880465,400;67603,390;8921,921;-831779,300;239318,000;-128310,200;-957431,900;239312,600;54644,820;1036918,000;67588,070;67336,940;753436,500;-371907,100;-8020,795;958797,800
41,64;-1,269;2,011;4,585;0,347;0,114;-0,384;0,133;0,009;0,221;0,887;12,372;-371757,700;-68684,300;-878945,400;67559,320;10377,400;-833328,500;239342,900;-129586,200;-955862,100;239337,500;53167,170;1038344,000;67544,000;68780,170;752007,800;-371808,300;-9459,900;960222,800
41,66;-1,269;2,011;4,585;0,347;0,114;-0,384;0,133;0,009;0,221;0,887;12,372;-371696,500;-69540,950;-878031,700;67532,050;11252,030;-834260,500;239358,400;-130351,000;-954917,900;239353,000;52277,250;1039199,000;67516,660;69647,120;751150,600;-371747,100;-10324,820;961078,200
41,68;-1,248;2,015;4,565;0,520;0,071;-0,537;0,116;-0,003;0,244;0,887;12,372;-371551,600;-71460,320;-875767,100;67465,180;13197,950;-836343,600;239395,600;-132022,500;-952483,900;239402,600;50290,190;1041448,000;67448,650;71591,450;749246,900;-371602,600;-12259,680;963304,900
41,70;-1,248;2,015;4,565;0,520;0,071;-0,537;0,116;-0,003;0,244;0,887;12,372;-370272,000;-85761,270;-860374,700;66892,920;27822,620;-852066,800;239717,600;-144573,300;-936522,000;239724,500;35139,700;1055541,000;66876,380;86057,950;735090,400;-370323,200;-26725,590;977470,100
41,72;-1,248;2,015;4,565;0,520;0,071;-0,537;0,116;-0,003;0,244;0,887;12,372;-370137,200;-87057,040;-858970,100;66832,490;29149,600;-853503,900;239751,400;-145695,200;-935061,000;239758,300;33745,240;1056804,000;66815,840;87368,410;733818,900;-370188,300;-28038,490;978745,300
41,74;-1,221;2,018;4,539;0,672;0,022;-0,643;0,096;0,028;0,204;0,887;12,372;-370046,800;-87853,420;-858143,900;66801,520;29927,290;-854366,500;239793,000;-146379,900;-933812,800;239802,900;32769,550;1057936,000;66675,770;88346,740;733125,800;-370079,400;-28849,590;979820,200
41,76;-1,221;2,018;4,539;0,672;0,022;-0,643;0,096;0,028;0,204;0,887;12,372;-368397,600;-101547,600;-843179,900;66060,060;43976,000;-869703,500;240204,100;-158062,900;-918196,200;240214,000;17772,550;1071115,000;65934,310;102190,600;719824,900;-368430,300;-42753,280;993201,500
41,78;-1,221;2,018;4,539;0,672;0,022;-0,643;0,096;0,028;0,204;0,887;12,372;-368193,400;-103058,800;-841516,800;65967,980;45528,260;-871410,500;240254,700;-159335,300;-916455,300;240264,700;16092,100;1072552,000;65842,150;103717,800;718370,900;-368226,000;-44290,030;994668,300
41,80;-1,221;2,018;4,539;0,672;0,022;-0,643;0,096;0,028;0,204;0,887;12,372;-368050,400;-104097,500;-840372,300;65903,460;46595,820;-872585,800;240290,200;-160208,200;-915256,600;240300,100;14933,870;1073538,000;65777,700;104767,500;717373,000;-368083,000;-45346,870;995675,600
41,82;-1,187;2,018;4,517;0,851;0,025;-0,507;0,082;0,089;0,131;0,887;12,372;-367670,600;-106925,500;-837265,100;65704,910;49488,250;-875782,800;240399,000;-162577,300;-911592,900;240382,000;12591,380;1076588,000;65553,780;108111,500;714518,100;-367660,000;-48219,970;998699,700
41,84;-1,187;2,018;4,517;0,851;0,025;-0,507;0,082;0,089;0,131;0,887;12,372;-365347,500;-121490,400;-821050,800;64651,270;64485,040;-892474,900;240969,400;-174591,700;-894528,400;240952,500;-4007,229;1090150,000;64500,190;122818,600;700731,800;-365336,900;-63073,380;1012682,000
41,86;-1,187;2,018;4,517;0,851;0,025;-0,507;0,082;0,089;0,131;0,887;12,372;-365144,900;-122644,500;-819756,300;64558,990;65675,150;-893810,300;241018,800;-175531,200;-893161,300;241001,900;-5343,275;1091209,000;64408,030;123983,300;699651,600;-365134,300;-64252,270;1013782,000
41,88;-1,168;2,019;4,508;0,966;0,097;-0,458;-0,003;0,118;0,079;0,887;12,372;-365053,800;-123155,400;-819185,400;64508,120;66223,760;-894527,300;241028,300;-176084,300;-892207,600;241029,900;-5917,119;1091895,000;64384,840;124703,300;699125,000;-365029,800;-64819,090;1014496,000
41,90;-1,168;2,019;4,508;0,966;0,097;-0,458;-0,003;0,118;0,079;0,887;12,372;-362437,800;-136724,200;-803845,600;63311,000;80234,520;-910384,100;241661,100;-186982,800;-875937,900;241662,600;-21878,850;1104141,000;63187,820;138386,700;686583,600;-362413,800;-78704,970;1027320,000
41,92;-1,147;2,024;4,500;1,027;0,262;-0,372;0,034;0,144;0,058;0,887;12,372;-362237,700;-137604,800;-802838,100;63222,390;81175,710;-911703,900;241712,000;-187790,600;-874522,200;241704,800;-22974,510;1105180,000;63105,250;139474,400;685752,400;-362217,100;-79634,050;1028421,000
41,94;-1,126;2,030;4,495;1,042;0,315;-0,245;0,125;0,170;0,074;0,887;12,372;-362051,400;-138480,500;-801821,700;63144,420;82051,660;-912876,900;241778,100;-188323,800;-873465,100;241747,800;-24048,330;1106034,000;63036,250;140354,500;685116,400;-362038,700;-80470,050;1029323,000
41,96;-1,126;2,030;4,495;1,042;0,315;-0,245;0,125;0,170;0,074;0,887;12,372;-359287,600;-150708,700;-787788,900;61866,820;94710,130;-927447,600;242435,600;-197906,700;-858457,100;242405,100;-38861,050;1116698,000;61758,780;152666,500;674100,100;-359274,800;-93023,960;1040696,000
41,98;-1,126;2,030;4,495;1,042;0,315;-0,245;0,125;0,170;0,074;0,887;12,372;-358979,300;-151984,800;-786314,300;61723,570;96032,450;-928982,000;242508,400;-198896,000;-856873,400;242478,000;-40427,230;1117792,000;61615,470;153950,300;672964,900;-358966,500;-94335,980;1041874,000
42,00;-1,126;2,030;4,495;1,042;0,315;-0,245;0,125;0,170;0,074;0,887;12,372;-358776,000;-152817,200;-785351,400;61629,060;96895,360;-929984,500;242556,300;-199540,100;-855838,600;242526,000;-41450,870;1118504,000;61520,860;154787,600;672226,100;-358763,200;-95192,090;1042642,000
42,02;-1,085;2,046;4,490;1,019;0,350;-0,031;0,283;0,182;0,181;0,887;12,372;-358462,600;-154116,600;-783849,600;61476,520;98232,260;-931880,000;242635,800;-200054,800;-854315,600;242591,400;-43031,660;1119828,000;61421,570;156333,200;671161,900;-358454,200;-96512,740;1044068,000
42,04;-1,085;2,046;4,490;1,019;0,350;-0,031;0,283;0,182;0,181;0,887;12,372;-355068,900;-166944,400;-768878,400;59887,310;111545,100;-947514,300;243426,600;-209850,700;-838133,400;243382,000;-59057,640;1130531,000;59832,340;169221,000;659972,900;-355060,500;-109726,000;1055772,000
42,06;-1,085;2,046;4,490;1,019;0,350;-0,031;0,283;0,182;0,181;0,887;12,372;-354782,400;-167960,400;-767683,600;59752,330;112600,700;-948765,300;243492,800;-210618,200;-836835,500;243448,300;-60343,290;1131360,000;59697,330;170240,700;659100,100;-354773,900;-110774,000;1056691,000
42,08;-1,085;2,046;4,490;1,019;0,350;-0,031;0,283;0,182;0,181;0,887;12,372;-354616,900;-168542,700;-766998,300;59674,340;113205,700;-949483,100;243530,900;-211057,500;-836090,600;243486,400;-61081,460;1131834,000;59619,320;170825,100;658600,900;-354608,500;-111374,700;1057217,000
42,10;-1,044;2,057;4,490;0,985;0,185;0,087;0,261;0,208;0,112;0,887;12,372;-353940,700;-170902,000;-764245,300;59356,500;115614,900;-952723,900;243660,300;-212453,600;-833107,600;243641,600;-64101,930;1133945,000;59317,380;173486,000;656577,600;-353916,900;-113793,000;1059566,000
42,12;-1,044;2,057;4,490;0,985;0,185;0,087;0,261;0,208;0,112;0,887;12,372;-350263,900;-182841,400;-750051,900;57607,540;128035,100;-967651,900;244496,400;-221339,000;-817564,600;244477,800;-79480,550;1143362,000;57568,470;185449,000;646569,500;-350240,300;-126130,800;1070220,000
42,14;-1,044;2,057;4,490;0,985;0,185;0,087;0,261;0,208;0,112;0,887;12,372;-349860,700;-184076,900;-748571,900;57414,390;129321,200;-969213,400;244587,100;-222249,200;-815934,400;244568,400;-81090,440;1144311,000;57375,230;186685,200;645552,700;-349837,000;-127408,800;1071311,000
42,16;-1,044;2,057;4,490;0,985;0,185;0,087;0,261;0,208;0,112;0,887;12,372;-349644,200;-184734,500;-747783,300;57310,610;130006,000;-970046,000;244635,800;-222733,000;-815064,800;244617,200;-81948,980;1144815,000;57271,480;187343,100;645012,900;-349620,500;-128089,300;1071892,000
42,18;-1,027;2,064;4,493;0,820;0,393;0,147;0,087;0,095;0,137;0,887;12,372;-348937,900;-186497,700;-745576,600;56972,670;131881,800;-972546,900;244665,600;-224010,800;-812556,300;244726,600;-84226,550;1146308,000;57010,340;189238,800;643592,900;-349035,600;-129931,100;1073615,000
42,20;-1,027;2,064;4,493;0,820;0,393;0,147;0,087;0,095;0,137;0,887;12,372;-345200,900;-197109,300;-732731,100;55164,840;142940,500;-986166,300;245494,400;-231730,000;-798283,600;245555,500;-98263,160;1154151,000;55202,600;199839,300;635086,300;-345298,700;-140926,100;1082865,000
42,22;-1,015;2,076;4,494;0,559;0,609;0,069;-0,016;0,109;0,108;0,887;12,372;-344449,200;-198231,900;-731234,200;54968,530;144161,100;-987968,900;245548,900;-232510,700;-796587,400;245645,700;-99802,190;1155140,000;55002,590;201059,300;634239,100;-344862,600;-142117,500;1084049,000
42,24;-1,015;2,076;4,494;0,559;0,609;0,069;-0,016;0,109;0,108;0,887;12,372;-344138,100;-199062,100;-730220,100;54816,710;145026,800;-989048,600;245617,100;-233108,400;-795451,800;245713,900;-100913,400;1155732,000;54850,860;201887,100;633589,800;-344551,400;-142978,600;1084764,000
42,26;-1,009;2,089;4,497;0,303;0,634;0,127;-0,009;0,090;-0,036;0,887;12,372;-343724,500;-200254,000;-728724,200;54609,990;146263,900;-990798,600;245758,500;-233927,200;-793797,300;245807,600;-102640,100;1156680,000;54621,820;203048,500;632598,000;-344085,900;-144265,900;1085923,000
42,28;-1,009;2,089;4,497;0,303;0,634;0,127;-0,009;0,090;-0,036;0,887;12,372;-339500,500;-210836,500;-715673,600;52528,880;157306,500;-1004765,000;246671,200;-241468,300;-779053,900;246720,400;-116971,400;1163909,000;52540,760;213585,200;624545,400;-339862,100;-155255,400;1094913,000
42,30;-1,009;2,089;4,497;0,303;0,634;0,127;-0,009;0,090;-0,036;0,887;12,372;-339135,600;-211705,400;-714593,400;52347,640;158213,300;-1005926,000;246749,200;-242082,600;-777824,100;246798,400;-118158,900;1164480,000;52359,360;214449,200;623900,100;-339496,900;-156158,500;1095642,000
42,32;-1,009;2,089;4,497;0,303;0,634;0,127;-0,009;0,090;-0,036;0,887;12,372;-338891,800;-212282,000;-713875,800;52226,460;158815,400;-1006698,000;246801,200;-242489,700;-777006,300;246850,400;-118947,700;1164858,000;52238,390;215022,300;623473,600;-339253,300;-156757,700;1096126,000
42,34;-1,010;2,117;4,505;-0,117;0,639;0,265;-0,020;0,051;-0,173;0,887;12,372;-338534,300;-213832,700;-712068,300;51918,070;160374,400;-1009040,000;247008,100;-243568,200;-774832,500;247002,900;-121022,500;1165999,000;51889,570;216282,700;622429,900;-338597,200;-158363,000;1097610,000
42,36;-1,010;2,117;4,505;-0,117;0,639;0,265;-0,020;0,051;-0,173;0,887;12,372;-334234,000;-223385,900;-700056,300;49757,080;170348,800;-1022037,000;247912,600;-250250,600;-760999,200;247907,400;-134229,600;1171917,000;49728,570;225761,500;615599,200;-334297,000;-168302,000;1105497,000
42,38;-1,010;2,117;4,505;-0,117;0,639;0,265;-0,020;0,051;-0,173;0,887;12,372;-333826,600;-224248,300;-698962,900;49550,640;171249,300;-1023225,000;247997,300;-250849,600;-759729,200;247992,000;-135431,000;1172427,000;49522,140;226615,900;615000,200;-333889,600;-169199,900;1106200,000
42,40;-1,010;2,117;4,505;-0,117;0,639;0,265;-0,020;0,051;-0,173;0,887;12,372;-333550,300;-224829,200;-698225,500;49410,460;171855,800;-1024028,000;248054,700;-251252,700;-758871,700;248049,400;-136241,200;1172768,000;49381,890;227191,400;614598,400;-333613,300;-169804,700;1106673,000
42,42;-1,014;2,130;4,513;-0,189;0,640;0,350;-0,076;0,030;-0,131;0,887;12,372;-332903,800;-226308,500;-696363,100;49030,910;173455,200;-1026299,000;248211,400;-252328,400;-756595,100;248212,700;-138269,700;1173726,000;48997,540;228600,900;613502,000;-332886,400;-171341,200;1107993,000
42,44;-1,019;2,142;4,521;-0,255;0,598;0,451;-0,002;0,069;-0,177;0,887;12,372;-328284,900;-235424,700;-684684,900;46667,050;182971,200;-1039254,000;249204,100;-258608,300;-742841,700;249171,400;-151147,400;1178752,000;46629,780;237486,600;607471,300;-328253,900;-180832,700;1115361,000
42,46;-1,019;2,142;4,521;-0,255;0,598;0,451;-0,002;0,069;-0,177;0,887;12,372;-327848,800;-236243,600;-683623,900;46441,040;183825,500;-1040423,000;249292,200;-259167,800;-741579,600;249259,500;-152307,500;1179171,000;46403,830;238294,900;606949,000;-327817,800;-181686,000;1116005,000
42,48;-1,019;2,142;4,521;-0,255;0,598;0,451;-0,002;0,069;-0,177;0,887;12,372;-327538,500;-236821,800;-682873,800;46280,020;184428,700;-1041251,000;249354,900;-259562,700;-740685,500;249322,100;-153127,800;1179464,000;46242,820;238865,700;606582,300;-327507,400;-182288,900;1116459,000
42,50;-1,026;2,155;4,532;-0,295;0,616;0,518;-0,022;0,048;-0,120;0,887;12,372;-326730,100;-238350,500;-680875,600;45841,410;186052,500;-1043645,000;249517,200;-260591,700;-738322,200;249482,600;-155243,800;1180291,000;45803,800;240323,400;605558,200;-326682,400;-183861,600;1117745,000
42,52;-1,026;2,155;4,532;-0,295;0,616;0,518;-0,022;0,048;-0,120;0,887;12,372;-321933,100;-246726,300;-669872,300;43320,130;194783,800;-1055898,000;250470,300;-266267,200;-725013,300;250435,700;-167215,700;1184125,000;43282,570;248575,300;600536,600;-321885,600;-192597,400;1124184,000
42,54;-1,026;2,155;4,532;-0,295;0,616;0,518;-0,022;0,048;-0,120;0,887;12,372;-321420,800;-247576,800;-668743,600;43048,160;195669,600;-1057164,000;250570,800;-266840,100;-723631,600;250536,200;-168438,300;1184481,000;43010,470;249412,200;600050,800;-321373,400;-193484,900;1124827,000
42,56;-1,033;2,168;4,543;-0,359;0,639;0,563;-0,027;0,031;-0,072;0,887;12,372;-321235,100;-247873,600;-668311,600;42938,430;195988,900;-1057881,000;250593,100;-267032,400;-723088,300;250568,700;-168866,400;1184678,000;42935,230;249685,900;599984,600;-321188,800;-193794,800;1125195,000
42,58;-1,042;2,179;4,556;-0,428;0,586;0,645;0,014;0,046;-0,126;0,887;12,372;-320453,000;-249151,200;-666652,600;42541,190;197250,700;-1059870,000;250777,900;-267850,000;-721122,800;250722,900;-170732,300;1185212,000;42535,390;250812,000;599247,400;-320424,000;-195101,700;1126200,000
42,60;-1,042;2,179;4,556;-0,428;0,586;0,645;0,014;0,046;-0,126;0,887;12,372;-315348,600;-257025,700;-656043,600;39791,110;205435,300;-1071905,000;251763,000;-273116,700;-707887,900;251708,000;-182130,000;1188005,000;39785,270;258546,300;595102,300;-315319,600;-203319,700;1131984,000
42,62;-1,042;2,179;4,556;-0,428;0,586;0,645;0,014;0,046;-0,126;0,887;12,372;-314797,300;-257831,500;-654945,300;39490,840;206271,400;-1073162,000;251868,100;-273652,700;-706497,800;251813,100;-183301,700;1188251,000;39484,980;259336,800;594706,600;-314768,300;-204160,900;1132563,000
42,64;-1,042;2,179;4,556;-0,428;0,586;0,645;0,014;0,046;-0,126;0,887;12,372;-314479,100;-258292,600;-654315,700;39317,270;206749,700;-1073884,000;251928,600;-273959,300;-705698,900;251873,600;-183972,900;1188388,000;39311,390;259789,200;594482,600;-314450,100;-204642,300;1132893,000
42,66;-1,063;2,199;4,584;-0,514;0,412;0,733;0,040;0,018;-0,179;0,887;12,372;-313808,000;-259277,500;-653124,800;38886,840;207730,800;-1075598,000;252150,000;-274579,500;-704145,700;252089,700;-185359,100;1188725,000;38918,640;260587,200;593913,100;-313781,600;-205628,000;1133789,000
42,68;-1,063;2,199;4,584;-0,514;0,412;0,733;0,040;0,018;-0,179;0,887;12,372;-307174,700;-268133,300;-640795,000;35213,420;216886,100;-1089936,000;253378,100;-280429,800;-688137,600;253317,900;-198325,800;1190636,000;35245,170;269266,000;590129,800;-307148,100;-214879,000;1139891,000
42,70;-1,085;2,215;4,612;-0,562;0,336;0,655;0,056;0,060;-0,120;0,887;12,372;-306405,500;-269231,100;-639283,100;34768,520;217988,000;-1091940,000;253518,700;-281157,000;-686290,900;253477,800;-199799,700;1190799,000;34793,630;270170,800;589814,300;-306311,700;-215970,000;1140693,000
42,72;-1,085;2,215;4,612;-0,562;0,336;0,655;0,056;0,060;-0,120;0,887;12,372;-300885,600;-275623,300;-630071,400;31624,840;224539,100;-1102951,000;254511,100;-285338,800;-673793,200;254470,200;-209236,900;1191164,000;31649,820;276432,900;587800,900;-300791,900;-222648,000;1144780,000
42,74;-1,085;2,215;4,612;-0,562;0,336;0,655;0,056;0,060;-0,120;0,887;12,372;-300165,500;-276403,300;-628927,800;31209,510;225334,500;-1104337,000;254638,900;-285847,200;-672207,200;254598,000;-210392,500;1191145,000;31234,540;277197,600;587600,500;-300071,700;-223463,100;1145259,000
42,76;-1,085;2,215;4,612;-0,562;0,336;0,655;0,056;0,060;-0,120;0,887;12,372;-299687,300;-276914,600;-628175,500;30933,030;225855,300;-1105251,000;254723,600;-286180,100;-671159,800;254682,800;-211150,400;1191123,000;30958,050;277698,800;587475,500;-299593,500;-223997,400;1145570,000
42,78;-1,097;2,221;4,623;-0,585;0,321;0,545;-0,006;0,051;-0,030;0,887;12,372;-299115,900;-277539,400;-627260,400;30596,960;226490,300;-1106516,000;254795,600;-286637,100;-669998,400;254774,800;-211985,600;1191081,000;30628,460;278304,200;587323,200;-299024,500;-224621,100;1145993,000
42,80;-1,097;2,221;4,623;-0,585;0,321;0,545;-0,006;0,051;-0,030;0,887;12,372;-293358,800;-283194,200;-618746,600;27216,100;232202,400;-1117058,000;255799,900;-290303,800;-657794,500;255779,000;-220398,000;1190200,000;27247,600;283859,200;586394,400;-293267,300;-230529,700;1149238,000
42,82;-1,109;2,227;4,632;-0,595;0,305;0,434;-0,051;0,050;-0,007;0,887;12,372;-292866,800;-283578,400;-618132,400;26938,640;232597,800;-1118058,000;255865,100;-290596,700;-656896,400;255853,500;-221012,500;1190061,000;26968,690;284308,200;586341,900;-292813,400;-230937,400;1149519,000
42,84;-1,109;2,227;4,632;-0,595;0,305;0,434;-0,051;0,050;-0,007;0,887;12,372;-292340,500;-284051,300;-617401,900;26624,760;233070,700;-1118981,000;255955,600;-290902,000;-655816,500;255943,900;-221718,600;1189926,000;26654,720;284774,000;586307,800;-292287,100;-231431,600;1149772,000
42,86;-1,121;2,232;4,639;-0,594;0,248;0,358;-0,011;0,072;-0,053;0,887;12,372;-291728,900;-284574,500;-616627,200;26281,440;233553,700;-1120103,000;256061,100;-291279,000;-654588,800;256047,200;-222519,000;1189754,000;26304,910;285246,300;586281,100;-291708,000;-231980,000;1150077,000
42,88;-1,121;2,232;4,639;-0,594;0,248;0,358;-0,011;0,072;-0,053;0,887;12,372;-285651,900;-289506,900;-608768,600;22596,230;238419,000;-1130273,000;257089,900;-294449,800;-642539,800;257076,000;-229917,800;1187545,000;22619,730;290131,300;586490,400;-285631,100;-237137,100;1152474,000
42,90;-1,121;2,232;4,639;-0,594;0,248;0,358;-0,011;0,072;-0,053;0,887;12,372;-285058,600;-289945,500;-608048,300;22231,260;238845,400;-1131227,000;257189,000;-294730,500;-641397,400;257175,200;-230578,600;1187277,000;22254,740;290568,300;586559,800;-285037,800;-237595,900;1152666,000
42,92;-1,134;2,236;4,645;-0,611;0,223;0,305;-0,055;0,055;-0,029;0,887;12,372;-284721,300;-290180,700;-607674,100;22016,620;239069,900;-1131893,000;257233,500;-294857,100;-640775,600;257226,000;-230909,200;1187080,000;22041,400;290801,500;586608,600;-284710,800;-237841,000;1152792,000
42,94;-1,146;2,239;4,650;-0,608;0,154;0,258;-0,033;0,077;-0,083;0,887;12,372;-283698,700;-290926,600;-606491,100;21390,120;239759,500;-1133578,000;257409,900;-295321,700;-638824,500;257401,400;-232023,300;1186564,000;21412,260;291475,800;586755,600;-283692,600;-238601,000;1153109,000
42,96;-1,146;2,239;4,650;-0,608;0,154;0,258;-0,033;0,077;-0,083;0,887;12,372;-277508,000;-294855,700;-599686,100;17500,510;243466,500;-1142934,000;258425,900;-297819,700;-627416,100;258417,400;-237993,700;1182984,000;17522,610;295442,900;588211,300;-277501,900;-242717,400;1154477,000
42,98;-1,146;2,239;4,650;-0,608;0,154;0,258;-0,033;0,077;-0,083;0,887;12,372;-276922,600;-295184,700;-599089,400;17127,220;243768,300;-1143780,000;258520,800;-298027,800;-626370,400;258512,300;-238497,900;1182595,000;17149,320;295779,600;588396,800;-276916,600;-243062,800;1154566,000
43,00;-1,146;2,239;4,650;-0,608;0,154;0,258;-0,033;0,077;-0,083;0,887;12,372;-276507,200;-295414,100;-598670,600;16861,710;243977,500;-1144376,000;258588,000;-298172,500;-625631,900;258579,400;-238849,700;1182314,000;16883,700;296014,800;588532,800;-276501,100;-243303,500;1154624,000
43,02;-1,170;2,244;4,662;-0,569;0,118;0,285;-0,076;0,008;-0,047;0,887;12,372;-275735,700;-295796,600;-597959,800;16346,030;244339,200;-1145667,000;258775,900;-298442,300;-624244,100;258703,300;-239477,800;1181677,000;16384,330;296439,900;588775,600;-275725,300;-243726,000;1154747,000
43,04;-1,170;2,244;4,662;-0,569;0,118;0,285;-0,076;0,008;-0,047;0,887;12,372;-269913,200;-298512,000;-592640,200;12556,690;246692,000;-1153570,000;259704,300;-300138,000;-614282,600;259631,800;-243704,400;1177147,000;12595,030;299291,700;591238,800;-269902,800;-246586,200;1155086,000
43,06;-1,170;2,244;4,662;-0,569;0,118;0,285;-0,076;0,008;-0,047;0,887;12,372;-269317,000;-298749,400;-592140,600;12163,040;246885,500;-1154342,000;259798,200;-300284,700;-613294,100;259725,600;-244080,300;1176635,000;12201,350;299548,000;591535,900;-269306,500;-246837,200;1155082,000
43,08;-1,170;2,244;4,662;-0,569;0,118;0,285;-0,076;0,008;-0,047;0,887;12,372;-268977,300;-298881,400;-591859,400;11938,290;246992,000;-1154779,000;259851,700;-300365,800;-612733,900;259779,100;-244289,800;1176340,000;11976,620;299690,900;591708,800;-268967,000;-246976,900;1155076,000
43,10;-1,191;2,249;4,676;-0,517;0,112;0,366;-0,039;-0,032;-0,028;0,887;12,372;-268067,500;-299181,200;-591135,300;11338,090;247245,000;-1156095,000;259985,400;-300574,500;-611228,600;259925,100;-244815,800;1175425,000;11349,080;300052,100;592184,600;-268058,900;-247332,600;1155041,000
43,12;-1,191;2,249;4,676;-0,517;0,112;0,366;-0,039;-0,032;-0,028;0,887;12,372;-262074,900;-300973,200;-586771,800;7295,333;248490,100;-1163310,000;260914,800;-301646,400;-601762,500;260854,500;-247769,000;1169601,000;7306,237;302110,900;595819,200;-262066,200;-249248,300;1154433,000
43,14;-1,191;2,249;4,676;-0,517;0,112;0,366;-0,039;-0,032;-0,028;0,887;12,372;-261452,200;-301115,300;-586367,500;6868,736;248567,400;-1164019,000;261010,200;-301728,000;-600813,500;260949,900;-248015,500;1168945,000;6879,601;302286,900;596244,800;-261443,500;-249402,300;1154328,000
43,16;-1,191;2,249;4,676;-0,517;0,112;0,366;-0,039;-0,032;-0,028;0,887;12,372;-261103,500;-301191,200;-586145,100;6629,310;248606,500;-1164413,000;261063,600;-301771,200;-600285,000;261003,400;-248148,400;1168574,000;6640,221;302382,300;596486,900;-261094,800;-249485,000;1154266,000
43,18;-1,201;2,251;4,684;-0,512;0,121;0,395;-0,026;-0,040;0,019;0,887;12,372;-260236,800;-301347,800;-585608,000;6017,200;248687,000;-1165509,000;261188,000;-301846,900;-598923,600;261138,500;-248430,500;1167513,000;6000,760;302624,000;597141,400;-260197,100;-249670,000;1154074,000
43,20;-1,201;2,251;4,684;-0,512;0,121;0,395;-0,026;-0,040;0,019;0,887;12,372;-254298,100;-302110,100;-582411,900;1859,207;248718,100;-1171726,000;262084,500;-302218,200;-590344,800;262035,100;-249979,100;1160598,000;1842,679;303800,400;601834,300;-254258,400;-250537,800;1152515,000
43,22;-1,201;2,251;4,684;-0,512;0,121;0,395;-0,026;-0,040;0,019;0,887;12,372;-253764,400;-302140,900;-582166,800;1479,788;248675,600;-1172249,000;262164,200;-302225,500;-589604,300;262114,900;-250067,600;1159935,000;1463,284;303874,300;602296,400;-253724,800;-250577,500;1152340,000
43,24;-1,212;2,253;4,693;-0,532;0,118;0,475;-0,024;-0,032;0,036;0,887;12,372;-253564,900;-302092,400;-582123,900;1342,669;248636,400;-1172551,000;262180,500;-302198,800;-589282,000;262148,700;-250078,300;1159543,000;1296,991;303916,100;602509,100;-253521,400;-250560,300;1152231,000
43,26;-1,223;2,254;4,704;-0,533;0,074;0,546;0,003;-0,015;-0,012;0,887;12,372;-252241,800;-302131,800;-581552,100;419,296;248470,200;-1173852,000;262382,900;-302192,700;-587514,700;262346,000;-250257,900;1157811,000;375,896;304048,600;603676,400;-252221,400;-250624,900;1151752,000
43,28;-1,223;2,254;4,704;-0,533;0,074;0,546;0,003;-0,015;-0,012;0,887;12,372;-246263,900;-301817,900;-579541,500;-3934,062;247204,900;-1179106,000;263261,500;-301812,200;-579750,600;263224,600;-250389,000;1149663,000;-3977,375;304332,400;609541,700;-246243,500;-250407,500;1149175,000
43,30;-1,223;2,254;4,704;-0,533;0,074;0,546;0,003;-0,015;-0,012;0,887;12,372;-245680,500;-301743,700;-579393,900;-4365,843;247029,000;-1179579,000;263346,300;-301744,100;-579028,400;263309,500;-250345,700;1148820,000;-4409,138;304324,500;610159,500;-245660,100;-250342,800;1148883,000
43,32;-1,234;2,256;4,716;-0,564;0,063;0,626;0,014;-0,016;0,010;0,887;12,372;-245403,400;-301687,300;-579331,800;-4586,127;246929,600;-1179889,000;263383,900;-301688,100;-578658,100;263347,400;-250306,100;1148258,000;-4629,954;304311,300;610493,800;-245368,100;-250297,400;1148683,000
43,34;-1,245;2,256;4,730;-0,557;0,022;0,665;0,039;0,002;-0,019;0,887;12,372;-244518,500;-301570,100;-579118,200;-5244,359;246634,600;-1180631,000;263524,700;-301546,800;-577621,200;263479,200;-250204,500;1146866,000;-5275,482;304273,800;611446,300;-244480,100;-250180,000;1148190,000
43,36;-1,245;2,256;4,730;-0,557;0,022;0,665;0,039;0,002;-0,019;0,887;12,372;-238109,500;-300034,400;-578302,300;-10103,080;243828,700;-1185139,000;264442,800;-300276,500;-570288,200;264397,300;-248813,500;1136846,000;-10134,250;303600,000;618977,400;-238071,200;-248747,100;1144317,000
43,38;-1,245;2,256;4,730;-0,557;0,022;0,665;0,039;0,002;-0,019;0,887;12,372;-237558,300;-299856,600;-578283,200;-10528,340;243531,700;-1185484,000;264520,900;-300133,600;-569696,100;264475,500;-248636,600;1135936,000;-10559,540;303505,200;619672,000;-237519,900;-248578,400;1143942,000
43,40;-1,268;2,255;4,757;-0,561;-0,032;0,702;0,050;0,012;-0,018;0,887;12,372;-237401,600;-299817,900;-578255,800;-10669,360;243433,100;-1185688,000;264557,300;-300036,400;-569556,300;264497,300;-248559,900;1135393,000;-10676,450;303468,300;619898,500;-237343,100;-248513,000;1143719,000
43,42;-1,268;2,255;4,757;-0,561;-0,032;0,702;0,050;0,012;-0,018;0,887;12,372;-231077,100;-297191,300;-578691,300;-15643,790;239315,700;-1189080,000;265443,500;-297956,500;-563266,400;265383,600;-245813,700;1124341,000;-15650,940;301910,800;628464,200;-231018,500;-245995,400;1138874,000
43,44;-1,268;2,255;4,757;-0,561;-0,032;0,702;0,050;0,012;-0,018;0,887;12,372;-230493,100;-296898,200;-578788,000;-16111,330;238873,900;-1189345,000;265524,500;-297725,700;-562730,100;265464,500;-245498,700;1123268,000;-16118,350;301726,500;629306,300;-230434,600;-245712,600;1138380,000
43,46;-1,279;2,254;4,771;-0,570;-0,064;0,700;0,033;0,004;-0,002;0,887;12,372;-230156,300;-296715,200;-578848,800;-16396,180;238598,200;-1189538,000;265571,400;-297559,300;-562422,500;265506,900;-245309,300;1122466,000;-16397,950;301607,300;629835,600;-230087,800;-245526,300;1138007,000
43,48;-1,290;2,252;4,785;-0,549;-0,075;0,658;0,050;0,017;-0,017;0,887;12,372;-224111,800;-293102,900;-580503,100;-21335,840;233296,100;-1191721,000;266384,600;-294681,000;-557437,200;266338,500;-241310,800;1110637,000;-21323,130;299224,000;639143,800;-224040,400;-242010,800;1132296,000
43,50;-1,290;2,252;4,785;-0,549;-0,075;0,658;0,050;0,017;-0,017;0,887;12,372;-223649,000;-292783,900;-580676,300;-21720,430;232840,800;-1191846,000;266447,400;-294430,300;-557089,300;266401,300;-240958,800;1109698,000;-21707,770;299009,200;639898,300;-223577,500;-241701,300;1131825,000
43,52;-1,302;2,250;4,797;-0,559;-0,111;0,615;0,033;0,021;-0,015;0,887;12,372;-223261,600;-292518,500;-580826,900;-22042,570;232450,300;-1191970,000;266482,700;-294194,800;-556828,800;266449,800;-240675,000;1108756,000;-22029,650;298813,900;640554,300;-223193,800;-241429,600;1131348,000
43,54;-1,302;2,250;4,797;-0,559;-0,111;0,615;0,033;0,021;-0,015;0,887;12,372;-217048,300;-287573,100;-583886,300;-27311,900;225537,500;-1193007,000;267317,800;-290292,900;-552768,400;267284,900;-235184,600;1095479,000;-27298,940;295406,700;651342,300;-216980,500;-236626,000;1124417,000
43,56;-1,325;2,243;4,820;-0,581;-0,162;0,567;0,016;0,015;-0,009;0,887;12,372;-216475,200;-287048,700;-584256,300;-27804,040;224823,800;-1193052,000;267405,200;-289879,800;-552452,300;267359,700;-234573,600;1093862,000;-27781,410;295038,600;652372,900;-216419,000;-236122,500;1123548,000
43,58;-1,325;2,243;4,820;-0,581;-0,162;0,567;0,016;0,015;-0,009;0,887;12,372;-210875,500;-281489,100;-588233,100;-32727,300;217266,800;-1192895,000;268144,200;-285448,100;-549831,900;268098,800;-228375,000;1080786,000;-32704,630;291094,700;663190,300;-210819,400;-230712,300;1116286,000
43,60;-1,325;2,243;4,820;-0,581;-0,162;0,567;0,016;0,015;-0,009;0,887;12,372;-210334,800;-280900,100;-588674,600;-33210,850;216474,600;-1192827,000;268214,900;-284975,500;-549629,400;268169,500;-227718,200;1079471,000;-33188,140;290672,400;664286,800;-210278,600;-230138,600;1115537,000
43,62;-1,349;2,234;4,841;-0,583;-0,192;0,503;0,015;0,017;-0,010;0,887;12,372;-210011,000;-280550,500;-588967,100;-33504,870;215977,400;-1192766,000;268249,900;-284687,000;-549558,400;268212,400;-227302,300;1078376,000;-33481,280;290404,200;664950,100;-209951,500;-229777,100;1114910,000
43,64;-1,349;2,234;4,841;-0,583;-0,192;0,503;0,015;0,017;-0,010;0,887;12,372;-204608,400;-274049,800;-594054,600;-38429,180;207332,700;-1191473,000;268950,600;-279433,400;-548136,900;268913,100;-220062,700;1064621,000;-38405,600;285695,100;676512,300;-204548,900;-223445,100;1106853,000
43,66;-1,349;2,234;4,841;-0,583;-0,192;0,503;0,015;0,017;-0,010;0,887;12,372;-204103,200;-273390,100;-594587,000;-38897,360;206463,500;-1191300,000;269015,600;-278896,700;-548055,300;268978,200;-219329,200;1063283,000;-38873,860;285213,400;677644,400;-204043,700;-222802,600;1106052,000
43,68;-1,349;2,234;4,841;-0,583;-0,192;0,503;0,015;0,017;-0,010;0,887;12,372;-203807,500;-272999,800;-594903,300;-39172,040;205949,800;-1191194,000;269053,600;-278578,700;-548011,900;269016,300;-218895,300;1062496,000;-39148,390;284928,100;678311,400;-203748,000;-222422,300;1105579,000
43,70;-1,361;2,229;4,851;-0,592;-0,264;0,449;-0,012;0,026;-0,052;0,887;12,372;-203090,900;-272059,600;-595689,600;-39839,560;204679,900;-1190907,000;269122,300;-277827,000;-547942,300;269105,000;-217874,300;1060391,000;-39825,100;284187,200;679967,500;-203035,300;-221482,500;1104307,000
43,72;-1,361;2,229;4,851;-0,592;-0,264;0,449;-0,012;0,026;-0,052;0,887;12,372;-197968,500;-264632,500;-601894,600;-44693,440;195002,400;-1188398,000;269775,000;-271720,800;-547863,100;269757,600;-209639,700;1046085,000;-44679,100;278708,700;692180,200;-197912,700;-214244,000;1095492,000
43,74;-1,374;2,222;4,859;-0,608;-0,349;0,429;-0,040;0,033;-0,065;0,887;12,372;-197595,900;-264077,500;-602387,800;-45032,640;194290,500;-1188136,000;269811,200;-271281,400;-547924,400;269804,600;-209035,200;1044798,000;-45021,810;278266,300;693096,800;-197560,100;-213700,600;1094683,000
43,76;-1,374;2,222;4,859;-0,608;-0,349;0,429;-0,040;0,033;-0,065;0,887;12,372;-197341,900;-263678,200;-602729,300;-45277,680;193774,600;-1187979,000;269843,400;-270950,100;-547952,400;269836,700;-208593,600;1044058,000;-45266,930;277969,400;693733,400;-197306,200;-213311,300;1094217,000
43,78;-1,385;2,215;4,867;-0,574;-0,305;0,382;-0,044;0,019;-0,018;0,887;12,372;-196139,000;-261756,500;-604400,600;-46436,460;191306,600;-1187152,000;270035,000;-269386,100;-548086,000;269988,200;-206404,100;1040367,000;-46416,430;276567,900;696722,800;-196114,600;-211436,000;1091884,000
43,80;-1,385;2,215;4,867;-0,574;-0,305;0,382;-0,044;0,019;-0,018;0,887;12,372;-191480,200;-253698,300;-611457,500;-51029,300;181005,800;-1183532,000;270618,500;-262632,500;-549360,800;270571,700;-197526,300;1026049,000;-51009,330;270525,900;709122,300;-191455,900;-203578,000;1082641,000
43,82;-1,385;2,215;4,867;-0,574;-0,305;0,382;-0,044;0,019;-0,018;0,887;12,372;-191036,900;-252880,900;-612183,600;-51472,920;179968,200;-1183135,000;270673,700;-261942,300;-549535,300;270627,000;-196627,900;1024635,000;-51452,810;269909,300;710352,500;-191012,500;-202780,600;1081713,000
43,84;-1,397;2,208;4,875;-0,568;-0,354;0,411;-0,038;-0,007;-0,037;0,887;12,372;-190850,200;-252508,900;-612519,600;-51662,280;179509,000;-1182898,000;270717,700;-261667,300;-549556,500;270645,900;-196290,800;1023809,000;-51650,920;269633,300;710890,500;-190830,300;-202437,600;1081171,000
43,86;-1,407;2,202;4,884;-0,519;-0,282;0,414;-0,003;-0,017;-0,005;0,887;12,372;-190111,000;-251096,000;-613802,100;-52418,520;177716,300;-1182154,000;270813,200;-260461,000;-549905,800;270745,100;-194672,600;1021241,000;-52409,790;268583,100;712967,900;-190077,500;-201061,100;1079476,000
43,88;-1,407;2,202;4,884;-0,519;-0,282;0,414;-0,003;-0,017;-0,005;0,887;12,372;-185218,000;-241176,900;-622780,100;-57424,250;165262,100;-1176844,000;271416,800;-251987,500;-552785,100;271348,600;-183819,300;1004734,000;-57415,520;261033,900;727440,900;-185184,500;-191381,900;1068386,000
43,90;-1,407;2,202;4,884;-0,519;-0,282;0,414;-0,003;-0,017;-0,005;0,887;12,372;-184859,700;-240401,300;-623490,300;-57796,560;164295,300;-1176404,000;271460,700;-251319,500;-553049,000;271392,600;-182972,900;1003475,000;-57787,840;260439,800;728550,200;-184826,300;-190624,800;1067526,000
43,92;-1,427;2,189;4,901;-0,468;-0,283;0,430;0,013;-0,032;-0,007;0,887;12,372;-184734,000;-240075,000;-623765,300;-57940,790;163901,200;-1176102,000;271472,100;-251033,700;-553186,000;271412,100;-182626,200;1002614,000;-57941,390;260186,000;728995,100;-184680,700;-190316,800;1066937,000
43,94;-1,427;2,189;4,901;-0,468;-0,283;0,430;0,013;-0,032;-0,007;0,887;12,372;-180376,000;-229980,400;-633106,900;-62541,210;151424,900;-1170060,000;272003,100;-242265,300;-557106,000;271943,100;-171648,500;986632,800;-62541,740;252403,000;743147,200;-180322,900;-180458,700;1055850,000
43,96;-1,427;2,189;4,901;-0,468;-0,283;0,430;0,013;-0,032;-0,007;0,887;12,372;-180005,500;-229068,300;-633958,400;-62937,990;150305,600;-1169490,000;272048,000;-241466,800;-557497,800;271988,000;-170659,200;985218,900;-62938,460;251695,400;744404,800;-179952,300;-179567,300;1054855,000
43,98;-1,445;2,176;4,918;-0,411;-0,284;0,406;0,018;-0,030;-0,007;0,887;12,372;-179744,200;-228417,000;-634588,400;-63222,320;149483,700;-1168940,000;272071,300;-240861,400;-557826,900;272021,300;-169926,800;983860,600;-63225,680;251156,600;745326,100;-179682,500;-178905,100;1053898,000
44,00;-1,445;2,176;4,918;-0,411;-0,284;0,406;0,018;-0,030;-0,007;0,887;12,372;-175797,100;-218019,800;-644379,300;-67514,700;136836,100;-1162157,000;272546,900;-231682,900;-562741,500;272496,900;-158687,500;968103,100;-67518,040;243034,800;759406,900;-175735,500;-168741,700;1042641,000
44,02;-1,445;2,176;4,918;-0,411;-0,284;0,406;0,018;-0,030;-0,007;0,887;12,372;-175389,100;-216879,900;-645460,100;-67964,330;135459,600;-1161387,000;272595,800;-230669,300;-563320,700;272545,800;-157458,600;966407,400;-67967,750;242139,000;760928,100;-175327,400;-167627,000;1041414,000
44,04;-1,453;2,168;4,926;-0,399;-0,380;0,390;0,008;-0,017;-0,063;0,887;12,372;-175006,300;-215834,600;-646464,600;-68374,550;134177,800;-1160585,000;272617,200;-229723,400;-563868,800;272588,100;-156392,200;964642,600;-68380,860;241264,600;762373,500;-174954,900;-166590,500;1040132,000
44,06;-1,460;2,161;4,933;-0,370;-0,327;0,355;0,010;-0,015;-0,009;0,887;12,372;-170914,900;-203473,200;-658294,300;-72966,100;119402,000;-1151817,000;273118,800;-218614,000;-570712,900;273077,800;-143034,000;946517,100;-72967,680;231469,900;778568,800;-170859,700;-154479,600;1026799,000
44,08;-1,468;2,153;4,940;-0,362;-0,432;0,337;0,001;-0,004;-0,056;0,887;12,372;-170439,400;-201963,600;-659760,900;-73498,480;117597,700;-1150615,000;273160,200;-217241,500;-571601,500;273131,200;-141468,700;944145,600;-73501,050;230224,100;780561,600;-170392,800;-152991,000;1025030,000
44,10;-1,468;2,153;4,940;-0,362;-0,432;0,337;0,001;-0,004;-0,056;0,887;12,372;-167066,100;-190374,500;-670966,100;-77380,810;103979,000;-1141984,000;273558,400;-206682,800;-578765,400;273529,500;-129088,000;927883,100;-77383,510;220910,000;795340,500;-167019,500;-141634,600;1012753,000
44,12;-1,468;2,153;4,940;-0,362;-0,432;0,337;0,001;-0,004;-0,056;0,887;12,372;-166767,600;-189286,500;-672022,700;-77728,340;102710,600;-1141155,000;273593,600;-205685,100;-579467,900;273564,500;-127928,500;926378,800;-77731,040;220030,000;796712,000;-166721,000;-140567,600;1011605,000
44,14;-1,468;2,153;4,940;-0,362;-0,432;0,337;0,001;-0,004;-0,056;0,887;12,372;-166533,800;-188426,600;-672858,400;-78001,050;101708,700;-1140497,000;273621,100;-204895,800;-580026,700;273592,000;-127012,300;925192,400;-78003,630;219333,700;797794,400;-166487,300;-139724,300;1010698,000
44,16;-1,483;2,132;4,954;-0,367;-0,473;0,324;-0,013;-0,006;-0,013;0,887;12,372;-166109,600;-186658,800;-674391,200;-78451,060;99594,020;-1138930,000;273561,400;-203321,200;-581152,100;273531,000;-125032,800;922231,200;-78444,290;217861,000;800060,800;-166080,200;-137982,400;1008276,000
44,18;-1,483;2,132;4,954;-0,367;-0,473;0,324;-0,013;-0,006;-0,013;0,887;12,372;-163072,400;-174563,200;-686202,200;-82042,950;85647,220;-1129420,000;273913,500;-192128,300;-589419,800;273883,200;-112184,800;905847,800;-82036,210;207986,300;815071,000;-163042,900;-126108,800;995563,100
44,20;-1,483;2,132;4,954;-0,367;-0,473;0,324;-0,013;-0,006;-0,013;0,887;12,372;-163000,900;-173432,600;-686739,400;-82008,380;84015,050;-1128734,000;273553,500;-191059,300;-590148,700;273523,100;-110913,600;904180,800;-82001,550;207249,900;816755,700;-162971,500;-124917,500;993736,300
44,22;-1,483;2,132;4,954;-0,367;-0,473;0,324;-0,013;-0,006;-0,013;0,887;12,372;-162845,100;-172764,900;-687393,300;-82194,890;83250,840;-1128197,000;273571,000;-190437,100;-590623,500;273540,500;-110205,900;903289,600;-82188,070;206701,400;817575,100;-162815,800;-124261,200;993035,600
44,24;-1,498;2,110;4,967;-0,363;-0,463;0,320;0,017;-0,017;0,014;0,887;12,372;-247162,700;-171717,200;-749018,300;-7208,500;117906,200;-1060592,000;270373,500;-170525,100;-745169,100;270343,500;-120563,900;1043305,000;-7200,214;173696,000;758106,600;-247135,000;-119513,000;1048931,000
44,26;-1,498;2,110;4,967;-0,363;-0,463;0,320;0,017;-0,017;0,014;0,887;12,372;-246962,000;-159471,500;-763400,800;-7488,099;105454,800;-1049341,000;270634,300;-158195,300;-759244,600;270604,300;-108182,600;1032110,000;-7479,877;161477,100;772128,000;-246934,300;-107051,100;1038049,000
44,28;-1,498;2,110;4,967;-0,363;-0,463;0,320;0,017;-0,017;0,014;0,887;12,372;-246939,400;-158003,200;-765114,300;-7519,561;103962,400;-1047983,000;270663,700;-156717,300;-760923,900;270633,700;-106698,100;1030759,000;-7511,250;160011,800;773801,200;-246911,700;-105557,100;1036733,000
44,30;-1,501;2,096;4,971;-0,115;-0,746;0,226;0,149;0,046;-0,277;0,887;12,372;-252910,400;-154103,900;-760716,800;1421,950;99585,560;-1047161,000;262301,500;-154284,200;-767418,700;262270,500;-102707,700;1031275,000;1461,323;157117,800;779926,200;-253141,800;-103472,800;1026211,000
44,32;-1,501;2,085;4,972;0,044;-0,555;0,091;0,231;0,107;-0,126;0,887;12,372;-252571,800;-141759,000;-774607,800;1302,229;86803,750;-1035617,000;262390,000;-142223,500;-780115,500;262405,200;-90172,670;1019826,000;1397,970;144802,900;793943,200;-252945,100;-91020,740;1014765,000
44,34;-1,501;2,085;4,972;0,044;-0,555;0,091;0,231;0,107;-0,126;0,887;12,372;-252571,800;-140626,900;-775888,100;1302,224;85658,300;-1034565,000;262390,000;-141093,800;-781393,700;262405,200;-89031,670;1018780,000;1397,848;143681,600;795215,300;-252945,100;-89881,230;1013722,000
44,36;-1,501;2,085;4,972;0,044;-0,555;0,091;0,231;0,107;-0,126;0,887;12,372;-252571,800;-139450,000;-777217,800;1302,219;84467,530;-1033469,000;262390,000;-139919,600;-782721,100;262405,200;-87845,590;1017693,000;1397,848;142515,900;796536,600;-252945,100;-88696,780;1012636,000
44,38;-1,498;2,077;4,973;0,127;-0,429;0,122;0,359;0,087;0,024;0,887;12,372;-252432,900;-135523,000;-781707,100;1060,683;80549,700;-1029695,000;262424,300;-135809,600;-786421,100;262433,700;-83954,910;1013922,000;1272,632;138631,300;800969,600;-252678,000;-84739,620;1008869,000
44,40;-1,498;2,077;4,973;0,127;-0,429;0,122;0,359;0,087;0,024;0,887;12,372;-252432,800;-123887,000;-794744,100;1060,622;68785,650;-1018759,000;262424,400;-124197,800;-799438,900;262433,800;-72229,410;1003056,000;1272,632;127098,400;813934,800;-252678,000;-73027,670;998024,000
44,42;-1,498;2,077;4,973;0,127;-0,429;0,122;0,359;0,087;0,024;0,887;12,372;-252432,800;-122590,200;-796189,600;1060,616;67475,170;-1017533,000;262424,400;-122903,600;-800882,400;262433,800;-70922,620;1001837,000;1272,632;125812,400;815373,000;-252678,000;-71722,100;996807,400
44,44;-1,495;2,068;4,976;0,185;-0,484;0,215;0,385;0,099;0,107;0,887;12,372;-252168,500;-121930,700;-796857,900;707,653;66915,000;-1016706,000;262429,600;-121935,400;-801473,100;262450,700;-70326,800;1001000,000;1176,749;125159,300;816175,400;-252292,200;-71081,320;995980,300
44,46;-1,491;2,061;4,982;0,154;-0,413;0,339;0,380;0,091;0,100;0,887;12,372;-252238,500;-118589,200;-800564,800;232,350;63521,120;-1013348,000;262423,700;-118390,400;-805343,300;262440,600;-66896,340;997668,300;1159,732;121853,500;819913,400;-251793,600;-67702,760;992662,400
44,48;-1,491;2,061;4,982;0,154;-0,413;0,339;0,380;0,091;0,100;0,887;12,372;-252238,400;-105918,200;-814557,800;232,293;50730,410;-1001246,000;262423,700;-105742,300;-819320,100;262440,600;-54135,470;985633,300;1159,609;109281,100;833846,900;-251793,500;-54952,720;980646,800
44,50;-1,491;2,061;4,982;0,154;-0,413;0,339;0,380;0,091;0,100;0,887;12,372;-252238,400;-104419,100;-816203,800;232,287;49218,340;-999805,200;262423,700;-104245,900;-820964,100;262440,600;-52626,240;984199,900;1159,609;107792,800;835486,600;-251793,500;-53444,700;979215,700
44,52;-1,491;2,061;4,982;0,154;-0,413;0,339;0,380;0,091;0,100;0,887;12,372;-252238,400;-103481,000;-817232,700;232,284;48272,070;-998902,600;262423,700;-103309,300;-821992,100;262440,600;-51681,820;983302,100;1159,609;106861,500;836511,900;-251793,500;-52500,920;978319,000
44,54;-1,479;2,046;4,971;0,325;-0,321;-0,399;0,416;0,056;0,093;0,887;12,372;-251778,100;-100567,500;-820456,800;-92,851;45265,770;-995710,800;262460,600;-100420,500;-825325,600;262390,000;-48641,890;980131,200;754,277;103931,700;839843,300;-251546,200;-49520,970;975147,300
44,56;-1,479;2,046;4,971;0,325;-0,321;-0,399;0,416;0,056;0,093;0,887;12,372;-251778,000;-88389,090;-833705,100;-92,896;32996,410;-983894,300;262460,600;-88260,730;-838562,900;262390,000;-36389,920;968369,900;754,277;91834,300;853052,200;-251546,200;-37275,750;963401,800
44,58;-1,479;2,046;4,971;0,325;-0,321;-0,399;0,416;0,056;0,093;0,887;12,372;-251778,000;-87099,850;-835099,800;-92,900;31698,640;-982636,300;262460,600;-86973,330;-839956,500;262390,000;-35093,500;967117,400;754,277;90552,960;854443,400;-251546,200;-35979,860;962150,600
44,60;-1,479;2,046;4,971;0,325;-0,321;-0,399;0,416;0,056;0,093;0,887;12,372;-251778,000;-86237,180;-836032,000;-92,903;30830,570;-981794,000;262460,600;-86112,090;-840888,000;262390,000;-34226,390;966278,800;754,277;89695,980;855373,100;-251546,200;-35113,290;961313,300
44,62;-1,470;2,040;4,957;0,413;-0,324;-0,636;0,365;-0,029;0,092;0,887;12,372;-251655,700;-83270,510;-839236,000;-93,337;27878,310;-978743,100;262440,400;-83430,550;-844033,600;262386,300;-31352,520;963236,200;461,319;86758,700;858620,100;-251593,400;-32151,080;958269,600
44,64;-1,460;2,037;4,942;0,458;-0,195;-0,732;0,324;-0,157;0,079;0,887;12,372;-251580,500;-71720,100;-851633,400;-87,277;16288,380;-967246,600;262404,200;-72027,540;-856440,500;262380,900;-19743,960;951787,000;216,223;75290,950;871081,600;-251647,600;-20579,200;946840,400
44,66;-1,460;2,037;4,942;0,458;-0,195;-0,732;0,324;-0,157;0,079;0,887;12,372;-251580,500;-70454,770;-852982,700;-87,280;15017,490;-965994,600;262404,200;-70763,630;-857789,300;262380,900;-18473,380;950539,400;216,223;74032,190;872429,000;-251647,600;-19308,900;945594,000
44,68;-1,460;2,037;4,942;0,458;-0,195;-0,732;0,324;-0,157;0,079;0,887;12,372;-251580,500;-69400,640;-854105,600;-87,282;13958,700;-964950,500;262404,200;-69710,760;-858911,600;262380,900;-17414,800;949498,900;216,223;72983,490;873550,300;-251647,600;-18250,540;944554,600
44,70;-1,449;2,033;4,927;0,553;-0,203;-0,717;0,251;-0,154;0,079;0,887;12,372;-251581,100;-66565,910;-857050,100;-54,487;11181,520;-962041,500;262401,500;-67013,660;-861830,100;262422,900;-14693,220;946608,600;12,340;70224,770;876626,300;-251653,600;-15511,250;941693,900
44,72;-1,449;2,033;4,927;0,553;-0,203;-0,717;0,251;-0,154;0,079;0,887;12,372;-251581,100;-54311,840;-869995,700;-54,512;-1107,394;-949812,900;262401,500;-54772,400;-874772,000;262422,900;-2400,844;934416,900;12,340;58027,010;889562,900;-251653,600;-3219,147;929511,900
44,74;-1,436;2,027;4,914;0,640;-0,290;-0,628;0,159;-0,113;0,152;0,887;12,372;-251605,500;-52983,080;-871190,600;-30,514;-2216,648;-948451,900;262401,000;-53650,310;-875926,700;262455,800;-1275,125;933044,900;-79,647;56865,140;890917,300;-251638,200;-2078,999;928148,000
44,76;-1,436;2,027;4,914;0,640;-0,290;-0,628;0,159;-0,113;0,152;0,887;12,372;-251605,500;-52101,580;-872115,300;-30,515;-3099,720;-947566,700;262401,000;-52769,550;-876851,400;262455,800;-391,506;932162,100;-79,647;55987,460;891841,800;-251638,200;-1195,149;927265,600
44,78;-1,422;2,022;4,903;0,693;-0,287;-0,535;0,023;-0,092;0,125;0,887;12,372;-251608,200;-49735,010;-874465,600;-23,228;-5347,710;-945168,900;262402,000;-50504,890;-879230,000;262453,600;1890,698;929780,600;-93,088;53788,920;894278,500;-251626,100;1033,307;924878,900
44,80;-1,422;2,022;4,903;0,693;-0,287;-0,535;0,023;-0,092;0,125;0,887;12,372;-251608,200;-38265,700;-886408,700;-23,240;-16821,870;-933575,300;262402,000;-39044,560;-891172,800;262453,600;13377,130;918212,900;-93,088;42360,860;906225,800;-251626,100;12522,160;913317,700
44,82;-1,422;2,022;4,903;0,693;-0,287;-0,535;0,023;-0,092;0,125;0,887;12,372;-251608,200;-37321,770;-887386,300;-23,241;-17765,150;-932616,900;262402,000;-38101,310;-892150,400;262453,600;14321,740;917256,100;-93,088;41420,030;907204,100;-251626,100;13467,130;912361,400
44,84;-1,422;2,022;4,903;0,693;-0,287;-0,535;0,023;-0,092;0,125;0,887;12,372;-251608,200;-36329,770;-888412,600;-23,242;-18756,710;-931608,400;262402,000;-37110,000;-893176,800;262453,600;15314,580;916249,600;-93,088;40431,050;908231,400;-251626,100;14460,550;911355,300
44,86;-1,388;2,007;4,886;0,877;-0,401;-0,425;-0,137;-0,030;0,030;0,887;12,372;-251636,500;-34997,760;-889629,000;-8,450;-19958,160;-930119,800;262413,000;-35901,850;-894561,000;262445,300;16510,660;914766,500;-66,843;39172,630;909742,700;-251629,200;15633,160;909861,500
44,88;-1,388;2,007;4,886;0,877;-0,401;-0,425;-0,137;-0,030;0,030;0,887;12,372;-251636,500;-23274,080;-901675,100;-8,453;-31660,300;-918133,700;262413,000;-24184,590;-906609,800;262445,300;28233,480;902798,300;-66,843;27480,240;921805,000;-251629,200;27361,250;897897,300
44,90;-1,388;2,007;4,886;0,877;-0,401;-0,425;-0,137;-0,030;0,030;0,887;12,372;-251636,500;-22297,000;-902673,300;-8,453;-32634,720;-917129,900;262413,000;-23208,060;-907608,200;262445,300;29209,850;901795,800;-66,843;26505,580;922804,800;-251629,200;28338,110;896895,000
44,92;-1,388;2,007;4,886;0,877;-0,401;-0,425;-0,137;-0,030;0,030;0,887;12,372;-251636,500;-21659,410;-903324,200;-8,452;-33270,280;-916474,800;262413,000;-22570,930;-908259,200;262445,300;29846,780;901141,300;-66,843;25869,400;923456,800;-251629,200;28975,300;896240,700
44,94;-1,353;1,990;4,870;0,850;-0,435;-0,491;-0,304;-0,072;0,003;0,887;12,372;-251638,500;-19398,100;-905453,800;-8,223;-35255,040;-914164,200;262420,600;-20554,810;-910587,300;262425,900;31839,890;898820,900;-15,299;23777,900;925796,000;-251655,800;31006,160;893911,700
44,96;-1,353;1,990;4,870;0,850;-0,435;-0,491;-0,304;-0,072;0,003;0,887;12,372;-251638,500;-8534,842;-916463,900;-8,215;-46073,320;-902932,100;262420,600;-9695,399;-921602,300;262425,900;42684,910;887597,300;-15,299;12933,830;936831,300;-251655,800;41858,390;882689,400
44,98;-1,353;1,990;4,870;0,850;-0,435;-0,491;-0,304;-0,072;0,003;0,887;12,372;-251638,500;-7209,234;-917799,900;-8,214;-47392,290;-901555,300;262420,600;-8370,022;-922939,100;262425,900;44007,370;886221,200;-15,299;11610,090;938170,900;-251655,800;43181,930;881313,200
45,00;-1,353;1,990;4,870;0,850;-0,435;-0,491;-0,304;-0,072;0,003;0,887;12,372;-251638,500;-6581,269;-918432,300;-8,213;-48017,030;-900902,600;262420,600;-7742,230;-923571,800;262425,900;44633,980;885568,700;-15,299;10982,920;938805,100;-251655,800;43808,880;880660,800
45,02;-1,338;1,983;4,860;0,739;-0,420;-0,577;-0,412;-0,097;0,115;0,887;12,372;-251670,100;-5281,380;-919610,900;-4,930;-48971,620;-899723,600;262425,600;-6728,367;-924748,100;262483,500;45682,380;884375,100;-5,271;9976,408;940269,900;-251662,400;44837,840;879485,100
45,04;-1,338;1,983;4,860;0,739;-0,420;-0,577;-0,412;-0,097;0,115;0,887;12,372;-251670,100;5213,172;-930113,600;-4,912;-59401,410;-888762,600;262425,600;3764,670;-935257,600;262483,500;56144,690;873414,900;-5,271;-508,711;950806,100;-251662,400;55309,200;868523,900
45,06;-1,325;1,970;4,848;0,676;-0,641;-0,654;-0,417;-0,146;-0,108;0,887;12,372;-251677,600;6157,530;-931411,600;-3,572;-60351,720;-887574,600;262434,500;4580,072;-936315,600;262483,600;57326,950;872416,200;-21,796;-1197,522;951823,400;-251668,500;56108,020;867579,600
45,08;-1,325;1,970;4,848;0,676;-0,641;-0,654;-0,417;-0,146;-0,108;0,887;12,372;-251677,600;6631,824;-931883,400;-3,571;-60822,760;-887076,800;262434,500;5054,304;-936787,700;262483,600;57799,360;871918,400;-21,796;-1671,475;952296,800;-251668,500;56580,810;867081,800
45,10;-1,313;1,953;4,836;0,637;-0,819;-0,649;-0,436;-0,146;-0,232;0,887;12,372;-251671,000;7019,735;-932867,100;-4,736;-61746,060;-886013,800;262434,700;5892,289;-937785,500;262421,300;58709,680;870972,200;-9,746;-2467,252;953220,900;-251650,000;57443,640;866127,100
45,12;-1,313;1,953;4,836;0,637;-0,819;-0,649;-0,436;-0,146;-0,232;0,887;12,372;-251671,100;17672,650;-943399,200;-4,706;-72313,480;-874781,700;262434,700;16545,840;-948326,600;262421,300;69316,010;859734,100;-9,746;-13119,070;963795,100;-251650,000;68061,390;854885,100
45,14;-1,313;1,953;4,836;0,637;-0,819;-0,649;-0,436;-0,146;-0,232;0,887;12,372;-251671,100;18585,250;-944296,600;-4,703;-73218,070;-873815,400;262434,700;17458,600;-949224,900;262421,300;70224,010;858767,200;-9,746;-14031,860;964696,600;-251650,000;68970,470;853917,800
45,16;-1,301;1,943;4,825;0,581;-0,441;-0,662;-0,386;-0,066;-0,161;0,887;12,372;-251638,800;18529,250;-944669,400;-83,822;-73679,550;-873338,900;262454,800;17787,380;-949640,900;262463,000;70250,090;858518,400;-0,404;-14269,560;965065,700;-251683,300;69262,580;853674,800
45,18;-1,292;1,941;4,814;0,462;-0,008;-0,583;-0,273;-0,005;-0,039;0,887;12,372;-251619,700;20057,590;-946294,600;-63,110;-75346,880;-871516,900;262462,200;19442,600;-951287,100;262451,100;71725,960;856895,900;10,936;-15827,480;966678,200;-251701,100;70978,300;851911,000
45,20;-1,292;1,941;4,814;0,462;-0,008;-0,583;-0,273;-0,005;-0,039;0,887;12,372;-251619,800;31356,180;-957320,300;-63,063;-86533,790;-859484,700;262462,200;30744,580;-962324,600;262450,900;82961,220;844848,800;10,936;-27135,110;977757,700;-251701,300;82227,880;839857,400
45,22;-1,292;1,941;4,814;0,462;-0,008;-0,583;-0,273;-0,005;-0,039;0,887;12,372;-251619,800;32105,940;-958047,700;-63,060;-87275,630;-858682,800;262462,200;31494,530;-963052,900;262450,900;83706,270;844045,800;10,936;-27885,650;978489,000;-251701,300;82974,090;839053,800
45,24;-1,280;1,961;4,799;0,245;0,698;-0,301;-0,100;0,067;0,041;0,887;12,372;-251638,400;31272,400;-957368,900;13,494;-86271,800;-859688,100;262437,800;30557,040;-962357,400;262448,800;82740,630;845027,600;11,701;-26982,200;977805,600;-251737,900;82089,750;840031,100
45,26;-1,280;1,961;4,799;0,245;0,698;-0,301;-0,100;0,067;0,041;0,887;12,372;-251638,400;41122,110;-966884,000;13,546;-96011,130;-849119,100;262437,800;40411,040;-971884,200;262448,800;92526,670;834440,100;11,701;-36846,120;987373,400;-251737,900;91889,910;829435,800
45,28;-1,280;1,961;4,799;0,245;0,698;-0,301;-0,100;0,067;0,041;0,887;12,372;-251638,400;41905,730;-967637,200;13,551;-96785,500;-848275,000;262437,800;41195,080;-972638,300;262448,800;93305,030;833594,300;11,701;-37631,340;988131,100;-251737,900;92669,360;828589,300
45,30;-1,280;1,961;4,799;0,245;0,698;-0,301;-0,100;0,067;0,041;0,887;12,372;-251638,400;42255,800;-967973,500;13,555;-97131,270;-847898,000;262437,800;41545,430;-972975,100;262448,800;93652,640;833216,300;11,701;-37981,970;988469,300;-251737,900;93017,400;828211,100
45,32;-1,273;1,991;4,793;0,125;0,693;-0,112;-0,101;0,087;0,060;0,887;12,372;-251650,900;42178,880;-968044,600;45,082;-96706,970;-848283,300;262417,200;41363,130;-973032,300;262431,300;93495,190;833275,100;11,411;-37874,090;988555,700;-251695,000;92827,040;828459,700
45,34;-1,273;1,991;4,793;0,125;0,693;-0,112;-0,101;0,087;0,060;0,887;12,372;-251650,900;51532,350;-976987,300;45,145;-105944,200;-838169,400;262417,100;50722,340;-981987,300;262431,100;102781,400;823137,700;11,533;-47248,100;997554,300;-251695,000;102128,000;818313,100
45,36;-1,273;1,991;4,793;0,125;0,693;-0,112;-0,101;0,087;0,060;0,887;12,372;-251650,900;52273,960;-977692,800;45,151;-106676,100;-837364,700;262417,100;51464,430;-982694,000;262431,100;103517,300;822330,900;11,533;-47991,570;998264,400;-251695,000;102865,200;817505,600
45,38;-1,273;1,991;4,793;0,125;0,693;-0,112;-0,101;0,087;0,060;0,887;12,372;-251650,900;52250,360;-977670,300;45,154;-106652,900;-837390,300;262417,100;51440,830;-982671,600;262431,100;103493,900;822356,600;11,533;-47967,930;998241,900;-251695,000;102841,700;817531,300
45,40;-1,270;2,011;4,791;0,068;0,417;-0,037;-0,058;0,065;0,003;0,887;12,372;-251655,200;52481,120;-978078,000;26,308;-106862,600;-837187,300;262418,800;51665,110;-983061,800;262418,900;103752,300;822098,700;-1,586;-48217,090;998642,600;-251643,700;103075,500;817282,400
45,42;-1,270;2,011;4,791;0,068;0,417;-0,037;-0,058;0,065;0,003;0,887;12,372;-251655,200;61995,070;-987081,900;26,389;-116247,900;-826822,100;262418,700;61186,380;-992079,400;262418,900;113191,900;811703,900;-1,464;-57758,530;1007709,000;-251643,800;112531,800;806876,400
45,44;-1,270;2,011;4,791;0,068;0,417;-0,037;-0,058;0,065;0,003;0,887;12,372;-251655,200;62733,380;-987777,200;26,397;-116975,900;-826014,800;262418,700;61925,400;-992775,900;262418,900;113924,400;810894,000;-1,464;-58499,300;1008409,000;-251643,800;113265,400;806065,600
45,46;-1,269;2,018;4,791;0,067;0,368;0,001;0,005;0,043;-0,010;0,887;12,372;-251647,900;61012,170;-986259,800;44,069;-115324,700;-827843,100;262416,000;60243,580;-991273,300;262414,500;112130,600;812789,800;-8,345;-56777,380;1006887,000;-251643,900;111584,700;807917,200
45,48;-1,269;2,018;4,791;0,067;0,368;0,001;0,005;0,043;-0,010;0,887;12,372;-251648,000;69648,100;-994367,500;44,158;-123837,500;-818379,100;262416,000;68887,380;-999394,700;262414,500;120695,900;803294,800;-8,223;-65443,130;1015055,000;-251643,900;120166,200;798410,500
45,50;-1,268;2,025;4,792;0,037;0,392;0,085;0,043;0,016;-0,005;0,887;12,372;-251651,300;70134,130;-994953,500;55,557;-124356,500;-817781,400;262408,800;69402,960;-999992,200;262416,900;121212,300;802762,400;-8,239;-65929,550;1015649,000;-251652,700;120673,600;797843,200
45,52;-1,268;2,031;4,795;-0,005;0,317;0,134;0,026;-0,001;0,008;0,887;12,372;-251658,600;67662,060;-992701,000;38,045;-121880,600;-820538,700;262408,800;66893,020;-997719,300;262421,000;118818,400;805481,300;-3,117;-63434,370;1013376,000;-251647,500;118181,800;800617,800
45,54;-1,269;2,034;4,800;-0,044;-0,026;0,134;0,015;-0,008;-0,011;0,887;12,372;-251656,600;74951,560;-999442,400;0,167;-129010,800;-812608,600;262423,400;74139,170;-1004455,000;262411,200;126144,300;797459,900;0,741;-70745,050;1020166,000;-251636,800;125342,700;792579,200
45,56;-1,269;2,034;4,800;-0,044;-0,026;0,134;0,015;-0,008;-0,011;0,887;12,372;-251656,700;82299,160;-1006250,000;0,274;-136246,200;-804478,900;262423,300;81495,200;-1011276,000;262411,100;133428,900;789297,500;0,864;-78124,840;1027031,000;-251636,900;132642,600;784404,800
45,58;-1,269;2,034;4,800;-0,044;-0,026;0,134;0,015;-0,008;-0,011;0,887;12,372;-251656,800;82962,930;-1006863,000;0,287;-136899,800;-803742,100;262423,300;82159,960;-1011890,000;262411,100;134087,300;788557,600;0,864;-78791,810;1027649,000;-251636,900;133302,200;783663,600
45,60;-1,270;2,039;4,802;-0,024;0,286;0,117;0,016;0,010;-0,066;0,887;12,372;-251640,300;80337,820;-1004555,000;-2,517;-134425,500;-806546,700;262429,400;79588,780;-1009609,000;262395,900;131225,300;791431,400;6,763;-76189,320;1025335,000;-251616,800;130709,400;786562,800
45,62;-1,271;2,044;4,804;-0,030;0,299;0,078;0,006;-0,017;0,005;0,887;12,372;-251649,000;86717,070;-1010514,000;-12,808;-140685,000;-799484,500;262422,000;85973,340;-1015564,000;262411,200;137707,200;784312,100;-1,469;-82572,010;1031340,000;-251619,600;137029,100;779461,900
45,64;-1,271;2,044;4,804;-0,030;0,299;0,078;0,006;-0,017;0,005;0,887;12,372;-251649,000;87349,900;-1011095,000;-12,790;-141308,000;-798779,900;262422,000;86606,880;-1016147,000;262411,200;138334,700;783604,300;-1,469;-83207,840;1031927,000;-251619,600;137657,800;778753,100
45,66;-1,271;2,051;4,805;-0,025;0,363;0,046;0,005;-0,006;0,005;0,887;12,372;-251643,700;84793,520;-1008816,000;-14,471;-138761,900;-801652,600;262424,800;84038,990;-1013855,000;262409,100;135710,700;786462,900;-0,543;-80627,580;1029625,000;-251620,500;135108,200;781627,600
45,68;-1,271;2,051;4,805;-0,025;0,363;0,046;0,005;-0,006;0,005;0,887;12,372;-251643,800;90926,410;-1014446,000;-14,346;-144797,600;-794820,100;262424,700;90179,730;-1019495,000;262409,000;141790,300;779599,300;-0,420;-86791,510;1035305,000;-251620,500;141201,500;774752,700
45,70;-1,271;2,058;4,805;-0,025;0,357;0,014;0,000;-0,007;0,013;0,887;12,372;-251644,800;91119,540;-1014700,000;-12,452;-144972,300;-794617,200;262425,800;90365,640;-1019750,000;262411,800;141990,300;779379,200;-1,138;-86988,700;1035562,000;-251625,000;141391,700;774535,100
45,72;-1,272;2,063;4,805;-0,028;0,240;-0,011;-0,016;-0,004;0,015;0,887;12,372;-251648,900;88268,620;-1012125,000;-14,246;-142134,300;-797831,300;262426,800;87484,980;-1017160,000;262413,100;139253,800;782596,300;-0,263;-84118,640;1032960,000;-251632,300;138556,100;777729,400
45,74;-1,272;2,063;4,805;-0,028;0,240;-0,011;-0,016;-0,004;0,015;0,887;12,372;-251649,000;93568,780;-1016975,000;-14,118;-147349,900;-791912,700;262426,700;92792,320;-1022020,000;262413,000;144508,100;776649,700;-0,263;-89447,000;1037854,000;-251632,300;143822,400;771772,700
45,76;-1,272;2,063;4,805;-0,028;0,240;-0,011;-0,016;-0,004;0,015;0,887;12,372;-251649,000;93875,530;-1017255,000;-14,106;-147651,700;-791569,500;262426,700;93099,510;-1022300,000;262412,900;144812,200;776304,800;-0,263;-89755,250;1038136,000;-251632,400;144127,000;771427,300
45,78;-1,272;2,063;4,805;-0,028;0,240;-0,011;-0,016;-0,004;0,015;0,887;12,372;-251649,000;93413,200;-1016833,000;-14,100;-147196,700;-792086,800;262426,700;92636,630;-1021878,000;262412,900;144353,800;776824,600;-0,263;-89290,480;1037711,000;-251632,400;143667,700;771947,900
45,80;-1,273;2,067;4,804;-0,021;0,083;-0,038;-0,024;0,001;-0,007;0,887;12,372;-251652,900;91146,500;-1014788,000;-11,953;-144972,700;-794621,000;262425,600;90366,020;-1019835,000;262406,300;142204,000;779396,000;3,215;-87022,290;1035648,000;-251622,500;141414,500;774492,600
45,82;-1,273;2,067;4,804;-0,021;0,083;-0,038;-0,024;0,001;-0,007;0,887;12,372;-251653,000;95437,160;-1018705,000;-11,824;-149194,400;-789821,400;262425,400;94662,640;-1023760,000;262406,200;146457,600;774573,000;3,337;-91336,240;1039600,000;-251622,700;145678,000;769661,200
45,84;-1,273;2,067;4,804;-0,021;0,083;-0,038;-0,024;0,001;-0,007;0,887;12,372;-251653,000;95522,190;-1018782,000;-11,808;-149278,000;-789726,100;262425,400;94747,850;-1023837,000;262406,200;146542,000;774477,100;3,337;-91421,730;1039679,000;-251622,700;145762,500;769565,100
45,86;-1,273;2,069;4,802;-0,006;0,050;-0,050;-0,019;0,004;-0,011;0,887;12,372;-251652,100;91834,500;-1015435,000;-8,865;-145680,300;-793826,100;262422,300;91075,290;-1020490,000;262399,100;142904,900;778638,600;5,537;-87714,310;1036303,000;-251618,100;142105,700;773700,800
45,88;-1,273;2,069;4,802;-0,006;0,050;-0,050;-0,019;0,004;-0,011;0,887;12,372;-251652,200;96202,950;-1019420,000;-8,700;-149978,300;-788936,900;262422,200;95449,660;-1024483,000;262398,900;147235,400;773725,500;5,659;-92106,810;1040325,000;-251618,200;146446,500;768778,800
45,90;-1,273;2,070;4,802;0,000;0,046;-0,046;-0,014;0,002;-0,009;0,887;12,372;-251653,100;92967,010;-1016476,000;-5,336;-146800,900;-792555,700;262420,100;92213,630;-1021534,000;262395,300;144037,000;777374,800;6,079;-88851,340;1037354,000;-251618,200;143233,100;772419,900
45,92;-1,273;2,069;4,801;-0,008;-0,042;-0,038;-0,018;-0,006;-0,001;0,887;12,372;-251659,400;96299,210;-1019490,000;-6,754;-150066,700;-788840,400;262418,000;95539,660;-1024548,000;262398,800;147441,000;773641,700;4,871;-92198,540;1040394,000;-251620,500;146540,100;768671,100
45,94;-1,273;2,069;4,801;-0,008;-0,042;-0,038;-0,018;-0,006;-0,001;0,887;12,372;-251659,500;95883,220;-1019111,000;-6,737;-149657,600;-789306,500;262418,000;95123,130;-1024169,000;262398,800;147028,700;774110,300;4,871;-91780,120;1040012,000;-251620,500;146126,800;769140,400
45,96;-1,274;2,069;4,800;-0,001;0,007;-0,030;-0,012;-0,002;-0,013;0,887;12,372;-251654,900;92703,840;-1016212,000;-4,006;-146552,800;-792843,100;262419,000;91950,760;-1021272,000;262392,000;143797,700;777682,900;6,874;-88592,860;1037087,000;-251617,600;142975,500;772711,800
45,98;-1,274;2,069;4,800;-0,001;0,007;-0,030;-0,012;-0,002;-0,013;0,887;12,372;-251655,100;95177,590;-1018469,000;-3,856;-148986,700;-790074,700;262418,800;94427,870;-1023533,000;262391,800;146250,000;774901,000;6,996;-91080,050;1039365,000;-251617,700;145433,500;769924,800
46,00;-1,273;2,069;4,800;0,002;0,020;-0,019;-0,006;-0,001;-0,004;0,887;12,372;-251653,400;95253,800;-1018545,000;-3,498;-149068,900;-789982,400;262419,300;94510,440;-1023611,000;262394,800;146344,500;774814,100;7,593;-91156,450;1039441,000;-251621,000;145511,000;769834,100
46,02;-1,273;2,069;4,800;0,003;0,026;-0,008;-0,003;-0,004;0,000;0,887;12,372;-251654,500;91178,290;-1014826,000;-3,945;-145052,800;-794546,600;262419,000;90426,650;-1019882,000;262395,200;142310,900;779397,900;7,387;-87055,770;1035688,000;-251620,900;141458,900;774427,100
46,04;-1,273;2,069;4,800;0,003;0,026;-0,008;-0,003;-0,004;0,000;0,887;12,372;-251654,700;93305,990;-1016770,000;-3,780;-147146,200;-792168,300;262418,800;92557,130;-1021830,000;262395,100;144420,200;777008,200;7,631;-89194,600;1037650,000;-251621,100;143573,000;772033,100
46,06;-1,273;2,069;4,800;0,003;0,026;-0,008;-0,003;-0,004;0,000;0,887;12,372;-251654,700;93133,620;-1016612,000;-3,759;-146976,600;-792361,200;262418,800;92384,460;-1021672,000;262395,100;144249,200;777202,100;7,631;-89021,340;1037491,000;-251621,100;143401,600;772227,400
46,08;-1,274;2,067;4,800;-0,005;-0,035;0,006;-0,001;-0,005;-0,004;0,887;12,372;-251657,400;89315,270;-1013086,000;-9,026;-143210,200;-796637,900;262420,600;88549,230;-1018137,000;262399,200;140522,200;781497,300;6,728;-85185,050;1033933,000;-251620,500;139601,400;776528,500
46,10;-1,274;2,067;4,800;-0,005;-0,035;0,006;-0,001;-0,005;-0,004;0,887;12,372;-251657,500;90818,530;-1014463,000;-8,868;-144689,600;-794960,300;262420,400;90054,570;-1019517,000;262398,900;142012,600;779811,800;6,728;-86696,450;1035323,000;-251620,700;141095,100;774840,100
46,12;-1,274;2,067;4,800;-0,005;-0,035;0,006;-0,001;-0,005;-0,004;0,887;12,372;-251657,500;90734,750;-1014386,000;-8,850;-144607,000;-795053,900;262420,400;89970,690;-1019440,000;262398,900;141929,500;779905,800;6,850;-86612,150;1035245,000;-251620,700;141011,700;774934,300
46,14;-1,274;2,067;4,800;-0,005;-0,035;0,006;-0,001;-0,005;-0,004;0,887;12,372;-251657,500;89987,140;-1013702,000;-8,838;-143871,400;-795888,400;262420,400;89222,200;-1018754,000;262398,900;141188,300;780744,300;6,850;-85860,520;1034554,000;-251620,700;140268,900;775774,100
46,16;-1,274;2,063;4,800;-0,013;-0,084;0,008;-0,004;0,001;-0,010;0,887;12,372;-251656,000;86212,950;-1010181,000;-14,166;-140164,600;-800094,200;262423,200;85442,010;-1015226,000;262400,600;137478,800;784974,500;8,491;-82071,190;1031003,000;-251615,800;136515,900;780009,800
46,18;-1,274;2,063;4,800;-0,013;-0,084;0,008;-0,004;0,001;-0,010;0,887;12,372;-251656,100;87194,020;-1011082,000;-14,006;-141130,000;-799002,200;262423,100;86424,280;-1016130,000;262400,500;138451,300;783877,600;8,735;-83057,040;1031912,000;-251616,000;137490,500;778910,900
46,20;-1,274;2,063;4,800;-0,013;-0,084;0,008;-0,004;0,001;-0,010;0,887;12,372;-251656,100;87056,690;-1010956,000;-13,988;-140995,100;-799154,900;262423,100;86286,770;-1016003,000;262400,300;138315,300;784031,100;8,735;-82918,980;1031785,000;-251616,000;137354,200;779064,600
46,22;-1,274;2,063;4,800;-0,013;-0,084;0,008;-0,004;0,001;-0,010;0,887;12,372;-251656,100;86298,730;-1010259,000;-13,977;-140248,800;-799998,900;262423,100;85527,860;-1015305,000;262400,300;137563,800;784878,800;8,735;-82157,290;1031082,000;-251616,000;136601,000;779913,700
46,24;-1,274;2,060;4,801;-0,018;-0,129;0,007;-0,008;-0,002;-0,002;0,887;12,372;-251659,300;82526,270;-1006746,000;-17,098;-136531,300;-804199,800;262422,100;81747,970;-1011782,000;262400,700;133885,500;789096,300;8,611;-78363,240;1027538,000;-251613,300;132850,200;784134,800
46,26;-1,275;2,056;4,801;-0,024;-0,189;0,001;-0,012;-0,003;-0,004;0,887;12,372;-251661,900;83102,520;-1007219,000;-20,407;-137092,100;-803572,400;262421,800;82318,400;-1012251,000;262398,800;134502,400;788464,700;8,597;-78940,800;1028014,000;-251609,400;133418,700;783497,700
46,28;-1,275;2,056;4,801;-0,024;-0,189;0,001;-0,012;-0,003;-0,004;0,887;12,372;-251661,900;82772,830;-1006915,000;-20,391;-136767,700;-803938,300;262421,800;81988,280;-1011947,000;262398,800;134175,500;788832,200;8,597;-78609,510;1027707,000;-251609,400;133091,200;783865,800
46,30;-1,275;2,056;4,801;-0,024;-0,189;0,001;-0,012;-0,003;-0,004;0,887;12,372;-251661,900;82201,770;-1006388,000;-20,375;-136205,300;-804572,100;262421,800;81416,500;-1011418,000;262398,800;133609,400;789468,600;8,597;-78035,790;1027176,000;-251609,400;132523,700;784503,300
46,32;-1,275;2,053;4,801;-0,017;-0,152;-0,005;-0,008;0,000;-0,013;0,887;12,372;-251658,700;78110,650;-1002566,000;-20,314;-132199,900;-809085,800;262422,100;77333,050;-1007596,000;262391,800;129498,800;794012,900;9,407;-73934,470;1023324,000;-251604,300;128465,200;789050,700
46,34;-1,275;2,053;4,801;-0,017;-0,152;-0,005;-0,008;0,000;-0,013;0,887;12,372;-251658,800;78250,370;-1002695,000;-20,152;-132337,400;-808931,300;262422,000;77472,850;-1007726,000;262391,600;129637,300;793857,900;9,651;-74074,810;1023455,000;-251604,500;128603,900;788895,300
46,36;-1,275;2,049;4,800;-0,015;-0,167;-0,011;-0,009;-0,002;-0,003;0,887;12,372;-251660,100;77914,730;-1002340,000;-19,216;-132006,200;-809307,100;262420,400;77137,730;-1007369,000;262391,400;129343,900;794233,200;9,627;-73733,660;1023096,000;-251603,900;128269,800;789268,400
46,38;-1,275;2,049;4,800;-0,015;-0,167;-0,011;-0,009;-0,002;-0,003;0,887;12,372;-251660,100;77264,970;-1001738,000;-19,200;-131366,100;-810025,600;262420,400;76487,140;-1006765,000;262391,400;128699,600;794954,600;9,627;-73081,130;1022489,000;-251603,900;127624,300;789990,800
